{"mean":{"confidence_interval":{"confidence_level":0.95,"lower_bound":421660907.101,"upper_bound":426891867.101},"point_estimate":424212847.84,"standard_error":1337125.852061368},"median":{"confidence_interval":{"confidence_level":0.95,"lower_bound":420334847.5,"upper_bound":424667314.0},"point_estimate":422448174.5,"standard_error":1290465.938021942},"median_abs_dev":{"confidence_interval":{"confidence_level":0.95,"lower_bound":8787211.405795813,"upper_bound":16630065.191057324},"point_estimate":11955046.445855498,"standard_error":1963541.6063201642},"slope":null,"std_dev":{"confidence_interval":{"confidence_level":0.95,"lower_bound":10946301.835328506,"upper_bound":16231219.81535169},"point_estimate":13464256.097381933,"standard_error":1376837.3813969323}}