{"mean":{"confidence_interval":{"confidence_level":0.95,"lower_bound":180076.6285321995,"upper_bound":180270.01863650087},"point_estimate":180168.69546662018,"standard_error":49.48030081098729},"median":{"confidence_interval":{"confidence_level":0.95,"lower_bound":179940.31818181818,"upper_bound":180019.96212121213},"point_estimate":179969.82457446808,"standard_error":20.544776574551783},"median_abs_dev":{"confidence_interval":{"confidence_level":0.95,"lower_bound":139.10259088556373,"upper_bound":267.8744707128033},"point_estimate":187.70023011404842,"standard_error":33.09755082240366},"slope":{"confidence_interval":{"confidence_level":0.95,"lower_bound":180074.26420312506,"upper_bound":180262.67034024614},"point_estimate":180162.64147668498,"standard_error":48.21204028070007},"std_dev":{"confidence_interval":{"confidence_level":0.95,"lower_bound":364.558094103364,"upper_bound":613.3779821731961},"point_estimate":496.54872357676857,"standard_error":63.91920021019304}}