{"mean":{"confidence_interval":{"confidence_level":0.95,"lower_bound":36590.62414592451,"upper_bound":36636.494334214425},"point_estimate":36612.564948780586,"standard_error":11.723760184509162},"median":{"confidence_interval":{"confidence_level":0.95,"lower_bound":36555.131414619005,"upper_bound":36591.724867724864},"point_estimate":36573.454374785084,"standard_error":10.033551514726337},"median_abs_dev":{"confidence_interval":{"confidence_level":0.95,"lower_bound":46.388290871928646,"upper_bound":92.69839358888837},"point_estimate":69.42305232386131,"standard_error":12.75153296321264},"slope":{"confidence_interval":{"confidence_level":0.95,"lower_bound":36578.39860273915,"upper_bound":36634.35097916122},"point_estimate":36605.335895440294,"standard_error":14.299517430450338},"std_dev":{"confidence_interval":{"confidence_level":0.95,"lower_bound":89.01405965619259,"upper_bound":143.92563999194232},"point_estimate":117.94129542974764,"standard_error":14.03173064274088}}