{"mean":{"confidence_interval":{"confidence_level":0.95,"lower_bound":63499.49736030446,"upper_bound":63568.57709543912},"point_estimate":63533.552331230305,"standard_error":17.578370900974384},"median":{"confidence_interval":{"confidence_level":0.95,"lower_bound":63520.75681751179,"upper_bound":63572.89389534884},"point_estimate":63551.315086206894,"standard_error":15.057247039081737},"median_abs_dev":{"confidence_interval":{"confidence_level":0.95,"lower_bound":102.30655846778622,"upper_bound":256.6908368441492},"point_estimate":207.5118470325178,"standard_error":40.35090284159781},"slope":{"confidence_interval":{"confidence_level":0.95,"lower_bound":63401.740088856364,"upper_bound":63483.51140533831},"point_estimate":63438.33518148737,"standard_error":20.901063070747966},"std_dev":{"confidence_interval":{"confidence_level":0.95,"lower_bound":150.66310622692657,"upper_bound":200.74124503431767},"point_estimate":176.75566398150676,"standard_error":12.803099665832386}}