{"mean":{"confidence_interval":{"confidence_level":0.95,"lower_bound":106900.00574431452,"upper_bound":107373.16775950535},"point_estimate":107130.57465115789,"standard_error":120.94815152411859},"median":{"confidence_interval":{"confidence_level":0.95,"lower_bound":106667.2,"upper_bound":107112.5005055147},"point_estimate":106854.32352352352,"standard_error":115.39951933217543},"median_abs_dev":{"confidence_interval":{"confidence_level":0.95,"lower_bound":798.2119299154173,"upper_bound":1360.1997294657444},"point_estimate":1014.9641317067501,"standard_error":142.16534946637418},"slope":{"confidence_interval":{"confidence_level":0.95,"lower_bound":107147.34726667182,"upper_bound":107664.59922996981},"point_estimate":107403.92068981823,"standard_error":131.97642257533948},"std_dev":{"confidence_interval":{"confidence_level":0.95,"lower_bound":1012.234974524656,"upper_bound":1387.061732089674},"point_estimate":1215.3200409978037,"standard_error":95.91600924994823}}