{"mean":{"confidence_interval":{"confidence_level":0.95,"lower_bound":88935.24262223075,"upper_bound":89271.07449430705},"point_estimate":89077.5436476606,"standard_error":87.37640245431392},"median":{"confidence_interval":{"confidence_level":0.95,"lower_bound":88860.12511994573,"upper_bound":88946.03930610453},"point_estimate":88895.84603036405,"standard_error":23.23730736917047},"median_abs_dev":{"confidence_interval":{"confidence_level":0.95,"lower_bound":115.47995300097055,"upper_bound":190.06617312215653},"point_estimate":144.1672900015394,"standard_error":18.818637457161966},"slope":{"confidence_interval":{"confidence_level":0.95,"lower_bound":88867.32096983328,"upper_bound":88971.79464029118},"point_estimate":88917.04898362256,"standard_error":26.70086592813718},"std_dev":{"confidence_interval":{"confidence_level":0.95,"lower_bound":228.0939509572827,"upper_bound":1357.152539910249},"point_estimate":874.9820559773773,"standard_error":298.5928917098567}}