{"mean":{"confidence_interval":{"confidence_level":0.95,"lower_bound":4715.194162306847,"upper_bound":4722.610660615224},"point_estimate":4718.619166194711,"standard_error":1.8944109112559104},"median":{"confidence_interval":{"confidence_level":0.95,"lower_bound":4712.312747426761,"upper_bound":4717.31960378026},"point_estimate":4713.918563562986,"standard_error":1.1461199684858645},"median_abs_dev":{"confidence_interval":{"confidence_level":0.95,"lower_bound":8.0657563888709,"upper_bound":13.848078103941676},"point_estimate":10.248052606376769,"standard_error":1.4142153543996452},"slope":{"confidence_interval":{"confidence_level":0.95,"lower_bound":4712.881279303028,"upper_bound":4720.874709446734},"point_estimate":4716.676618934911,"standard_error":2.039830275467355},"std_dev":{"confidence_interval":{"confidence_level":0.95,"lower_bound":11.936805499591056,"upper_bound":26.867398850559493},"point_estimate":19.01921345971582,"standard_error":4.298916649494487}}