{"mean":{"confidence_interval":{"confidence_level":0.95,"lower_bound":11572539.555472223,"upper_bound":11621715.87133333},"point_estimate":11596594.253333338,"standard_error":12544.858997649078},"median":{"confidence_interval":{"confidence_level":0.95,"lower_bound":11545317.944444444,"upper_bound":11611602.833333332},"point_estimate":11582132.055555556,"standard_error":15172.901162370203},"median_abs_dev":{"confidence_interval":{"confidence_level":0.95,"lower_bound":90489.42686348973,"upper_bound":142561.8714690199},"point_estimate":116623.53782951694,"standard_error":13810.71864173259},"slope":null,"std_dev":{"confidence_interval":{"confidence_level":0.95,"lower_bound":103505.66961123886,"upper_bound":147659.37283516247},"point_estimate":126042.21491686041,"standard_error":11331.911366529555}}