{"mean":{"confidence_interval":{"confidence_level":0.95,"lower_bound":7649674.3676833315,"upper_bound":7882415.526549998},"point_estimate":7768993.133999996,"standard_error":59383.383055328224},"median":{"confidence_interval":{"confidence_level":0.95,"lower_bound":8077483.6,"upper_bound":8130144.733333333},"point_estimate":8114206.566666666,"standard_error":16738.876079093636},"median_abs_dev":{"confidence_interval":{"confidence_level":0.95,"lower_bound":86056.4282321929,"upper_bound":222353.22757244136},"point_estimate":139040.40001153963,"standard_error":36105.790322823625},"slope":null,"std_dev":{"confidence_interval":{"confidence_level":0.95,"lower_bound":522096.04957430076,"upper_bound":644593.1527772964},"point_estimate":595635.466047892,"standard_error":31452.179321067964}}