{"mean":{"confidence_interval":{"confidence_level":0.95,"lower_bound":45628228.126,"upper_bound":46006743.39349999},"point_estimate":45796343.49666668,"standard_error":97031.10535701395},"median":{"confidence_interval":{"confidence_level":0.95,"lower_bound":45431849.0,"upper_bound":45577296.83333333},"point_estimate":45493746.83333333,"standard_error":42772.35771433067},"median_abs_dev":{"confidence_interval":{"confidence_level":0.95,"lower_bound":171635.4098528513,"upper_bound":330765.94142271986},"point_estimate":243122.42698371227,"standard_error":44081.246671371926},"slope":null,"std_dev":{"confidence_interval":{"confidence_level":0.95,"lower_bound":520933.7859374763,"upper_bound":1410627.208171578},"point_estimate":973410.6400324354,"standard_error":243534.7044496188}}