{"mean":{"confidence_interval":{"confidence_level":0.95,"lower_bound":47873019.85758334,"upper_bound":48092129.3885},"point_estimate":47969734.69333334,"standard_error":56165.52560469605},"median":{"confidence_interval":{"confidence_level":0.95,"lower_bound":47798718.666666664,"upper_bound":47985919.0},"point_estimate":47915597.33333333,"standard_error":47153.16472848291},"median_abs_dev":{"confidence_interval":{"confidence_level":0.95,"lower_bound":278580.53505420685,"upper_bound":448635.7404351198},"point_estimate":361990.3740733825,"standard_error":43013.242099838},"slope":null,"std_dev":{"confidence_interval":{"confidence_level":0.95,"lower_bound":308623.86344614066,"upper_bound":847143.9092983472},"point_estimate":565412.1500707484,"standard_error":166474.54435531324}}