{"mean":{"confidence_interval":{"confidence_level":0.95,"lower_bound":45759882.741250016,"upper_bound":46026151.287166685},"point_estimate":45885999.87666667,"standard_error":68281.72137192666},"median":{"confidence_interval":{"confidence_level":0.95,"lower_bound":45545462.166666664,"upper_bound":45654003.666666664},"point_estimate":45599642.0,"standard_error":25055.67039196647},"median_abs_dev":{"confidence_interval":{"confidence_level":0.95,"lower_bound":107272.53269553,"upper_bound":227304.93233703758},"point_estimate":158302.14118957336,"standard_error":30504.360816170607},"slope":null,"std_dev":{"confidence_interval":{"confidence_level":0.95,"lower_bound":502580.3205353988,"upper_bound":855268.6156399249},"point_estimate":687354.3909760705,"standard_error":90389.52096750842}}