{"mean":{"confidence_interval":{"confidence_level":0.95,"lower_bound":798581.4802976726,"upper_bound":923818.7505437429},"point_estimate":849647.0907301621,"standard_error":33315.93257231347},"median":{"confidence_interval":{"confidence_level":0.95,"lower_bound":798736.8875,"upper_bound":816766.6091503268},"point_estimate":814324.0151092017,"standard_error":4598.324098195076},"median_abs_dev":{"confidence_interval":{"confidence_level":0.95,"lower_bound":10268.054613282895,"upper_bound":64903.38740215443},"point_estimate":42379.96753129319,"standard_error":14909.439163025532},"slope":{"confidence_interval":{"confidence_level":0.95,"lower_bound":818475.3665648951,"upper_bound":968500.9326720153},"point_estimate":870749.0186976012,"standard_error":41841.480460030856},"std_dev":{"confidence_interval":{"confidence_level":0.95,"lower_bound":37175.895516286146,"upper_bound":527569.3482875386},"point_estimate":335503.64122047956,"standard_error":133218.04555654922}}