{"mean":{"confidence_interval":{"confidence_level":0.95,"lower_bound":58840451.14425,"upper_bound":58919623.223125},"point_estimate":58879085.525,"standard_error":20252.327359284714},"median":{"confidence_interval":{"confidence_level":0.95,"lower_bound":58766084.0,"upper_bound":58889915.0},"point_estimate":58832113.0,"standard_error":32311.386006970606},"median_abs_dev":{"confidence_interval":{"confidence_level":0.95,"lower_bound":139128.66412997246,"upper_bound":264498.0592042208},"point_estimate":207002.46157497168,"standard_error":34252.81533666527},"slope":null,"std_dev":{"confidence_interval":{"confidence_level":0.95,"lower_bound":171262.1375712352,"upper_bound":236978.8426750593},"point_estimate":204306.8031465213,"standard_error":16921.559405769047}}