{"mean":{"confidence_interval":{"confidence_level":0.95,"lower_bound":674694.6234587493,"upper_bound":675889.4475656255},"point_estimate":675247.242897881,"standard_error":305.57553792306163},"median":{"confidence_interval":{"confidence_level":0.95,"lower_bound":674004.0952380953,"upper_bound":675380.6722222222},"point_estimate":674791.9091403389,"standard_error":353.2495146017312},"median_abs_dev":{"confidence_interval":{"confidence_level":0.95,"lower_bound":1808.4047926800336,"upper_bound":2819.2257592422816},"point_estimate":2435.911815675637,"standard_error":266.2737895955913},"slope":{"confidence_interval":{"confidence_level":0.95,"lower_bound":674483.5970185118,"upper_bound":675415.7528670775},"point_estimate":674939.4879562584,"standard_error":238.2899390002408},"std_dev":{"confidence_interval":{"confidence_level":0.95,"lower_bound":1943.859113556436,"upper_bound":4282.715857894293},"point_estimate":3075.81352284694,"standard_error":641.903592222905}}