{"mean":{"confidence_interval":{"confidence_level":0.95,"lower_bound":123568.51682516433,"upper_bound":123909.90211799195},"point_estimate":123708.46043946303,"standard_error":89.52410858887029},"median":{"confidence_interval":{"confidence_level":0.95,"lower_bound":123477.7299903568,"upper_bound":123585.72268907563},"point_estimate":123532.34060721063,"standard_error":23.354298084882164},"median_abs_dev":{"confidence_interval":{"confidence_level":0.95,"lower_bound":140.19239626540647,"upper_bound":248.1648029968585},"point_estimate":181.21817055724387,"standard_error":25.782394060427585},"slope":{"confidence_interval":{"confidence_level":0.95,"lower_bound":123492.57292397381,"upper_bound":123764.31216437316},"point_estimate":123593.8962840428,"standard_error":72.66222591036346},"std_dev":{"confidence_interval":{"confidence_level":0.95,"lower_bound":239.59786797194417,"upper_bound":1446.644747962529},"point_estimate":899.493667928,"standard_error":348.1859754063282}}