{"mean":{"confidence_interval":{"confidence_level":0.95,"lower_bound":206282.61252512177,"upper_bound":206979.3746089757},"point_estimate":206543.67253301144,"standard_error":192.45611499082938},"median":{"confidence_interval":{"confidence_level":0.95,"lower_bound":206153.84545454546,"upper_bound":206227.07429971988},"point_estimate":206183.97042419482,"standard_error":15.755232116150335},"median_abs_dev":{"confidence_interval":{"confidence_level":0.95,"lower_bound":107.78223821151902,"upper_bound":246.53234121458695},"point_estimate":144.0488030287771,"standard_error":37.66935935596203},"slope":{"confidence_interval":{"confidence_level":0.95,"lower_bound":206256.34848009906,"upper_bound":206605.0325181506},"point_estimate":206405.4885848973,"standard_error":90.51805358168535},"std_dev":{"confidence_interval":{"confidence_level":0.95,"lower_bound":361.68588476789085,"upper_bound":3245.466224998936},"point_estimate":1934.823167042779,"standard_error":966.9946782561207}}