{"mean":{"confidence_interval":{"confidence_level":0.95,"lower_bound":14213156.60475,"upper_bound":14235349.953625},"point_estimate":14224042.00875,"standard_error":5656.16462955348},"median":{"confidence_interval":{"confidence_level":0.95,"lower_bound":14202017.375,"upper_bound":14222681.1875},"point_estimate":14212096.8125,"standard_error":6058.983054777379},"median_abs_dev":{"confidence_interval":{"confidence_level":0.95,"lower_bound":33716.91795140505,"upper_bound":76005.33012438565},"point_estimate":53687.446934357285,"standard_error":11722.186264031174},"slope":null,"std_dev":{"confidence_interval":{"confidence_level":0.95,"lower_bound":49423.93091708925,"upper_bound":63109.717030985455},"point_estimate":56828.34779732018,"standard_error":3483.958461768396}}