{"mean":{"confidence_interval":{"confidence_level":0.95,"lower_bound":150815.19860153165,"upper_bound":151065.83368994118},"point_estimate":150938.1980504113,"standard_error":63.738616456278244},"median":{"confidence_interval":{"confidence_level":0.95,"lower_bound":150717.75824175825,"upper_bound":150993.21126443002},"point_estimate":150875.0876015289,"standard_error":60.34760761740098},"median_abs_dev":{"confidence_interval":{"confidence_level":0.95,"lower_bound":407.50969865213796,"upper_bound":682.5232830490853},"point_estimate":567.9969673885624,"standard_error":72.88822211931526},"slope":{"confidence_interval":{"confidence_level":0.95,"lower_bound":150988.20235837396,"upper_bound":151311.00981736643},"point_estimate":151152.35028647428,"standard_error":82.24313702852795},"std_dev":{"confidence_interval":{"confidence_level":0.95,"lower_bound":511.7486872041384,"upper_bound":776.3424494584452},"point_estimate":641.0956349748238,"standard_error":68.6583860882821}}