{"mean":{"confidence_interval":{"confidence_level":0.95,"lower_bound":13783010.215,"upper_bound":13805290.07028125},"point_estimate":13793572.25375,"standard_error":5691.533610492879},"median":{"confidence_interval":{"confidence_level":0.95,"lower_bound":13765963.125,"upper_bound":13788200.375},"point_estimate":13775519.375,"standard_error":6195.263066220022},"median_abs_dev":{"confidence_interval":{"confidence_level":0.95,"lower_bound":26216.074034571648,"upper_bound":50210.47200858593},"point_estimate":38773.41782413423,"standard_error":6198.537974869037},"slope":null,"std_dev":{"confidence_interval":{"confidence_level":0.95,"lower_bound":41215.61120501561,"upper_bound":75002.32050176791},"point_estimate":57286.96944565308,"standard_error":9111.3290636736}}