{"mean":{"confidence_interval":{"confidence_level":0.95,"lower_bound":107541302.96775,"upper_bound":109091364.57675},"point_estimate":108321867.6,"standard_error":394829.54318813677},"median":{"confidence_interval":{"confidence_level":0.95,"lower_bound":107325685.5,"upper_bound":111272838.0},"point_estimate":109623770.5,"standard_error":1078088.8193205101},"median_abs_dev":{"confidence_interval":{"confidence_level":0.95,"lower_bound":2321723.3893811703,"upper_bound":6058080.663147569},"point_estimate":4145291.705006361,"standard_error":1126611.8003353043},"slope":null,"std_dev":{"confidence_interval":{"confidence_level":0.95,"lower_bound":3676011.925907905,"upper_bound":4180429.1593486294},"point_estimate":3965151.651602261,"standard_error":128329.94842794424}}