{"mean":{"confidence_interval":{"confidence_level":0.95,"lower_bound":90815173.817625,"upper_bound":91214903.95075},"point_estimate":91013924.055,"standard_error":101948.01557679068},"median":{"confidence_interval":{"confidence_level":0.95,"lower_bound":90677425.0,"upper_bound":91239950.5},"point_estimate":90941327.5,"standard_error":135705.29891626004},"median_abs_dev":{"confidence_interval":{"confidence_level":0.95,"lower_bound":800574.3337869644,"upper_bound":1187304.2358711362},"point_estimate":1013386.3633587956,"standard_error":96865.46880504096},"slope":null,"std_dev":{"confidence_interval":{"confidence_level":0.95,"lower_bound":877593.1243052682,"upper_bound":1156982.3192714166},"point_estimate":1024700.1074107491,"standard_error":71394.48956576703}}