{"mean":{"confidence_interval":{"confidence_level":0.95,"lower_bound":472433990.43125004,"upper_bound":474527161.88575},"point_estimate":473461451.88,"standard_error":532836.1377172734},"median":{"confidence_interval":{"confidence_level":0.95,"lower_bound":471801285.5,"upper_bound":474259747.0},"point_estimate":472859811.5,"standard_error":704122.2217368875},"median_abs_dev":{"confidence_interval":{"confidence_level":0.95,"lower_bound":4033094.46939826,"upper_bound":6664948.862573504},"point_estimate":5213433.079943061,"standard_error":680741.1890860983},"slope":null,"std_dev":{"confidence_interval":{"confidence_level":0.95,"lower_bound":4514394.754379555,"upper_bound":6123916.730709356},"point_estimate":5343565.9972166335,"standard_error":411264.1427614489}}