{"mean":{"confidence_interval":{"confidence_level":0.95,"lower_bound":388695814.47650003,"upper_bound":390598882.013},"point_estimate":389590562.33,"standard_error":483851.7208965925},"median":{"confidence_interval":{"confidence_level":0.95,"lower_bound":388226931.0,"upper_bound":389690224.0},"point_estimate":389161735.0,"standard_error":373733.7082987051},"median_abs_dev":{"confidence_interval":{"confidence_level":0.95,"lower_bound":2479201.452085376,"upper_bound":4548375.055450201},"point_estimate":3372052.0669341087,"standard_error":522767.67247836693},"slope":null,"std_dev":{"confidence_interval":{"confidence_level":0.95,"lower_bound":3283252.5150384093,"upper_bound":6333440.448450056},"point_estimate":4856404.128797177,"standard_error":789700.9972944729}}