{"mean":{"confidence_interval":{"confidence_level":0.95,"lower_bound":6679954.519349999,"upper_bound":6753186.921366665},"point_estimate":6713106.037333332,"standard_error":18753.895829509},"median":{"confidence_interval":{"confidence_level":0.95,"lower_bound":6652508.266666667,"upper_bound":6667033.6},"point_estimate":6659319.300000001,"standard_error":3763.1810427114765},"median_abs_dev":{"confidence_interval":{"confidence_level":0.95,"lower_bound":16313.146350383391,"upper_bound":29333.654371722925},"point_estimate":24069.763472675815,"standard_error":3504.5249989524905},"slope":null,"std_dev":{"confidence_interval":{"confidence_level":0.95,"lower_bound":103222.68689955959,"upper_bound":254783.79428110103},"point_estimate":189103.01349152904,"standard_error":38764.356125896724}}