{"mean":{"confidence_interval":{"confidence_level":0.95,"lower_bound":9014447.083166668,"upper_bound":9040402.264395833},"point_estimate":9026754.887500003,"standard_error":6639.537610058961},"median":{"confidence_interval":{"confidence_level":0.95,"lower_bound":8999336.166666666,"upper_bound":9012572.0},"point_estimate":9002739.291666666,"standard_error":3562.625671030416},"median_abs_dev":{"confidence_interval":{"confidence_level":0.95,"lower_bound":19785.543748736844,"upper_bound":37721.29693031081},"point_estimate":26710.706450790167,"standard_error":4602.470737417489},"slope":null,"std_dev":{"confidence_interval":{"confidence_level":0.95,"lower_bound":49812.74286430509,"upper_bound":80712.79550646877},"point_estimate":66815.01805102867,"standard_error":7903.079082181561}}