{"mean":{"confidence_interval":{"confidence_level":0.95,"lower_bound":8038903.968208336,"upper_bound":8120375.124333331},"point_estimate":8072437.641666667,"standard_error":21752.15131838693},"median":{"confidence_interval":{"confidence_level":0.95,"lower_bound":8033011.0,"upper_bound":8039366.5},"point_estimate":8035149.75,"standard_error":1586.8972796180922},"median_abs_dev":{"confidence_interval":{"confidence_level":0.95,"lower_bound":10676.943710446358,"upper_bound":21979.54460978508},"point_estimate":14804.13138717413,"standard_error":2854.349921787878},"slope":null,"std_dev":{"confidence_interval":{"confidence_level":0.95,"lower_bound":25588.70126190682,"upper_bound":339780.7972754726},"point_estimate":218591.3733693485,"standard_error":86020.92557241544}}