{"mean":{"confidence_interval":{"confidence_level":0.95,"lower_bound":31097255.620125,"upper_bound":31148087.3371875},"point_estimate":31121541.05,"standard_error":12970.3318078481},"median":{"confidence_interval":{"confidence_level":0.95,"lower_bound":31080150.25,"upper_bound":31116068.75},"point_estimate":31099663.875,"standard_error":8144.381201941761},"median_abs_dev":{"confidence_interval":{"confidence_level":0.95,"lower_bound":66585.0474178791,"upper_bound":122772.99187034369},"point_estimate":105263.67150619626,"standard_error":13891.498666975804},"slope":null,"std_dev":{"confidence_interval":{"confidence_level":0.95,"lower_bound":95374.58825359787,"upper_bound":162527.85122814385},"point_estimate":129770.92135205252,"standard_error":17249.30399768606}}