{"mean":{"confidence_interval":{"confidence_level":0.95,"lower_bound":88164853.096,"upper_bound":88213221.651},"point_estimate":88188112.97,"standard_error":12356.68470680239},"median":{"confidence_interval":{"confidence_level":0.95,"lower_bound":88138751.0,"upper_bound":88192771.5},"point_estimate":88158803.25,"standard_error":12942.324540467533},"median_abs_dev":{"confidence_interval":{"confidence_level":0.95,"lower_bound":68322.28393703699,"upper_bound":112993.3917939663},"point_estimate":88483.04902911186,"standard_error":11587.999656700975},"slope":null,"std_dev":{"confidence_interval":{"confidence_level":0.95,"lower_bound":96575.4515093927,"upper_bound":149763.46512281493},"point_estimate":124041.9313403151,"standard_error":13669.787640019607}}