{"mean":{"confidence_interval":{"confidence_level":0.95,"lower_bound":94789198.5215,"upper_bound":94892795.22375},"point_estimate":94838639.15,"standard_error":26480.886173585168},"median":{"confidence_interval":{"confidence_level":0.95,"lower_bound":94722616.5,"upper_bound":94794804.5},"point_estimate":94762863.5,"standard_error":19685.732362064806},"median_abs_dev":{"confidence_interval":{"confidence_level":0.95,"lower_bound":107075.5939990282,"upper_bound":229548.98947969073},"point_estimate":160838.37554454803,"standard_error":29999.086116796592},"slope":null,"std_dev":{"confidence_interval":{"confidence_level":0.95,"lower_bound":202044.35129439674,"upper_bound":326995.54154156963},"point_estimate":265907.47438919975,"standard_error":32020.54014589369}}