{"mean":{"confidence_interval":{"confidence_level":0.95,"lower_bound":25953657.256375,"upper_bound":26027313.860125},"point_estimate":25989586.8525,"standard_error":18785.817690346976},"median":{"confidence_interval":{"confidence_level":0.95,"lower_bound":25909941.25,"upper_bound":25984941.5},"point_estimate":25953347.25,"standard_error":24822.37000302867},"median_abs_dev":{"confidence_interval":{"confidence_level":0.95,"lower_bound":102270.30215933919,"upper_bound":199946.95362523198},"point_estimate":145933.9833341539,"standard_error":25168.51579169164},"slope":null,"std_dev":{"confidence_interval":{"confidence_level":0.95,"lower_bound":157052.5440075895,"upper_bound":215724.920746418},"point_estimate":188109.57029891328,"standard_error":14923.663720923601}}