{"mean":{"confidence_interval":{"confidence_level":0.95,"lower_bound":26102449.4773125,"upper_bound":26192923.4478125},"point_estimate":26148032.2175,"standard_error":22998.94442328851},"median":{"confidence_interval":{"confidence_level":0.95,"lower_bound":26073746.25,"upper_bound":26232664.375},"point_estimate":26167773.625,"standard_error":35792.992867712725},"median_abs_dev":{"confidence_interval":{"confidence_level":0.95,"lower_bound":197152.43799984455,"upper_bound":297372.30439558625},"point_estimate":242429.9292460084,"standard_error":26170.061721556125},"slope":null,"std_dev":{"confidence_interval":{"confidence_level":0.95,"lower_bound":199374.63770359222,"upper_bound":260058.67057482965},"point_estimate":230868.8996008528,"standard_error":15462.934510301746}}