{"mean":{"confidence_interval":{"confidence_level":0.95,"lower_bound":24310862.892562497,"upper_bound":24525715.783},"point_estimate":24420506.4625,"standard_error":54637.114045470335},"median":{"confidence_interval":{"confidence_level":0.95,"lower_bound":24455252.5,"upper_bound":24634889.375},"point_estimate":24538756.0,"standard_error":47736.21807048301},"median_abs_dev":{"confidence_interval":{"confidence_level":0.95,"lower_bound":249210.41026750594,"upper_bound":514139.1230659559},"point_estimate":356187.601326406,"standard_error":69538.85925285853},"slope":null,"std_dev":{"confidence_interval":{"confidence_level":0.95,"lower_bound":467295.3137029432,"upper_bound":618006.3853749214},"point_estimate":549508.2178321044,"standard_error":38391.249572899505}}