{"mean":{"confidence_interval":{"confidence_level":0.95,"lower_bound":11127930.237416666,"upper_bound":11158272.098777778},"point_estimate":11142606.79,"standard_error":7727.911453590025},"median":{"confidence_interval":{"confidence_level":0.95,"lower_bound":11102520.166666668,"upper_bound":11142319.666666666},"point_estimate":11118182.722222224,"standard_error":11162.967058246379},"median_abs_dev":{"confidence_interval":{"confidence_level":0.95,"lower_bound":45599.5037237797,"upper_bound":79847.56311575786},"point_estimate":58464.18842872045,"standard_error":9140.361566763513},"slope":null,"std_dev":{"confidence_interval":{"confidence_level":0.95,"lower_bound":63203.38047093175,"upper_bound":90601.51289013082},"point_estimate":78017.03657173736,"standard_error":6998.164156633094}}