{"mean":{"confidence_interval":{"confidence_level":0.95,"lower_bound":114035.79182116048,"upper_bound":114529.35679942925},"point_estimate":114274.3094692437,"standard_error":126.10536344286938},"median":{"confidence_interval":{"confidence_level":0.95,"lower_bound":113595.74823446327,"upper_bound":114176.32902983954},"point_estimate":113788.38142693503,"standard_error":148.91933483339105},"median_abs_dev":{"confidence_interval":{"confidence_level":0.95,"lower_bound":682.9114908178375,"upper_bound":1364.32646762035},"point_estimate":996.5983047252428,"standard_error":174.7405440690249},"slope":{"confidence_interval":{"confidence_level":0.95,"lower_bound":114440.04577774619,"upper_bound":115028.93744645578},"point_estimate":114735.21937737057,"standard_error":150.2577240960708},"std_dev":{"confidence_interval":{"confidence_level":0.95,"lower_bound":1000.9249178631162,"upper_bound":1534.7282337789675},"point_estimate":1267.7245949774244,"standard_error":138.04189696726658}}