{"mean":{"confidence_interval":{"confidence_level":0.95,"lower_bound":2203701.7327826084,"upper_bound":2513349.1918478264},"point_estimate":2312565.165652174,"standard_error":94453.95982370373},"median":{"confidence_interval":{"confidence_level":0.95,"lower_bound":2174312.565217391,"upper_bound":2183970.5217391304},"point_estimate":2178761.6739130435,"standard_error":2444.8548145657915},"median_abs_dev":{"confidence_interval":{"confidence_level":0.95,"lower_bound":13063.542902858751,"upper_bound":21900.870119877753},"point_estimate":17392.76705643435,"standard_error":2258.1310516113185},"slope":null,"std_dev":{"confidence_interval":{"confidence_level":0.95,"lower_bound":82221.2186580149,"upper_bound":1624411.4438271872},"point_estimate":950088.4238036637,"standard_error":552096.20137815}}