{"mean":{"confidence_interval":{"confidence_level":0.95,"lower_bound":2505679494.5420003,"upper_bound":2509001383.697},"point_estimate":2507309131.46,"standard_error":849664.6172962566},"median":{"confidence_interval":{"confidence_level":0.95,"lower_bound":2504747507.0,"upper_bound":2508731268.0},"point_estimate":2507727437.5,"standard_error":1188958.6428466507},"median_abs_dev":{"confidence_interval":{"confidence_level":0.95,"lower_bound":4101620.9814816713,"upper_bound":8036175.926229358},"point_estimate":6188827.448326349,"standard_error":1071152.8606671575},"slope":null,"std_dev":{"confidence_interval":{"confidence_level":0.95,"lower_bound":4732265.821454692,"upper_bound":7270988.363979068},"point_estimate":6074406.09018622,"standard_error":649997.0019242092}}