{"mean":{"confidence_interval":{"confidence_level":0.95,"lower_bound":2467324162.008,"upper_bound":2473772225.3575},"point_estimate":2470156105.46,"standard_error":1655814.4181073164},"median":{"confidence_interval":{"confidence_level":0.95,"lower_bound":2467065624.0,"upper_bound":2470750674.0},"point_estimate":2468482057.5,"standard_error":813197.7531357901},"median_abs_dev":{"confidence_interval":{"confidence_level":0.95,"lower_bound":3438477.7348548174,"upper_bound":8006669.962853193},"point_estimate":6228927.329814434,"standard_error":1383860.4000220725},"slope":null,"std_dev":{"confidence_interval":{"confidence_level":0.95,"lower_bound":4878537.038900523,"upper_bound":17332023.098720677},"point_estimate":11850667.244764565,"standard_error":3309913.6283830167}}