{"mean":{"confidence_interval":{"confidence_level":0.95,"lower_bound":12385.199174430541,"upper_bound":12442.715093677747},"point_estimate":12410.288777662627,"standard_error":14.849659579544904},"median":{"confidence_interval":{"confidence_level":0.95,"lower_bound":12366.904431818182,"upper_bound":12380.209117445054},"point_estimate":12372.486848958333,"standard_error":3.6669384737053132},"median_abs_dev":{"confidence_interval":{"confidence_level":0.95,"lower_bound":24.115435403683517,"upper_bound":41.046955553219185},"point_estimate":33.10680083246746,"standard_error":4.190694370509117},"slope":{"confidence_interval":{"confidence_level":0.95,"lower_bound":12380.498830247288,"upper_bound":12421.104991476055},"point_estimate":12397.724046124575,"standard_error":10.457909061788675},"std_dev":{"confidence_interval":{"confidence_level":0.95,"lower_bound":52.91207978834123,"upper_bound":220.7139109946861},"point_estimate":149.05309800859888,"standard_error":42.426745137349215}}