{"mean":{"confidence_interval":{"confidence_level":0.95,"lower_bound":7686760.638538461,"upper_bound":7699159.539000002},"point_estimate":7692770.902307692,"standard_error":3169.0873985497524},"median":{"confidence_interval":{"confidence_level":0.95,"lower_bound":7680199.538461538,"upper_bound":7697667.346153846},"point_estimate":7691253.307692308,"standard_error":5278.489050706922},"median_abs_dev":{"confidence_interval":{"confidence_level":0.95,"lower_bound":21639.40196197639,"upper_bound":38666.32135968952},"point_estimate":30676.304986155792,"standard_error":4342.068708076383},"slope":null,"std_dev":{"confidence_interval":{"confidence_level":0.95,"lower_bound":25013.05551486561,"upper_bound":38357.396696885226},"point_estimate":31767.960201158665,"standard_error":3422.75679750691}}