{"mean":{"confidence_interval":{"confidence_level":0.95,"lower_bound":125553708.83125,"upper_bound":125894621.4685},"point_estimate":125716158.79,"standard_error":87204.76212088908},"median":{"confidence_interval":{"confidence_level":0.95,"lower_bound":125314912.0,"upper_bound":125505886.5},"point_estimate":125416871.0,"standard_error":48443.22868554665},"median_abs_dev":{"confidence_interval":{"confidence_level":0.95,"lower_bound":249002.665579319,"upper_bound":473557.25759267807},"point_estimate":367742.6148712635,"standard_error":55569.01640080538},"slope":null,"std_dev":{"confidence_interval":{"confidence_level":0.95,"lower_bound":646744.1968677562,"upper_bound":1064535.3295383824},"point_estimate":876570.8712260209,"standard_error":106816.96257186413}}