{"mean":{"confidence_interval":{"confidence_level":0.95,"lower_bound":80555.34710262287,"upper_bound":80772.84051510942},"point_estimate":80655.74674464624,"standard_error":55.78890853900575},"median":{"confidence_interval":{"confidence_level":0.95,"lower_bound":80477.20142857142,"upper_bound":80652.748},"point_estimate":80538.90511904762,"standard_error":43.746361416611975},"median_abs_dev":{"confidence_interval":{"confidence_level":0.95,"lower_bound":232.17331587957347,"upper_bound":382.7502331048064},"point_estimate":300.3019775114452,"standard_error":40.43673718654879},"slope":{"confidence_interval":{"confidence_level":0.95,"lower_bound":80510.43583238099,"upper_bound":80717.09528694727},"point_estimate":80604.7296608837,"standard_error":52.975823041128436},"std_dev":{"confidence_interval":{"confidence_level":0.95,"lower_bound":313.2713598180637,"upper_bound":753.3232971680395},"point_estimate":560.8490470178044,"standard_error":109.69305066320155}}