{"mean":{"confidence_interval":{"confidence_level":0.95,"lower_bound":5431102.054638887,"upper_bound":5962847.050472219},"point_estimate":5618287.942222221,"standard_error":160678.2904979469},"median":{"confidence_interval":{"confidence_level":0.95,"lower_bound":5417284.666666666,"upper_bound":5435866.444444444},"point_estimate":5429192.555555556,"standard_error":6035.280692835109},"median_abs_dev":{"confidence_interval":{"confidence_level":0.95,"lower_bound":31053.221182028297,"upper_bound":98707.55264759017},"point_estimate":46995.7834323258,"standard_error":18196.406374763188},"slope":null,"std_dev":{"confidence_interval":{"confidence_level":0.95,"lower_bound":137502.37795824764,"upper_bound":2745831.590480059},"point_estimate":1608170.1324397225,"standard_error":922912.3657356325}}