{"mean":{"confidence_interval":{"confidence_level":0.95,"lower_bound":698959497.462,"upper_bound":705861982.776},"point_estimate":702389187.83,"standard_error":1762640.8665651116},"median":{"confidence_interval":{"confidence_level":0.95,"lower_bound":697518415.0,"upper_bound":707189859.0},"point_estimate":700377322.0,"standard_error":2736983.7547106897},"median_abs_dev":{"confidence_interval":{"confidence_level":0.95,"lower_bound":13522175.374433398,"upper_bound":20652650.99184215},"point_estimate":17392051.895329356,"standard_error":1797871.9767612978},"slope":null,"std_dev":{"confidence_interval":{"confidence_level":0.95,"lower_bound":15043990.912956975,"upper_bound":20159005.426322274},"point_estimate":17726479.612866845,"standard_error":1306953.0933365952}}