{"mean":{"confidence_interval":{"confidence_level":0.95,"lower_bound":210498127.05775,"upper_bound":211651512.81675002},"point_estimate":211064346.42,"standard_error":294155.935468313},"median":{"confidence_interval":{"confidence_level":0.95,"lower_bound":210052215.0,"upper_bound":211201910.0},"point_estimate":210582168.0,"standard_error":378911.83317326277},"median_abs_dev":{"confidence_interval":{"confidence_level":0.95,"lower_bound":1821009.3480706215,"upper_bound":3287480.116635561},"point_estimate":2430252.6726543903,"standard_error":372677.3596480298},"slope":null,"std_dev":{"confidence_interval":{"confidence_level":0.95,"lower_bound":2486677.8437819923,"upper_bound":3378829.1683931733},"point_estimate":2962065.6748744682,"standard_error":227603.03092827147}}