{"mean":{"confidence_interval":{"confidence_level":0.95,"lower_bound":219397446.53875,"upper_bound":220325785.98475},"point_estimate":219862497.33,"standard_error":236987.4253421797},"median":{"confidence_interval":{"confidence_level":0.95,"lower_bound":219508004.0,"upper_bound":220635161.5},"point_estimate":220009421.0,"standard_error":272081.2746779821},"median_abs_dev":{"confidence_interval":{"confidence_level":0.95,"lower_bound":2037774.3598222733,"upper_bound":3219938.0509346724},"point_estimate":2723938.6775404215,"standard_error":302034.05165355856},"slope":null,"std_dev":{"confidence_interval":{"confidence_level":0.95,"lower_bound":2111690.7121647657,"upper_bound":2635857.526480795},"point_estimate":2389854.1739543634,"standard_error":134054.27735653456}}