{"mean":{"confidence_interval":{"confidence_level":0.95,"lower_bound":2484633.0426190486,"upper_bound":2491493.406738095},"point_estimate":2487671.927142857,"standard_error":1763.7667166254287},"median":{"confidence_interval":{"confidence_level":0.95,"lower_bound":2480463.1904761903,"upper_bound":2482900.9523809524},"point_estimate":2481316.5,"standard_error":692.7336847431326},"median_abs_dev":{"confidence_interval":{"confidence_level":0.95,"lower_bound":3819.158117196375,"upper_bound":9769.627826554402},"point_estimate":5946.002494437321,"standard_error":1492.6752533734107},"slope":null,"std_dev":{"confidence_interval":{"confidence_level":0.95,"lower_bound":9796.978122514643,"upper_bound":26374.29190255563},"point_estimate":17751.32131268297,"standard_error":5088.137636112352}}