{"mean":{"confidence_interval":{"confidence_level":0.95,"lower_bound":1752298.464690014,"upper_bound":1755341.0465651976},"point_estimate":1753729.756212852,"standard_error":777.2001973584809},"median":{"confidence_interval":{"confidence_level":0.95,"lower_bound":1750206.0029761905,"upper_bound":1752843.4705882352},"point_estimate":1751222.7368770763,"standard_error":787.9281541329943},"median_abs_dev":{"confidence_interval":{"confidence_level":0.95,"lower_bound":2971.5701259090324,"upper_bound":5357.530373241141},"point_estimate":3646.745489056408,"standard_error":641.1724096064718},"slope":{"confidence_interval":{"confidence_level":0.95,"lower_bound":1750854.4892764627,"upper_bound":1752925.073497869},"point_estimate":1751849.6597369588,"standard_error":527.8382296244648},"std_dev":{"confidence_interval":{"confidence_level":0.95,"lower_bound":5363.052309874866,"upper_bound":9955.228647516065},"point_estimate":7816.753712456475,"standard_error":1172.1884650086274}}