{"mean":{"confidence_interval":{"confidence_level":0.95,"lower_bound":1402298.6333887652,"upper_bound":1405564.756690593},"point_estimate":1403821.4354858252,"standard_error":832.80210189119},"median":{"confidence_interval":{"confidence_level":0.95,"lower_bound":1400124.1542207792,"upper_bound":1401690.6282051282},"point_estimate":1400904.511679293,"standard_error":419.3490537674834},"median_abs_dev":{"confidence_interval":{"confidence_level":0.95,"lower_bound":2351.173640821575,"upper_bound":4914.275516374019},"point_estimate":3221.5982548151906,"standard_error":619.4739482734942},"slope":{"confidence_interval":{"confidence_level":0.95,"lower_bound":1402612.4946746472,"upper_bound":1406524.851788505},"point_estimate":1404447.439231565,"standard_error":1001.5129995011043},"std_dev":{"confidence_interval":{"confidence_level":0.95,"lower_bound":5480.845507770771,"upper_bound":11034.591006585155},"point_estimate":8366.073829614474,"standard_error":1432.3485996821978}}