{"mean":{"confidence_interval":{"confidence_level":0.95,"lower_bound":170883348.13625,"upper_bound":171402203.89900002},"point_estimate":171123908.73,"standard_error":132935.86965704014},"median":{"confidence_interval":{"confidence_level":0.95,"lower_bound":170642248.0,"upper_bound":170840696.0},"point_estimate":170748625.0,"standard_error":47797.86833236941},"median_abs_dev":{"confidence_interval":{"confidence_level":0.95,"lower_bound":317532.03166767955,"upper_bound":597665.7013893127},"point_estimate":444464.1983091831,"standard_error":71597.3973315096},"slope":null,"std_dev":{"confidence_interval":{"confidence_level":0.95,"lower_bound":837454.0927380555,"upper_bound":1718313.206629834},"point_estimate":1334090.512745546,"standard_error":222194.46612472198}}