{"mean":{"confidence_interval":{"confidence_level":0.95,"lower_bound":52810.85193790878,"upper_bound":52925.263526472045},"point_estimate":52858.197915667646,"standard_error":29.948682148424165},"median":{"confidence_interval":{"confidence_level":0.95,"lower_bound":52745.31825037707,"upper_bound":52795.264245014245},"point_estimate":52768.30522810522,"standard_error":12.50185364142379},"median_abs_dev":{"confidence_interval":{"confidence_level":0.95,"lower_bound":34.34890440734153,"upper_bound":98.22388399439558},"point_estimate":60.25636720425899,"standard_error":15.77829456030759},"slope":{"confidence_interval":{"confidence_level":0.95,"lower_bound":52799.57794834924,"upper_bound":52870.78772314274},"point_estimate":52833.86931185656,"standard_error":18.15242958142974},"std_dev":{"confidence_interval":{"confidence_level":0.95,"lower_bound":118.90258281497879,"upper_bound":483.1073896248613},"point_estimate":302.96275019486745,"standard_error":118.21386708716553}}