{"mean":{"confidence_interval":{"confidence_level":0.95,"lower_bound":199396.41297900598,"upper_bound":200193.55992380955},"point_estimate":199718.65024329108,"standard_error":208.6454995544929},"median":{"confidence_interval":{"confidence_level":0.95,"lower_bound":199667.76976744187,"upper_bound":199730.024},"point_estimate":199695.42281105992,"standard_error":25.209909217837748},"median_abs_dev":{"confidence_interval":{"confidence_level":0.95,"lower_bound":336.90754274384284,"upper_bound":1100.0128781631925},"point_estimate":778.0054620671742,"standard_error":214.05383761113163},"slope":{"confidence_interval":{"confidence_level":0.95,"lower_bound":199257.61018781632,"upper_bound":199691.11269968242},"point_estimate":199478.468119403,"standard_error":110.72447421888934},"std_dev":{"confidence_interval":{"confidence_level":0.95,"lower_bound":741.6529091081462,"upper_bound":3413.5099499282633},"point_estimate":2104.8668045717895,"standard_error":868.3639926554606}}