{"mean":{"confidence_interval":{"confidence_level":0.95,"lower_bound":94940151.04924999,"upper_bound":95075666.469625},"point_estimate":95004795.755,"standard_error":34621.10793784193},"median":{"confidence_interval":{"confidence_level":0.95,"lower_bound":94792019.5,"upper_bound":94988367.25},"point_estimate":94909564.0,"standard_error":54735.05223431684},"median_abs_dev":{"confidence_interval":{"confidence_level":0.95,"lower_bound":167791.3987711072,"upper_bound":364055.01808673143},"point_estimate":272553.39551120996,"standard_error":52537.89070177838},"slope":null,"std_dev":{"confidence_interval":{"confidence_level":0.95,"lower_bound":264565.6688655923,"upper_bound":442773.1176226462},"point_estimate":347491.9697054818,"standard_error":48088.50877957439}}