{"mean":{"confidence_interval":{"confidence_level":0.95,"lower_bound":7523936.384625,"upper_bound":7617847.951428572},"point_estimate":7570633.561428573,"standard_error":23950.98092549076},"median":{"confidence_interval":{"confidence_level":0.95,"lower_bound":7504953.535714285,"upper_bound":7596631.0},"point_estimate":7548447.392857143,"standard_error":25789.08309877389},"median_abs_dev":{"confidence_interval":{"confidence_level":0.95,"lower_bound":154037.79536528236,"upper_bound":290932.604934914},"point_estimate":227690.1321076919,"standard_error":35853.0067541989},"slope":null,"std_dev":{"confidence_interval":{"confidence_level":0.95,"lower_bound":205337.03810469908,"upper_bound":270711.3397112304},"point_estimate":240011.2583987145,"standard_error":16686.995518027732}}