{"mean":{"confidence_interval":{"confidence_level":0.95,"lower_bound":52429.05818281918,"upper_bound":52518.811000129725},"point_estimate":52471.125569501484,"standard_error":23.04045867432409},"median":{"confidence_interval":{"confidence_level":0.95,"lower_bound":52355.90817469205,"upper_bound":52404.55516997622},"point_estimate":52369.24064679771,"standard_error":13.015496474821527},"median_abs_dev":{"confidence_interval":{"confidence_level":0.95,"lower_bound":35.61904783961929,"upper_bound":100.82567115565763},"point_estimate":57.629165482384046,"standard_error":16.932846926752745},"slope":{"confidence_interval":{"confidence_level":0.95,"lower_bound":52401.81830200814,"upper_bound":52463.832768169465},"point_estimate":52430.81677708383,"standard_error":15.830143890763287},"std_dev":{"confidence_interval":{"confidence_level":0.95,"lower_bound":157.03415624252656,"upper_bound":295.878129710908},"point_estimate":231.71607715626595,"standard_error":35.49485526217249}}