{"mean":{"confidence_interval":{"confidence_level":0.95,"lower_bound":-0.02951512521320718,"upper_bound":-0.02526430042353488},"point_estimate":-0.0272230149630196,"standard_error":0.0010780455399416527},"median":{"confidence_interval":{"confidence_level":0.95,"lower_bound":-0.028331627358507916,"upper_bound":-0.02547363314387885},"point_estimate":-0.026774858751056896,"standard_error":0.0007750942399106752}}