{"mean":{"confidence_interval":{"confidence_level":0.95,"lower_bound":4859161.095225003,"upper_bound":5343702.6685999995},"point_estimate":5036275.361000002,"standard_error":138062.3515441582},"median":{"confidence_interval":{"confidence_level":0.95,"lower_bound":4791185.9,"upper_bound":4803333.6},"point_estimate":4796691.5,"standard_error":3352.366627494679},"median_abs_dev":{"confidence_interval":{"confidence_level":0.95,"lower_bound":20079.07383352435,"upper_bound":36389.304403960705},"point_estimate":27103.335988819876,"standard_error":4339.390110860617},"slope":null,"std_dev":{"confidence_interval":{"confidence_level":0.95,"lower_bound":231679.27829782641,"upper_bound":2351200.7318513924},"point_estimate":1391345.2968575857,"standard_error":735616.3462290512}}