{"mean":{"confidence_interval":{"confidence_level":0.95,"lower_bound":2596172.325143184,"upper_bound":2959020.1749599446},"point_estimate":2744935.944447608,"standard_error":96816.66513513814},"median":{"confidence_interval":{"confidence_level":0.95,"lower_bound":2560697.476923077,"upper_bound":2577910.3488372094},"point_estimate":2567322.8387799566,"standard_error":4379.81220912589},"median_abs_dev":{"confidence_interval":{"confidence_level":0.95,"lower_bound":22591.444288375467,"upper_bound":48319.80479485663},"point_estimate":31855.09255159264,"standard_error":6565.94513204741},"slope":{"confidence_interval":{"confidence_level":0.95,"lower_bound":2571893.873098607,"upper_bound":3203198.052064055},"point_estimate":2803287.970908822,"standard_error":171982.36452310983},"std_dev":{"confidence_interval":{"confidence_level":0.95,"lower_bound":104931.11915127616,"upper_bound":1514045.0366225974},"point_estimate":971269.1221713098,"standard_error":382383.4408711}}