{"mean":{"confidence_interval":{"confidence_level":0.95,"lower_bound":173798822.18625,"upper_bound":174087784.39325002},"point_estimate":173941212.1,"standard_error":73593.28679133546},"median":{"confidence_interval":{"confidence_level":0.95,"lower_bound":173526002.0,"upper_bound":173849132.5},"point_estimate":173728424.5,"standard_error":82120.12575371712},"median_abs_dev":{"confidence_interval":{"confidence_level":0.95,"lower_bound":411455.592495203,"upper_bound":784220.7001022978},"point_estimate":592744.9520766735,"standard_error":95443.1734901149},"slope":null,"std_dev":{"confidence_interval":{"confidence_level":0.95,"lower_bound":643946.9179935184,"upper_bound":814112.1427295341},"point_estimate":739711.9422005916,"standard_error":43318.80825384303}}