{"mean":{"confidence_interval":{"confidence_level":0.95,"lower_bound":12418.081463386605,"upper_bound":12439.288611649077},"point_estimate":12427.299155620778,"standard_error":5.44834376297023},"median":{"confidence_interval":{"confidence_level":0.95,"lower_bound":12404.248387723386,"upper_bound":12421.176440746753},"point_estimate":12409.172486413043,"standard_error":4.552415649962456},"median_abs_dev":{"confidence_interval":{"confidence_level":0.95,"lower_bound":15.348301663333492,"upper_bound":32.584748713874376},"point_estimate":22.89937449587822,"standard_error":4.541886001742535},"slope":{"confidence_interval":{"confidence_level":0.95,"lower_bound":12415.839966615553,"upper_bound":12430.256278369816},"point_estimate":12422.870006520614,"standard_error":3.676123440506543},"std_dev":{"confidence_interval":{"confidence_level":0.95,"lower_bound":28.51205688389133,"upper_bound":82.70397048085226},"point_estimate":54.81105198992679,"standard_error":16.663165999459313}}