{"mean":{"confidence_interval":{"confidence_level":0.95,"lower_bound":95989678.6395,"upper_bound":96074303.55825},"point_estimate":96031077.26,"standard_error":21591.339752661817},"median":{"confidence_interval":{"confidence_level":0.95,"lower_bound":95937577.5,"upper_bound":96035994.25},"point_estimate":95981877.0,"standard_error":29224.66872477959},"median_abs_dev":{"confidence_interval":{"confidence_level":0.95,"lower_bound":151669.97730731964,"upper_bound":264420.9640055895},"point_estimate":208107.36920535564,"standard_error":28935.822424360867},"slope":null,"std_dev":{"confidence_interval":{"confidence_level":0.95,"lower_bound":184893.17827705195,"upper_bound":243331.84055588412},"point_estimate":216143.68684598713,"standard_error":14938.933024988397}}