{"mean":{"confidence_interval":{"confidence_level":0.95,"lower_bound":23067098.062950015,"upper_bound":23114743.04235001},"point_estimate":23089991.518000007,"standard_error":12151.30539601405},"median":{"confidence_interval":{"confidence_level":0.95,"lower_bound":23048578.0,"upper_bound":23085919.6},"point_estimate":23063769.5,"standard_error":9834.078712105023},"median_abs_dev":{"confidence_interval":{"confidence_level":0.95,"lower_bound":53105.989757180214,"upper_bound":111462.60732114315},"point_estimate":76495.04216194042,"standard_error":14938.793698233363},"slope":null,"std_dev":{"confidence_interval":{"confidence_level":0.95,"lower_bound":89096.03625654838,"upper_bound":153387.7694175592},"point_estimate":122333.3558417653,"standard_error":16458.572258913202}}