{"mean":{"confidence_interval":{"confidence_level":0.95,"lower_bound":11195657.03025,"upper_bound":11210110.418555558},"point_estimate":11202725.884444442,"standard_error":3687.7033513797555},"median":{"confidence_interval":{"confidence_level":0.95,"lower_bound":11197176.722222222,"upper_bound":11206071.833333332},"point_estimate":11201010.833333332,"standard_error":2419.1757375010916},"median_abs_dev":{"confidence_interval":{"confidence_level":0.95,"lower_bound":22594.988332191948,"upper_bound":49970.867379506584},"point_estimate":37492.39996771049,"standard_error":8301.456247867194},"slope":null,"std_dev":{"confidence_interval":{"confidence_level":0.95,"lower_bound":29930.939046720792,"upper_bound":43876.29205431266},"point_estimate":37042.80574614398,"standard_error":3584.4342046850898}}