{"mean":{"confidence_interval":{"confidence_level":0.95,"lower_bound":15298871.744214278,"upper_bound":15325316.254571425},"point_estimate":15311407.515714295,"standard_error":6779.115581801248},"median":{"confidence_interval":{"confidence_level":0.95,"lower_bound":15292248.857142856,"upper_bound":15312595.5},"point_estimate":15299003.357142858,"standard_error":5644.267736156227},"median_abs_dev":{"confidence_interval":{"confidence_level":0.95,"lower_bound":38341.94151929407,"upper_bound":58640.747258918425},"point_estimate":51404.3885873879,"standard_error":5174.235227190949},"slope":null,"std_dev":{"confidence_interval":{"confidence_level":0.95,"lower_bound":47029.216464245925,"upper_bound":90152.02601444282},"point_estimate":68217.07807605629,"standard_error":11348.674386722429}}