{"mean":{"confidence_interval":{"confidence_level":0.95,"lower_bound":846048509.43425,"upper_bound":849279603.0960001},"point_estimate":847654432.84,"standard_error":824095.515947337},"median":{"confidence_interval":{"confidence_level":0.95,"lower_bound":845330238.5,"upper_bound":849168069.0},"point_estimate":847558698.0,"standard_error":962222.4039514866},"median_abs_dev":{"confidence_interval":{"confidence_level":0.95,"lower_bound":6069749.466240406,"upper_bound":9775459.915950894},"point_estimate":7760761.4834189415,"standard_error":948786.5554542233},"slope":null,"std_dev":{"confidence_interval":{"confidence_level":0.95,"lower_bound":7114362.67415719,"upper_bound":9350317.255129613},"point_estimate":8287593.263530784,"standard_error":570575.173899276}}