{"mean":{"confidence_interval":{"confidence_level":0.95,"lower_bound":57606052.94625001,"upper_bound":57675453.422249995},"point_estimate":57639340.37,"standard_error":17684.573495780474},"median":{"confidence_interval":{"confidence_level":0.95,"lower_bound":57559465.5,"upper_bound":57625229.25},"point_estimate":57592865.75,"standard_error":17570.891913245287},"median_abs_dev":{"confidence_interval":{"confidence_level":0.95,"lower_bound":87271.02355062962,"upper_bound":155866.8471828103},"point_estimate":125241.15017652512,"standard_error":18770.322747491144},"slope":null,"std_dev":{"confidence_interval":{"confidence_level":0.95,"lower_bound":133326.97641395696,"upper_bound":223457.29877311212},"point_estimate":177188.557929539,"standard_error":23645.98850645031}}