{"mean":{"confidence_interval":{"confidence_level":0.95,"lower_bound":41642.29159709736,"upper_bound":41688.98676978565},"point_estimate":41663.967166782146,"standard_error":11.959799725151969},"median":{"confidence_interval":{"confidence_level":0.95,"lower_bound":41614.793148619516,"upper_bound":41638.49876104798},"point_estimate":41623.85272050401,"standard_error":4.956508524184531},"median_abs_dev":{"confidence_interval":{"confidence_level":0.95,"lower_bound":38.03730003475035,"upper_bound":67.78273164646171},"point_estimate":56.06731759503061,"standard_error":8.10377377102496},"slope":{"confidence_interval":{"confidence_level":0.95,"lower_bound":41632.80684000213,"upper_bound":41669.57420660831},"point_estimate":41650.661539887195,"standard_error":9.40761342429513},"std_dev":{"confidence_interval":{"confidence_level":0.95,"lower_bound":77.3995981534569,"upper_bound":159.3892572950508},"point_estimate":120.25248101843582,"standard_error":21.19133870800132}}