{"mean":{"confidence_interval":{"confidence_level":0.95,"lower_bound":999714.5658582407,"upper_bound":1002398.8347578162},"point_estimate":1000998.1663984761,"standard_error":685.3915124959792},"median":{"confidence_interval":{"confidence_level":0.95,"lower_bound":998602.125,"upper_bound":1001197.7258064516},"point_estimate":999810.5688405797,"standard_error":671.379428426291},"median_abs_dev":{"confidence_interval":{"confidence_level":0.95,"lower_bound":3680.7826789117785,"upper_bound":6136.582928412384},"point_estimate":5267.178766719045,"standard_error":614.0299057928443},"slope":{"confidence_interval":{"confidence_level":0.95,"lower_bound":999129.9695845164,"upper_bound":1001361.3704686837},"point_estimate":1000213.2020747747,"standard_error":569.1025007553023},"std_dev":{"confidence_interval":{"confidence_level":0.95,"lower_bound":5018.027228739778,"upper_bound":8595.63250511651},"point_estimate":6862.603076850555,"standard_error":918.5852551556409}}