{"mean":{"confidence_interval":{"confidence_level":0.95,"lower_bound":5098387.578262501,"upper_bound":5103420.026125001},"point_estimate":5100790.5605,"standard_error":1281.7165439159946},"median":{"confidence_interval":{"confidence_level":0.95,"lower_bound":5095696.15,"upper_bound":5099575.25},"point_estimate":5098242.0,"standard_error":930.7802323719409},"median_abs_dev":{"confidence_interval":{"confidence_level":0.95,"lower_bound":5914.239555000707,"upper_bound":10337.13179647964},"point_estimate":8629.473146796227,"standard_error":1125.528981430055},"slope":null,"std_dev":{"confidence_interval":{"confidence_level":0.95,"lower_bound":9562.000725913502,"upper_bound":16035.780829575227},"point_estimate":12933.699431368206,"standard_error":1649.559991546885}}