{"mean":{"confidence_interval":{"confidence_level":0.95,"lower_bound":4826400.486954547,"upper_bound":5257111.951227273},"point_estimate":4976884.323636365,"standard_error":130656.46096346217},"median":{"confidence_interval":{"confidence_level":0.95,"lower_bound":4803442.7272727275,"upper_bound":4821768.045454545},"point_estimate":4814167.909090909,"standard_error":5542.074913240641},"median_abs_dev":{"confidence_interval":{"confidence_level":0.95,"lower_bound":20974.207045815332,"upper_bound":34547.018937578134},"point_estimate":26947.063212503024,"standard_error":3716.5621047278028},"slope":null,"std_dev":{"confidence_interval":{"confidence_level":0.95,"lower_bound":84444.71870607272,"upper_bound":2231457.757415948},"point_estimate":1306643.8770092707,"standard_error":756283.9141374812}}