{"mean":{"confidence_interval":{"confidence_level":0.95,"lower_bound":3246403.5880207294,"upper_bound":3445057.207047},"point_estimate":3327100.0310590565,"standard_error":53886.40952822547},"median":{"confidence_interval":{"confidence_level":0.95,"lower_bound":3234666.0,"upper_bound":3248751.8561816653},"point_estimate":3239568.595238095,"standard_error":3683.1986832251423},"median_abs_dev":{"confidence_interval":{"confidence_level":0.95,"lower_bound":15814.24958385846,"upper_bound":28024.167169085867},"point_estimate":20807.750673796203,"standard_error":3183.282560665516},"slope":{"confidence_interval":{"confidence_level":0.95,"lower_bound":3248274.029187354,"upper_bound":3428061.70970967},"point_estimate":3311027.7503413623,"standard_error":49476.781102236964},"std_dev":{"confidence_interval":{"confidence_level":0.95,"lower_bound":36354.412357748806,"upper_bound":846384.1140000452},"point_estimate":541868.8507634074,"standard_error":222138.08834955117}}