{"mean":{"confidence_interval":{"confidence_level":0.95,"lower_bound":6146428.832117646,"upper_bound":6156376.563220589},"point_estimate":6151244.267647061,"standard_error":2549.603326657258},"median":{"confidence_interval":{"confidence_level":0.95,"lower_bound":6139965.029411765,"upper_bound":6150907.55882353},"point_estimate":6144784.0,"standard_error":2669.7504003991367},"median_abs_dev":{"confidence_interval":{"confidence_level":0.95,"lower_bound":14077.897232420508,"upper_bound":24118.02064829017},"point_estimate":17910.941434958484,"standard_error":2493.4300061519352},"slope":null,"std_dev":{"confidence_interval":{"confidence_level":0.95,"lower_bound":20203.578501707827,"upper_bound":30355.73196389038},"point_estimate":25673.574319964773,"standard_error":2594.136039299039}}