{"mean":{"confidence_interval":{"confidence_level":0.95,"lower_bound":172273216.36675,"upper_bound":172577287.069},"point_estimate":172423661.41,"standard_error":77634.58897155008},"median":{"confidence_interval":{"confidence_level":0.95,"lower_bound":171966063.0,"upper_bound":172342217.0},"point_estimate":172113277.5,"standard_error":106185.82729872531},"median_abs_dev":{"confidence_interval":{"confidence_level":0.95,"lower_bound":382594.56010758877,"upper_bound":1066882.6475590467},"point_estimate":589088.1192415953,"standard_error":180918.6603800764},"slope":null,"std_dev":{"confidence_interval":{"confidence_level":0.95,"lower_bound":694203.0359406887,"upper_bound":850597.0508716247},"point_estimate":779061.0430662133,"standard_error":39906.1751856648}}