{"mean":{"confidence_interval":{"confidence_level":0.95,"lower_bound":70934.28732380655,"upper_bound":71036.50718849442},"point_estimate":70983.98085181686,"standard_error":26.073159631928192},"median":{"confidence_interval":{"confidence_level":0.95,"lower_bound":70915.35755336616,"upper_bound":70962.57768268598},"point_estimate":70938.51915823147,"standard_error":12.057079764918978},"median_abs_dev":{"confidence_interval":{"confidence_level":0.95,"lower_bound":90.75568158767446,"upper_bound":242.56434404432102},"point_estimate":137.12451535445877,"standard_error":42.79076794688832},"slope":{"confidence_interval":{"confidence_level":0.95,"lower_bound":70909.53736090612,"upper_bound":71052.87600277214},"point_estimate":70979.92472292006,"standard_error":36.55554018945337},"std_dev":{"confidence_interval":{"confidence_level":0.95,"lower_bound":207.02780275026015,"upper_bound":317.7007007791144},"point_estimate":262.5056924306519,"standard_error":28.442983009203903}}