{"mean":{"confidence_interval":{"confidence_level":0.95,"lower_bound":50972647.778125,"upper_bound":51114394.677625},"point_estimate":51041877.525,"standard_error":36117.3607289476},"median":{"confidence_interval":{"confidence_level":0.95,"lower_bound":50923802.75,"upper_bound":51067108.0},"point_estimate":51011495.5,"standard_error":35579.65987397605},"median_abs_dev":{"confidence_interval":{"confidence_level":0.95,"lower_bound":200182.50169605017,"upper_bound":332692.468893528},"point_estimate":268883.2192763686,"standard_error":33683.712725325924},"slope":null,"std_dev":{"confidence_interval":{"confidence_level":0.95,"lower_bound":291689.23102399224,"upper_bound":425614.236883129},"point_estimate":362270.0190626718,"standard_error":34205.18983040971}}