{"mean":{"confidence_interval":{"confidence_level":0.95,"lower_bound":10026188.782350002,"upper_bound":10043643.937900007},"point_estimate":10034885.125000002,"standard_error":4444.192733335904},"median":{"confidence_interval":{"confidence_level":0.95,"lower_bound":10022102.2,"upper_bound":10037904.8},"point_estimate":10030303.7,"standard_error":4129.053783023039},"median_abs_dev":{"confidence_interval":{"confidence_level":0.95,"lower_bound":26117.992633313424,"upper_bound":47643.183361663316},"point_estimate":39527.37550824825,"standard_error":5674.221702004773},"slope":null,"std_dev":{"confidence_interval":{"confidence_level":0.95,"lower_bound":37107.95642550343,"upper_bound":51320.15259322698},"point_estimate":44487.69269818287,"standard_error":3629.3500262510756}}