{"mean":{"confidence_interval":{"confidence_level":0.95,"lower_bound":9471056.78585,"upper_bound":9494845.950449998},"point_estimate":9482745.993999997,"standard_error":6078.043015356418},"median":{"confidence_interval":{"confidence_level":0.95,"lower_bound":9460976.8,"upper_bound":9488976.75},"point_estimate":9473553.8,"standard_error":6528.667503500544},"median_abs_dev":{"confidence_interval":{"confidence_level":0.95,"lower_bound":47673.81758361889,"upper_bound":79254.38310295288},"point_estimate":68623.84477168377,"standard_error":8086.349227055302},"slope":null,"std_dev":{"confidence_interval":{"confidence_level":0.95,"lower_bound":51642.462529211836,"upper_bound":69083.9256164115},"point_estimate":60767.56277096024,"standard_error":4451.557399328094}}