{"mean":{"confidence_interval":{"confidence_level":0.95,"lower_bound":461165162.139,"upper_bound":461970277.19675},"point_estimate":461551705.92,"standard_error":205561.88183127437},"median":{"confidence_interval":{"confidence_level":0.95,"lower_bound":460640029.5,"upper_bound":461388204.0},"point_estimate":461040929.5,"standard_error":167111.23427285967},"median_abs_dev":{"confidence_interval":{"confidence_level":0.95,"lower_bound":1105772.7274686098,"upper_bound":1910459.7935825586},"point_estimate":1514369.8672145605,"standard_error":189263.03608864165},"slope":null,"std_dev":{"confidence_interval":{"confidence_level":0.95,"lower_bound":1563066.51053504,"upper_bound":2513416.757102991},"point_estimate":2061822.6826458971,"standard_error":243116.86106036662}}