{"mean":{"confidence_interval":{"confidence_level":0.95,"lower_bound":81410.36606005007,"upper_bound":81679.93452880354},"point_estimate":81515.73682855265,"standard_error":71.80583523583829},"median":{"confidence_interval":{"confidence_level":0.95,"lower_bound":81364.1806451613,"upper_bound":81380.69297887324},"point_estimate":81373.67737373737,"standard_error":4.686413506219914},"median_abs_dev":{"confidence_interval":{"confidence_level":0.95,"lower_bound":24.60070177777982,"upper_bound":61.72074828585997},"point_estimate":38.82838383662789,"standard_error":9.335699377492087},"slope":{"confidence_interval":{"confidence_level":0.95,"lower_bound":81393.41310300931,"upper_bound":81443.04750867345},"point_estimate":81416.59059388208,"standard_error":12.726302600138306},"std_dev":{"confidence_interval":{"confidence_level":0.95,"lower_bound":131.44910761484218,"upper_bound":1193.6012017679304},"point_estimate":723.6559539183927,"standard_error":322.0220989361352}}