{"mean":{"confidence_interval":{"confidence_level":0.95,"lower_bound":62227248.227625,"upper_bound":62327880.834625},"point_estimate":62276915.62,"standard_error":25679.760712053463},"median":{"confidence_interval":{"confidence_level":0.95,"lower_bound":62207164.25,"upper_bound":62300901.0},"point_estimate":62255853.25,"standard_error":25267.72795955839},"median_abs_dev":{"confidence_interval":{"confidence_level":0.95,"lower_bound":160529.62410002947,"upper_bound":302328.08013260365},"point_estimate":220717.62328147888,"standard_error":35221.88501904838},"slope":null,"std_dev":{"confidence_interval":{"confidence_level":0.95,"lower_bound":217181.4393813268,"upper_bound":294408.84161320614},"point_estimate":257812.39392290308,"standard_error":19790.19525287421}}