{"mean":{"confidence_interval":{"confidence_level":0.95,"lower_bound":26310467.6055625,"upper_bound":26353232.671625},"point_estimate":26330987.325,"standard_error":10887.806292448748},"median":{"confidence_interval":{"confidence_level":0.95,"lower_bound":26275471.25,"upper_bound":26335006.375},"point_estimate":26302449.0,"standard_error":16221.51764357437},"median_abs_dev":{"confidence_interval":{"confidence_level":0.95,"lower_bound":68127.13671550155,"upper_bound":127132.57709294558},"point_estimate":105010.14691069722,"standard_error":16575.831021398495},"slope":null,"std_dev":{"confidence_interval":{"confidence_level":0.95,"lower_bound":86007.75664979372,"upper_bound":137130.78671573487},"point_estimate":109389.63194609623,"standard_error":13686.63933198672}}