{"mean":{"confidence_interval":{"confidence_level":0.95,"lower_bound":6619093.174333334,"upper_bound":6764817.737116668},"point_estimate":6690499.996666669,"standard_error":37066.54550000386},"median":{"confidence_interval":{"confidence_level":0.95,"lower_bound":6507882.533333333,"upper_bound":6665288.0},"point_estimate":6561860.233333333,"standard_error":36314.77467405288},"median_abs_dev":{"confidence_interval":{"confidence_level":0.95,"lower_bound":227746.97569668302,"upper_bound":460373.32751824014},"point_estimate":353041.10411226767,"standard_error":59326.5558645961},"slope":null,"std_dev":{"confidence_interval":{"confidence_level":0.95,"lower_bound":323009.6708173777,"upper_bound":413557.72693508194},"point_estimate":371929.37704887433,"standard_error":23148.597673103675}}