{"mean":{"confidence_interval":{"confidence_level":0.95,"lower_bound":455448520.93975,"upper_bound":457380923.5125},"point_estimate":456402522.51,"standard_error":491879.55409047974},"median":{"confidence_interval":{"confidence_level":0.95,"lower_bound":454231829.0,"upper_bound":457257524.0},"point_estimate":455666121.0,"standard_error":740622.4036330855},"median_abs_dev":{"confidence_interval":{"confidence_level":0.95,"lower_bound":3962232.862356305,"upper_bound":6580324.279975891},"point_estimate":5425857.038971782,"standard_error":692563.1670593235},"slope":null,"std_dev":{"confidence_interval":{"confidence_level":0.95,"lower_bound":4284658.822002779,"upper_bound":5529563.242935506},"point_estimate":4941513.856956669,"standard_error":316568.4119324426}}