{"mean":{"confidence_interval":{"confidence_level":0.95,"lower_bound":15165510.63785714,"upper_bound":15191248.463464282},"point_estimate":15178221.781428564,"standard_error":6559.724274132145},"median":{"confidence_interval":{"confidence_level":0.95,"lower_bound":15164510.42857143,"upper_bound":15198199.57142857},"point_estimate":15184751.214285715,"standard_error":10088.909042537773},"median_abs_dev":{"confidence_interval":{"confidence_level":0.95,"lower_bound":43921.282920241356,"upper_bound":75922.77975210162},"point_estimate":61125.05531481295,"standard_error":8365.594816331733},"slope":null,"std_dev":{"confidence_interval":{"confidence_level":0.95,"lower_bound":54210.700147825795,"upper_bound":77804.64482507957},"point_estimate":65903.25174849841,"standard_error":6077.208328472946}}