{"mean":{"confidence_interval":{"confidence_level":0.95,"lower_bound":11317457.978611112,"upper_bound":11363684.36505556},"point_estimate":11339471.527777782,"standard_error":11794.859491820747},"median":{"confidence_interval":{"confidence_level":0.95,"lower_bound":11305195.222222222,"upper_bound":11352763.611111112},"point_estimate":11320725.555555556,"standard_error":11843.709617162709},"median_abs_dev":{"confidence_interval":{"confidence_level":0.95,"lower_bound":69813.07939390372,"upper_bound":116640.38181255157},"point_estimate":90313.48342994833,"standard_error":12059.159071369873},"slope":null,"std_dev":{"confidence_interval":{"confidence_level":0.95,"lower_bound":84810.35500950676,"upper_bound":152075.93789803796},"point_estimate":118397.91285116899,"standard_error":17507.01293193766}}