{"mean":{"confidence_interval":{"confidence_level":0.95,"lower_bound":5410672.076078949,"upper_bound":5420648.461302632},"point_estimate":5415802.296315789,"standard_error":2556.6262228776613},"median":{"confidence_interval":{"confidence_level":0.95,"lower_bound":5415317.2894736845,"upper_bound":5421134.52631579},"point_estimate":5419215.763157895,"standard_error":1734.5021515076999},"median_abs_dev":{"confidence_interval":{"confidence_level":0.95,"lower_bound":8951.129063453176,"upper_bound":16295.724500166778},"point_estimate":12591.214371198465,"standard_error":1810.2042040411159},"slope":null,"std_dev":{"confidence_interval":{"confidence_level":0.95,"lower_bound":20170.10642094346,"upper_bound":30268.657236043164},"point_estimate":25686.207613417067,"standard_error":2582.901229844108}}