{"mean":{"confidence_interval":{"confidence_level":0.95,"lower_bound":14323020.3741875,"upper_bound":14342120.2093125},"point_estimate":14331995.13,"standard_error":4875.838793556123},"median":{"confidence_interval":{"confidence_level":0.95,"lower_bound":14315501.625,"upper_bound":14329385.5},"point_estimate":14324291.25,"standard_error":3292.3953169845727},"median_abs_dev":{"confidence_interval":{"confidence_level":0.95,"lower_bound":24818.723559379578,"upper_bound":39036.560786962495},"point_estimate":32206.519228219986,"standard_error":3583.241196306688},"slope":null,"std_dev":{"confidence_interval":{"confidence_level":0.95,"lower_bound":34560.92207258275,"upper_bound":64053.95372333384},"point_estimate":48975.7353684006,"standard_error":7801.165205946164}}