{"mean":{"confidence_interval":{"confidence_level":0.95,"lower_bound":48371.116269377715,"upper_bound":48565.024824374406},"point_estimate":48460.076631802505,"standard_error":49.5693527791608},"median":{"confidence_interval":{"confidence_level":0.95,"lower_bound":48453.333688699364,"upper_bound":48588.66507936508},"point_estimate":48489.41165019467,"standard_error":33.29587387531356},"median_abs_dev":{"confidence_interval":{"confidence_level":0.95,"lower_bound":186.65113472466672,"upper_bound":336.1438907365441},"point_estimate":275.27094920101086,"standard_error":39.83217493831981},"slope":{"confidence_interval":{"confidence_level":0.95,"lower_bound":48327.10410664683,"upper_bound":48460.171540960066},"point_estimate":48395.909305734414,"standard_error":34.1001680349946},"std_dev":{"confidence_interval":{"confidence_level":0.95,"lower_bound":302.1590689884334,"upper_bound":726.9776695141032},"point_estimate":499.41665899862016,"standard_error":125.99343464193046}}