{"mean":{"confidence_interval":{"confidence_level":0.95,"lower_bound":55455159.21925,"upper_bound":55547494.250250004},"point_estimate":55499852.305,"standard_error":23551.2510465892},"median":{"confidence_interval":{"confidence_level":0.95,"lower_bound":55378219.25,"upper_bound":55442488.0},"point_estimate":55408532.0,"standard_error":17160.007132670646},"median_abs_dev":{"confidence_interval":{"confidence_level":0.95,"lower_bound":89632.80530869961,"upper_bound":187829.84936535358},"point_estimate":125172.9505777359,"standard_error":26882.57435666103},"slope":null,"std_dev":{"confidence_interval":{"confidence_level":0.95,"lower_bound":191101.59711150464,"upper_bound":275951.44533636916},"point_estimate":237281.47397394295,"standard_error":21623.994526491908}}