{"mean":{"confidence_interval":{"confidence_level":0.95,"lower_bound":60588110.44275,"upper_bound":60676276.938375},"point_estimate":60629501.805,"standard_error":22540.837041165363},"median":{"confidence_interval":{"confidence_level":0.95,"lower_bound":60530375.0,"upper_bound":60576768.0},"point_estimate":60554194.25,"standard_error":10873.244174410544},"median_abs_dev":{"confidence_interval":{"confidence_level":0.95,"lower_bound":62781.437185406685,"upper_bound":121130.64174950123},"point_estimate":90107.23730027676,"standard_error":14369.326566948786},"slope":null,"std_dev":{"confidence_interval":{"confidence_level":0.95,"lower_bound":154493.53226953786,"upper_bound":287354.59628051746},"point_estimate":226213.7095592351,"standard_error":33983.36619088335}}