{"mean":{"confidence_interval":{"confidence_level":0.95,"lower_bound":60712912.220625,"upper_bound":60794158.087},"point_estimate":60752024.185,"standard_error":20781.455245420508},"median":{"confidence_interval":{"confidence_level":0.95,"lower_bound":60640449.0,"upper_bound":60691322.5},"point_estimate":60671144.75,"standard_error":15866.240638009833},"median_abs_dev":{"confidence_interval":{"confidence_level":0.95,"lower_bound":57660.16622632742,"upper_bound":121206.99564814568},"point_estimate":90763.28778862953,"standard_error":18605.112283334434},"slope":null,"std_dev":{"confidence_interval":{"confidence_level":0.95,"lower_bound":162230.96486185954,"upper_bound":246035.86676961638},"point_estimate":207861.6161361097,"standard_error":21427.782718696464}}