{"mean":{"confidence_interval":{"confidence_level":0.95,"lower_bound":56292029.470125005,"upper_bound":56342918.92425},"point_estimate":56314293.03,"standard_error":13056.2416903865},"median":{"confidence_interval":{"confidence_level":0.95,"lower_bound":56269381.0,"upper_bound":56305322.5},"point_estimate":56288802.75,"standard_error":8917.499802511311},"median_abs_dev":{"confidence_interval":{"confidence_level":0.95,"lower_bound":47822.00345098972,"upper_bound":83521.15756720304},"point_estimate":65079.09649461508,"standard_error":9279.368650341548},"slope":null,"std_dev":{"confidence_interval":{"confidence_level":0.95,"lower_bound":61745.45478069436,"upper_bound":196413.07529265844},"point_estimate":130964.9136500604,"standard_error":36894.004432723916}}