{"mean":{"confidence_interval":{"confidence_level":0.95,"lower_bound":147622.00979402525,"upper_bound":147893.79288374833},"point_estimate":147758.18248943982,"standard_error":69.66457654537075},"median":{"confidence_interval":{"confidence_level":0.95,"lower_bound":147675.7423146474,"upper_bound":147973.5900621118},"point_estimate":147834.29523809522,"standard_error":60.77191970417399},"median_abs_dev":{"confidence_interval":{"confidence_level":0.95,"lower_bound":489.87205782478355,"upper_bound":888.0688966975378},"point_estimate":673.0254495675042,"standard_error":104.20982732983583},"slope":{"confidence_interval":{"confidence_level":0.95,"lower_bound":147518.04165142242,"upper_bound":147797.76756914848},"point_estimate":147660.46590175008,"standard_error":71.53737070503418},"std_dev":{"confidence_interval":{"confidence_level":0.95,"lower_bound":598.3720465725122,"upper_bound":795.006535732495},"point_estimate":700.1629015021626,"standard_error":50.32264225307105}}