{"mean":{"confidence_interval":{"confidence_level":0.95,"lower_bound":156449.70386537022,"upper_bound":156737.49198954308},"point_estimate":156590.34304699427,"standard_error":73.39931546547122},"median":{"confidence_interval":{"confidence_level":0.95,"lower_bound":156336.27564102566,"upper_bound":156648.38145416227},"point_estimate":156447.86153846153,"standard_error":67.98465029413997},"median_abs_dev":{"confidence_interval":{"confidence_level":0.95,"lower_bound":440.44833918453116,"upper_bound":925.7505057167729},"point_estimate":693.8353856572623,"standard_error":125.66888830356045},"slope":{"confidence_interval":{"confidence_level":0.95,"lower_bound":156569.40429586818,"upper_bound":156944.20920666447},"point_estimate":156757.78415409624,"standard_error":95.71220945708718},"std_dev":{"confidence_interval":{"confidence_level":0.95,"lower_bound":599.8610807801133,"upper_bound":878.4873275299707},"point_estimate":737.5190029689422,"standard_error":71.8322900300457}}