{"mean":{"confidence_interval":{"confidence_level":0.95,"lower_bound":1807646.205361916,"upper_bound":2240940.8041004455},"point_estimate":1978007.3995428097,"standard_error":116303.59469393369},"median":{"confidence_interval":{"confidence_level":0.95,"lower_bound":1776641.75,"upper_bound":1786513.6465949821},"point_estimate":1781216.6768346597,"standard_error":2784.379588316925},"median_abs_dev":{"confidence_interval":{"confidence_level":0.95,"lower_bound":12903.839820048557,"upper_bound":25461.256980500155},"point_estimate":18107.874103546572,"standard_error":3431.580454015385},"slope":{"confidence_interval":{"confidence_level":0.95,"lower_bound":1789061.4231172516,"upper_bound":2143247.6699067876},"point_estimate":1906547.4226983893,"standard_error":101065.70414605892},"std_dev":{"confidence_interval":{"confidence_level":0.95,"lower_bound":75242.82219198246,"upper_bound":1876877.775111869},"point_estimate":1165920.2467725023,"standard_error":498898.8889575077}}