{"mean":{"confidence_interval":{"confidence_level":0.95,"lower_bound":1557695.3527733965,"upper_bound":1707304.0665560532},"point_estimate":1617938.4727458158,"standard_error":41106.08348464091},"median":{"confidence_interval":{"confidence_level":0.95,"lower_bound":1556741.0092592593,"upper_bound":1561288.2164179105},"point_estimate":1558713.6836451837,"standard_error":1113.165493282889},"median_abs_dev":{"confidence_interval":{"confidence_level":0.95,"lower_bound":9754.760468481692,"upper_bound":16998.731646445507},"point_estimate":13752.017447739394,"standard_error":1898.506045355548},"slope":{"confidence_interval":{"confidence_level":0.95,"lower_bound":1564500.3648961606,"upper_bound":1698414.721985111},"point_estimate":1610716.0124264813,"standard_error":37455.3667524549},"std_dev":{"confidence_interval":{"confidence_level":0.95,"lower_bound":13537.181341391735,"upper_bound":647126.5826589217},"point_estimate":414654.2278137456,"standard_error":174638.21183431067}}