{"mean":{"confidence_interval":{"confidence_level":0.95,"lower_bound":5384267.386763158,"upper_bound":5393508.666947368},"point_estimate":5388670.984736841,"standard_error":2365.0578889329827},"median":{"confidence_interval":{"confidence_level":0.95,"lower_bound":5382569.894736842,"upper_bound":5388902.157894737},"point_estimate":5385307.763157895,"standard_error":1424.3463108038482},"median_abs_dev":{"confidence_interval":{"confidence_level":0.95,"lower_bound":12622.7001127446,"upper_bound":19622.36671479103},"point_estimate":15656.684895722925,"standard_error":1820.1034486049762},"slope":null,"std_dev":{"confidence_interval":{"confidence_level":0.95,"lower_bound":17251.838174612763,"upper_bound":30057.349023683102},"point_estimate":23696.617469260145,"standard_error":3311.6721793562624}}