{"mean":{"confidence_interval":{"confidence_level":0.95,"lower_bound":506858173.08375,"upper_bound":515131822.079},"point_estimate":510978110.13,"standard_error":2111691.2358798604},"median":{"confidence_interval":{"confidence_level":0.95,"lower_bound":501044888.0,"upper_bound":515856338.0},"point_estimate":508188067.0,"standard_error":3108407.5376107628},"median_abs_dev":{"confidence_interval":{"confidence_level":0.95,"lower_bound":20096073.32482338,"upper_bound":30920022.753059864},"point_estimate":28698654.331997037,"standard_error":2830692.5297270245},"slope":null,"std_dev":{"confidence_interval":{"confidence_level":0.95,"lower_bound":19052943.383148365,"upper_bound":23084169.41935632},"point_estimate":21234093.118747625,"standard_error":1033431.0342768263}}