{"mean":{"confidence_interval":{"confidence_level":0.95,"lower_bound":410263085.282,"upper_bound":414600962.82600003},"point_estimate":412393464.93,"standard_error":1107312.1140550957},"median":{"confidence_interval":{"confidence_level":0.95,"lower_bound":409208479.0,"upper_bound":413176660.0},"point_estimate":411442637.0,"standard_error":1063301.0410609746},"median_abs_dev":{"confidence_interval":{"confidence_level":0.95,"lower_bound":6338638.245266676,"upper_bound":11859050.32145977},"point_estimate":9304426.784813404,"standard_error":1443968.8626026327},"slope":null,"std_dev":{"confidence_interval":{"confidence_level":0.95,"lower_bound":9365936.683631413,"upper_bound":12728539.4930532},"point_estimate":11132911.385383341,"standard_error":859073.9275785031}}