{"mean":{"confidence_interval":{"confidence_level":0.95,"lower_bound":4103785.996153846,"upper_bound":4112369.7235961515},"point_estimate":4107889.280769229,"standard_error":2192.1870098213712},"median":{"confidence_interval":{"confidence_level":0.95,"lower_bound":4095580.4615384615,"upper_bound":4108051.3846153845},"point_estimate":4099532.807692308,"standard_error":2816.3317214130034},"median_abs_dev":{"confidence_interval":{"confidence_level":0.95,"lower_bound":9248.401612731073,"upper_bound":23091.893751575422},"point_estimate":15384.59778840797,"standard_error":3484.6053695725673},"slope":null,"std_dev":{"confidence_interval":{"confidence_level":0.95,"lower_bound":16276.407237030005,"upper_bound":27606.20582998754},"point_estimate":21965.92878141275,"standard_error":2947.4558494087655}}