{"mean":{"confidence_interval":{"confidence_level":0.95,"lower_bound":433267393.7375,"upper_bound":434075761.0325},"point_estimate":433667365.9,"standard_error":206565.79692996666},"median":{"confidence_interval":{"confidence_level":0.95,"lower_bound":433063502.0,"upper_bound":434056027.0},"point_estimate":433575334.5,"standard_error":266168.3949161315},"median_abs_dev":{"confidence_interval":{"confidence_level":0.95,"lower_bound":1858808.234399557,"upper_bound":3068706.1819195747},"point_estimate":2650091.8554514647,"standard_error":321701.4238404545},"slope":null,"std_dev":{"confidence_interval":{"confidence_level":0.95,"lower_bound":1836310.2979060886,"upper_bound":2286801.691176306},"point_estimate":2075397.909468396,"standard_error":114793.45172332885}}