{"mean":{"confidence_interval":{"confidence_level":0.95,"lower_bound":419780097.001,"upper_bound":422813098.30725},"point_estimate":421295405.71,"standard_error":774081.4661492821},"median":{"confidence_interval":{"confidence_level":0.95,"lower_bound":418918920.0,"upper_bound":423777614.0},"point_estimate":420911089.0,"standard_error":1117153.6549626186},"median_abs_dev":{"confidence_interval":{"confidence_level":0.95,"lower_bound":6630265.660089254,"upper_bound":10109715.04521668},"point_estimate":8690525.872412324,"standard_error":890733.5933507747},"slope":null,"std_dev":{"confidence_interval":{"confidence_level":0.95,"lower_bound":6814957.898804992,"upper_bound":8660131.364398906},"point_estimate":7791095.6288190475,"standard_error":472322.4828150464}}