{"mean":{"confidence_interval":{"confidence_level":0.95,"lower_bound":955788.2915896467,"upper_bound":1102885.055842304},"point_estimate":1014877.185547145,"standard_error":39736.99049580911},"median":{"confidence_interval":{"confidence_level":0.95,"lower_bound":950081.9209197236,"upper_bound":962315.1586050083},"point_estimate":955097.4315666241,"standard_error":3374.5222948358833},"median_abs_dev":{"confidence_interval":{"confidence_level":0.95,"lower_bound":23071.6424755901,"upper_bound":43677.197447560575},"point_estimate":33864.95534627194,"standard_error":5206.667942743118},"slope":{"confidence_interval":{"confidence_level":0.95,"lower_bound":977464.1248425578,"upper_bound":1156580.953631481},"point_estimate":1039823.1047436087,"standard_error":49747.64311846403},"std_dev":{"confidence_interval":{"confidence_level":0.95,"lower_bound":28934.194122636007,"upper_bound":628730.4644849803},"point_estimate":398048.93410851,"standard_error":164944.50884123132}}