{"mean":{"confidence_interval":{"confidence_level":0.95,"lower_bound":246566.00062502417,"upper_bound":247401.22983894215},"point_estimate":246892.08019748333,"standard_error":222.6634055331778},"median":{"confidence_interval":{"confidence_level":0.95,"lower_bound":246342.28177966102,"upper_bound":246405.3},"point_estimate":246377.53574074074,"standard_error":13.431971420091896},"median_abs_dev":{"confidence_interval":{"confidence_level":0.95,"lower_bound":117.28815670767364,"upper_bound":223.25930520945195},"point_estimate":173.6571247237347,"standard_error":27.47028701520437},"slope":{"confidence_interval":{"confidence_level":0.95,"lower_bound":246520.78279327558,"upper_bound":246903.97060766353},"point_estimate":246699.16006317423,"standard_error":98.1721162992736},"std_dev":{"confidence_interval":{"confidence_level":0.95,"lower_bound":605.7082266235675,"upper_bound":3702.0982031513745},"point_estimate":2246.8072636639977,"standard_error":1012.9423452250161}}