{"mean":{"confidence_interval":{"confidence_level":0.95,"lower_bound":266728.9319856479,"upper_bound":267176.1792136136},"point_estimate":266935.62712772685,"standard_error":114.92555274254634},"median":{"confidence_interval":{"confidence_level":0.95,"lower_bound":266540.2046875,"upper_bound":266686.47843137255},"point_estimate":266606.83755370125,"standard_error":35.54902404946938},"median_abs_dev":{"confidence_interval":{"confidence_level":0.95,"lower_bound":270.6243669985686,"upper_bound":443.5720702500031},"point_estimate":343.88591436454493,"standard_error":44.33013888114203},"slope":{"confidence_interval":{"confidence_level":0.95,"lower_bound":266661.80767169886,"upper_bound":267304.2474065311},"point_estimate":266938.74176887836,"standard_error":165.53424868537797},"std_dev":{"confidence_interval":{"confidence_level":0.95,"lower_bound":690.4490829369043,"upper_bound":1531.8560445055298},"point_estimate":1159.716149847421,"standard_error":214.78387169040917}}