{"mean":{"confidence_interval":{"confidence_level":0.95,"lower_bound":797990877.553,"upper_bound":801199443.1585001},"point_estimate":799600863.82,"standard_error":819781.6432837413},"median":{"confidence_interval":{"confidence_level":0.95,"lower_bound":798222478.0,"upper_bound":801823649.0},"point_estimate":799940289.5,"standard_error":995255.573823334},"median_abs_dev":{"confidence_interval":{"confidence_level":0.95,"lower_bound":3552697.9781270027,"upper_bound":8350324.034652114},"point_estimate":6366950.715664029,"standard_error":1240154.613383586},"slope":null,"std_dev":{"confidence_interval":{"confidence_level":0.95,"lower_bound":4749744.953565037,"upper_bound":6794108.61974899},"point_estimate":5858207.941045803,"standard_error":522006.4932567712}}