{"mean":{"confidence_interval":{"confidence_level":0.95,"lower_bound":2166440.098041667,"upper_bound":2169371.0273541664},"point_estimate":2167847.519166667,"standard_error":747.2095716400088},"median":{"confidence_interval":{"confidence_level":0.95,"lower_bound":2164184.4375,"upper_bound":2167212.0833333335},"point_estimate":2165096.8125,"standard_error":729.0416303659697},"median_abs_dev":{"confidence_interval":{"confidence_level":0.95,"lower_bound":3245.565779879459,"upper_bound":6945.888214185834},"point_estimate":4318.62839832902,"standard_error":882.8635001923333},"slope":null,"std_dev":{"confidence_interval":{"confidence_level":0.95,"lower_bound":5760.970217054765,"upper_bound":9068.224132670672},"point_estimate":7489.0797489658935,"standard_error":847.8561044926573}}