{"mean":{"confidence_interval":{"confidence_level":0.95,"lower_bound":18062122.862708338,"upper_bound":18090657.266916674},"point_estimate":18076445.873333327,"standard_error":7297.937683783483},"median":{"confidence_interval":{"confidence_level":0.95,"lower_bound":18065406.666666668,"upper_bound":18098444.5},"point_estimate":18085180.083333336,"standard_error":8063.558052568049},"median_abs_dev":{"confidence_interval":{"confidence_level":0.95,"lower_bound":49532.584058119086,"upper_bound":79942.90253072977},"point_estimate":63144.179978968554,"standard_error":7750.259233743579},"slope":null,"std_dev":{"confidence_interval":{"confidence_level":0.95,"lower_bound":62915.28695192352,"upper_bound":82052.00397119064},"point_estimate":73166.0086969992,"standard_error":4901.998859504535}}