{"mean":{"confidence_interval":{"confidence_level":0.95,"lower_bound":9541072.964136368,"upper_bound":9553210.575818185},"point_estimate":9547141.772727273,"standard_error":3099.534440698097},"median":{"confidence_interval":{"confidence_level":0.95,"lower_bound":9540941.454545455,"upper_bound":9553168.181818182},"point_estimate":9547068.181818182,"standard_error":2909.6324394248463},"median_abs_dev":{"confidence_interval":{"confidence_level":0.95,"lower_bound":24578.609754550787,"upper_bound":40386.427628451755},"point_estimate":32548.932431231216,"standard_error":4094.690679459493},"slope":null,"std_dev":{"confidence_interval":{"confidence_level":0.95,"lower_bound":26971.65469424605,"upper_bound":34882.34054284619},"point_estimate":31154.803935300457,"standard_error":2019.1775623653696}}