{"mean":{"confidence_interval":{"confidence_level":0.95,"lower_bound":1730334.396360036,"upper_bound":1732004.1714455409},"point_estimate":1731143.1561267667,"standard_error":425.51896907969467},"median":{"confidence_interval":{"confidence_level":0.95,"lower_bound":1728918.2888206388,"upper_bound":1730861.4615384615},"point_estimate":1729803.2820985434,"standard_error":501.44868467924556},"median_abs_dev":{"confidence_interval":{"confidence_level":0.95,"lower_bound":2287.1716341657584,"upper_bound":4530.5062150221065},"point_estimate":3230.084257636693,"standard_error":576.8913271818445},"slope":{"confidence_interval":{"confidence_level":0.95,"lower_bound":1729728.377735339,"upper_bound":1731274.0554664289},"point_estimate":1730460.2860617703,"standard_error":393.14500471899606},"std_dev":{"confidence_interval":{"confidence_level":0.95,"lower_bound":3495.0635702893483,"upper_bound":4996.776805521896},"point_estimate":4292.646128112767,"standard_error":383.4873511668717}}