{"mean":{"confidence_interval":{"confidence_level":0.95,"lower_bound":2717855763.185,"upper_bound":2755503053.168},"point_estimate":2737414905.04,"standard_error":9631917.975139787},"median":{"confidence_interval":{"confidence_level":0.95,"lower_bound":2766627118.0,"upper_bound":2776681166.0},"point_estimate":2772821188.0,"standard_error":2815261.154630173},"median_abs_dev":{"confidence_interval":{"confidence_level":0.95,"lower_bound":7811266.9928222895,"upper_bound":24210303.819081187},"point_estimate":12053356.908810139,"standard_error":4457972.516062971},"slope":null,"std_dev":{"confidence_interval":{"confidence_level":0.95,"lower_bound":53953828.40116734,"upper_bound":77067046.97490609},"point_estimate":68433529.41752245,"standard_error":5963393.9990379345}}