{"mean":{"confidence_interval":{"confidence_level":0.95,"lower_bound":147189278.15425,"upper_bound":147530257.94599998},"point_estimate":147351018.9,"standard_error":87148.26189565979},"median":{"confidence_interval":{"confidence_level":0.95,"lower_bound":147032120.0,"upper_bound":147340827.0},"point_estimate":147217951.5,"standard_error":83906.8981330791},"median_abs_dev":{"confidence_interval":{"confidence_level":0.95,"lower_bound":487271.307349205,"upper_bound":754290.5278086662},"point_estimate":643657.4351727962,"standard_error":66888.24881468684},"slope":null,"std_dev":{"confidence_interval":{"confidence_level":0.95,"lower_bound":642053.663515274,"upper_bound":1080655.1732526098},"point_estimate":874019.8984529164,"standard_error":112412.7844125635}}