{"mean":{"confidence_interval":{"confidence_level":0.95,"lower_bound":71028610.17224999,"upper_bound":71196127.732125},"point_estimate":71110025.465,"standard_error":42905.49908189527},"median":{"confidence_interval":{"confidence_level":0.95,"lower_bound":70905311.5,"upper_bound":71055079.0},"point_estimate":70965403.25,"standard_error":43306.86785847891},"median_abs_dev":{"confidence_interval":{"confidence_level":0.95,"lower_bound":223665.15249039987,"upper_bound":423989.4926726818},"point_estimate":314527.6540160179,"standard_error":54067.43070536237},"slope":null,"std_dev":{"confidence_interval":{"confidence_level":0.95,"lower_bound":349018.6550766886,"upper_bound":502938.33729631756},"point_estimate":430185.0070648383,"standard_error":39295.24215843521}}