{"mean":{"confidence_interval":{"confidence_level":0.95,"lower_bound":17568159.085428566,"upper_bound":17923454.569892853},"point_estimate":17751854.19285714,"standard_error":90860.39752957872},"median":{"confidence_interval":{"confidence_level":0.95,"lower_bound":18167233.714285713,"upper_bound":18204708.5},"point_estimate":18189527.214285716,"standard_error":9304.333292387479},"median_abs_dev":{"confidence_interval":{"confidence_level":0.95,"lower_bound":53901.102828063384,"upper_bound":98542.06625052624},"point_estimate":74970.20926901036,"standard_error":11625.920532517124},"slope":null,"std_dev":{"confidence_interval":{"confidence_level":0.95,"lower_bound":751599.1719457534,"upper_bound":1029560.9492997695},"point_estimate":913080.5068802306,"standard_error":71330.21692403745}}