{"mean":{"confidence_interval":{"confidence_level":0.95,"lower_bound":381797768.58,"upper_bound":384349737.61325},"point_estimate":383092698.32,"standard_error":651020.929591792},"median":{"confidence_interval":{"confidence_level":0.95,"lower_bound":381943800.0,"upper_bound":384562436.0},"point_estimate":383342621.5,"standard_error":682514.1395614306},"median_abs_dev":{"confidence_interval":{"confidence_level":0.95,"lower_bound":3746372.977888584,"upper_bound":7914518.034864217},"point_estimate":5429174.356412888,"standard_error":1109109.7571891367},"slope":null,"std_dev":{"confidence_interval":{"confidence_level":0.95,"lower_bound":5487738.9607305415,"upper_bound":7537915.6117035905},"point_estimate":6547045.962505657,"standard_error":523531.4272844192}}