{"mean":{"confidence_interval":{"confidence_level":0.95,"lower_bound":2789369.549379227,"upper_bound":2801493.86385088},"point_estimate":2794968.385006261,"standard_error":3107.493279448842},"median":{"confidence_interval":{"confidence_level":0.95,"lower_bound":2782177.1289473684,"upper_bound":2801978.6808149405},"point_estimate":2790822.483760684,"standard_error":4358.545105654667},"median_abs_dev":{"confidence_interval":{"confidence_level":0.95,"lower_bound":12448.769653064084,"upper_bound":25615.566330232945},"point_estimate":19641.412982372185,"standard_error":3214.615466000293},"slope":{"confidence_interval":{"confidence_level":0.95,"lower_bound":2794826.090878127,"upper_bound":2803834.7227606704},"point_estimate":2799807.528177053,"standard_error":2301.318872499692},"std_dev":{"confidence_interval":{"confidence_level":0.95,"lower_bound":14517.791026139788,"upper_bound":31034.040545155567},"point_estimate":22223.23657751196,"standard_error":4874.17216118712}}