{"mean":{"confidence_interval":{"confidence_level":0.95,"lower_bound":2745722.6664609313,"upper_bound":2756830.732901898},"point_estimate":2750745.7052060934,"standard_error":2840.5981124744817},"median":{"confidence_interval":{"confidence_level":0.95,"lower_bound":2742122.7407407407,"upper_bound":2748558.5538140023},"point_estimate":2744231.119949495,"standard_error":1687.4262162046998},"median_abs_dev":{"confidence_interval":{"confidence_level":0.95,"lower_bound":6000.888019616732,"upper_bound":16075.902114595965},"point_estimate":11194.609179095878,"standard_error":2859.0497965957375},"slope":{"confidence_interval":{"confidence_level":0.95,"lower_bound":2739878.590689438,"upper_bound":2748643.0499993544},"point_estimate":2743621.4913686663,"standard_error":2240.49838835779},"std_dev":{"confidence_interval":{"confidence_level":0.95,"lower_bound":10646.509725243994,"upper_bound":28541.84427606835},"point_estimate":20293.806721901543,"standard_error":4657.251258798877}}