{"mean":{"confidence_interval":{"confidence_level":0.95,"lower_bound":359845647.1505,"upper_bound":360494609.68324995},"point_estimate":360164381.43,"standard_error":165650.6436638943},"median":{"confidence_interval":{"confidence_level":0.95,"lower_bound":359070141.5,"upper_bound":360100942.5},"point_estimate":359490670.0,"standard_error":275947.4112244031},"median_abs_dev":{"confidence_interval":{"confidence_level":0.95,"lower_bound":763452.2543460131,"upper_bound":2024619.99155581},"point_estimate":1352366.168090701,"standard_error":336790.6663135284},"slope":null,"std_dev":{"confidence_interval":{"confidence_level":0.95,"lower_bound":1438818.6702379526,"upper_bound":1855848.7486565558},"point_estimate":1662826.812522775,"standard_error":106570.30918856787}}