{"mean":{"confidence_interval":{"confidence_level":0.95,"lower_bound":19546.648887799383,"upper_bound":19581.882589986886},"point_estimate":19562.35920745654,"standard_error":9.055746312027393},"median":{"confidence_interval":{"confidence_level":0.95,"lower_bound":19532.845767575323,"upper_bound":19542.62814418697},"point_estimate":19536.56160795314,"standard_error":2.1720738486930213},"median_abs_dev":{"confidence_interval":{"confidence_level":0.95,"lower_bound":8.978884280636223,"upper_bound":19.965449726647115},"point_estimate":14.011532416945995,"standard_error":2.6072848870817955},"slope":{"confidence_interval":{"confidence_level":0.95,"lower_bound":19535.003155018727,"upper_bound":19555.72435524962},"point_estimate":19544.919525204496,"standard_error":5.260095845264056},"std_dev":{"confidence_interval":{"confidence_level":0.95,"lower_bound":40.20613483995571,"upper_bound":129.8866852259545},"point_estimate":90.73997584636344,"standard_error":22.83309931632693}}