{"mean":{"confidence_interval":{"confidence_level":0.95,"lower_bound":2335940119.844,"upper_bound":2341428482.5455},"point_estimate":2338800871.68,"standard_error":1398117.037777267},"median":{"confidence_interval":{"confidence_level":0.95,"lower_bound":2338156248.0,"upper_bound":2343339085.0},"point_estimate":2339905392.5,"standard_error":1322066.4240044018},"median_abs_dev":{"confidence_interval":{"confidence_level":0.95,"lower_bound":5450878.137427568,"upper_bound":10359305.747010557},"point_estimate":8369807.622206211,"standard_error":1271777.5922018932},"slope":null,"std_dev":{"confidence_interval":{"confidence_level":0.95,"lower_bound":6847173.506098512,"upper_bound":12591212.654802615},"point_estimate":9991494.044241268,"standard_error":1468113.5009929002}}