{"mean":{"confidence_interval":{"confidence_level":0.95,"lower_bound":29828.512692877845,"upper_bound":29866.48627747201},"point_estimate":29846.971220243006,"standard_error":9.678729972052528},"median":{"confidence_interval":{"confidence_level":0.95,"lower_bound":29796.18997867804,"upper_bound":29830.245694603902},"point_estimate":29813.25519690703,"standard_error":9.039011717211677},"median_abs_dev":{"confidence_interval":{"confidence_level":0.95,"lower_bound":48.894129530632725,"upper_bound":95.16394219954779},"point_estimate":72.27595841833806,"standard_error":11.687002059520303},"slope":{"confidence_interval":{"confidence_level":0.95,"lower_bound":29837.988971473016,"upper_bound":29887.441385518792},"point_estimate":29861.9934814475,"standard_error":12.637461499113584},"std_dev":{"confidence_interval":{"confidence_level":0.95,"lower_bound":79.90998781115826,"upper_bound":113.07253683219943},"point_estimate":97.60454058452929,"standard_error":8.485458149904469}}