{"mean":{"confidence_interval":{"confidence_level":0.95,"lower_bound":39560.76244566588,"upper_bound":39660.354751663486},"point_estimate":39597.40041076684,"standard_error":27.888015901801804},"median":{"confidence_interval":{"confidence_level":0.95,"lower_bound":39543.684166139574,"upper_bound":39554.106519558176},"point_estimate":39548.31890404505,"standard_error":2.5695579128680173},"median_abs_dev":{"confidence_interval":{"confidence_level":0.95,"lower_bound":17.698698532069937,"upper_bound":33.18657288229772},"point_estimate":24.571891749973254,"standard_error":3.822661812097708},"slope":{"confidence_interval":{"confidence_level":0.95,"lower_bound":39556.09572542801,"upper_bound":39587.001853683025},"point_estimate":39570.27724435482,"standard_error":7.942709977267363},"std_dev":{"confidence_interval":{"confidence_level":0.95,"lower_bound":46.814408753971364,"upper_bound":473.03943650277967},"point_estimate":280.3800688386531,"standard_error":145.0634932993297}}