{"mean":{"confidence_interval":{"confidence_level":0.95,"lower_bound":67805.75614152185,"upper_bound":68060.52055839378},"point_estimate":67920.39770489204,"standard_error":65.28108376664915},"median":{"confidence_interval":{"confidence_level":0.95,"lower_bound":67650.66896551725,"upper_bound":67859.79080066131},"point_estimate":67715.05161964471,"standard_error":60.622105031739004},"median_abs_dev":{"confidence_interval":{"confidence_level":0.95,"lower_bound":187.32578241567595,"upper_bound":395.2118230651452},"point_estimate":288.2126331195484,"standard_error":56.91038672056324},"slope":{"confidence_interval":{"confidence_level":0.95,"lower_bound":67736.86554996211,"upper_bound":67870.02389095633},"point_estimate":67802.00166446701,"standard_error":33.88034491962889},"std_dev":{"confidence_interval":{"confidence_level":0.95,"lower_bound":304.37679984156597,"upper_bound":910.7701762337903},"point_estimate":654.8866287633997,"standard_error":146.85420739875082}}