{"mean":{"confidence_interval":{"confidence_level":0.95,"lower_bound":104550.00919938213,"upper_bound":104661.85025793398},"point_estimate":104602.5972121722,"standard_error":28.685235867637445},"median":{"confidence_interval":{"confidence_level":0.95,"lower_bound":104483.62416666668,"upper_bound":104556.36276595746},"point_estimate":104520.21344086021,"standard_error":19.196154974456427},"median_abs_dev":{"confidence_interval":{"confidence_level":0.95,"lower_bound":100.844070526261,"upper_bound":174.7183963575804},"point_estimate":147.6277949785524,"standard_error":18.638833164144053},"slope":{"confidence_interval":{"confidence_level":0.95,"lower_bound":104499.05564954622,"upper_bound":104644.53783304479},"point_estimate":104562.11662509236,"standard_error":37.36880394643211},"std_dev":{"confidence_interval":{"confidence_level":0.95,"lower_bound":191.47781410171154,"upper_bound":371.39428713558675},"point_estimate":288.08113461099936,"standard_error":46.074134852161414}}