{"mean":{"confidence_interval":{"confidence_level":0.95,"lower_bound":86575643.189,"upper_bound":86660824.35425},"point_estimate":86617549.315,"standard_error":21730.194417856088},"median":{"confidence_interval":{"confidence_level":0.95,"lower_bound":86547812.0,"upper_bound":86630264.0},"point_estimate":86600976.75,"standard_error":21952.911887785707},"median_abs_dev":{"confidence_interval":{"confidence_level":0.95,"lower_bound":157039.21311199665,"upper_bound":244567.4677580595},"point_estimate":212729.00397330523,"standard_error":22548.07627657831},"slope":null,"std_dev":{"confidence_interval":{"confidence_level":0.95,"lower_bound":182666.819598063,"upper_bound":249825.49958995127},"point_estimate":218187.8620444514,"standard_error":17159.527671282474}}