{"mean":{"confidence_interval":{"confidence_level":0.95,"lower_bound":80974850.324125,"upper_bound":81090463.182625},"point_estimate":81031448.68,"standard_error":29619.977583849974},"median":{"confidence_interval":{"confidence_level":0.95,"lower_bound":80895636.0,"upper_bound":81022504.0},"point_estimate":80959516.0,"standard_error":40559.25640363727},"median_abs_dev":{"confidence_interval":{"confidence_level":0.95,"lower_bound":168436.32975965738,"upper_bound":327450.7737515867},"point_estimate":235160.00027507544,"standard_error":43576.40946348992},"slope":null,"std_dev":{"confidence_interval":{"confidence_level":0.95,"lower_bound":247182.04237797426,"upper_bound":344863.1800631077},"point_estimate":298336.94936987915,"standard_error":24991.882111921648}}