{"mean":{"confidence_interval":{"confidence_level":0.95,"lower_bound":92930046.19325,"upper_bound":93038474.623375},"point_estimate":92982619.115,"standard_error":27744.066347166965},"median":{"confidence_interval":{"confidence_level":0.95,"lower_bound":92853536.0,"upper_bound":92954279.0},"point_estimate":92902952.5,"standard_error":24977.436581913174},"median_abs_dev":{"confidence_interval":{"confidence_level":0.95,"lower_bound":153041.38228297234,"upper_bound":256583.9683434738},"point_estimate":197156.51514977217,"standard_error":25953.546882483166},"slope":null,"std_dev":{"confidence_interval":{"confidence_level":0.95,"lower_bound":223390.73041706398,"upper_bound":326964.23678275966},"point_estimate":278568.7428648852,"standard_error":26442.1316247841}}