{"mean":{"confidence_interval":{"confidence_level":0.95,"lower_bound":6428.790881241584,"upper_bound":6446.0156196190765},"point_estimate":6435.030499709826,"standard_error":4.984736932233505},"median":{"confidence_interval":{"confidence_level":0.95,"lower_bound":6426.655415309446,"upper_bound":6427.959283387622},"point_estimate":6427.013271414737,"standard_error":0.34621176667499604},"median_abs_dev":{"confidence_interval":{"confidence_level":0.95,"lower_bound":1.7056393554131315,"upper_bound":3.7177683379057824},"point_estimate":2.868351280532573,"standard_error":0.5284800275926845},"slope":{"confidence_interval":{"confidence_level":0.95,"lower_bound":6428.035925953015,"upper_bound":6432.528574875961},"point_estimate":6430.022602666995,"standard_error":1.15943672251561},"std_dev":{"confidence_interval":{"confidence_level":0.95,"lower_bound":5.7813205637930825,"upper_bound":85.02713263479252},"point_estimate":50.08199834537829,"standard_error":27.222936248586052}}