{"mean":{"confidence_interval":{"confidence_level":0.95,"lower_bound":3506390.4447666677,"upper_bound":3543739.7757333335},"point_estimate":3524161.8653333336,"standard_error":9536.449748119352},"median":{"confidence_interval":{"confidence_level":0.95,"lower_bound":3486411.966666667,"upper_bound":3515734.5},"point_estimate":3500716.6666666665,"standard_error":7579.3689089416985},"median_abs_dev":{"confidence_interval":{"confidence_level":0.95,"lower_bound":56299.95488047641,"upper_bound":98430.60297250729},"point_estimate":78641.74808383019,"standard_error":10936.105272485269},"slope":null,"std_dev":{"confidence_interval":{"confidence_level":0.95,"lower_bound":70304.14863679637,"upper_bound":118973.79354391833},"point_estimate":95673.28460198648,"standard_error":12468.368416341531}}