{"mean":{"confidence_interval":{"confidence_level":0.95,"lower_bound":176917846.24124998,"upper_bound":177301950.60125},"point_estimate":177093540.63,"standard_error":98097.96021369826},"median":{"confidence_interval":{"confidence_level":0.95,"lower_bound":176703858.0,"upper_bound":176902891.0},"point_estimate":176796759.0,"standard_error":57165.80523117726},"median_abs_dev":{"confidence_interval":{"confidence_level":0.95,"lower_bound":308649.1451203823,"upper_bound":623487.4038308859},"point_estimate":406193.10388863087,"standard_error":76304.44747606569},"slope":null,"std_dev":{"confidence_interval":{"confidence_level":0.95,"lower_bound":622230.255838516,"upper_bound":1393615.6449242097},"point_estimate":988471.7762037452,"standard_error":224034.5844996861}}