{"mean":{"confidence_interval":{"confidence_level":0.95,"lower_bound":232534.71665958103,"upper_bound":233026.99778809992},"point_estimate":232762.8323678301,"standard_error":126.1945433241693},"median":{"confidence_interval":{"confidence_level":0.95,"lower_bound":232197.07692307694,"upper_bound":232540.5825696831},"point_estimate":232310.75773809524,"standard_error":85.65248357044742},"median_abs_dev":{"confidence_interval":{"confidence_level":0.95,"lower_bound":396.1439265625714,"upper_bound":755.9533316940524},"point_estimate":514.385941619381,"standard_error":92.4695660114144},"slope":{"confidence_interval":{"confidence_level":0.95,"lower_bound":232543.9207497026,"upper_bound":233068.19116942404},"point_estimate":232782.08939756663,"standard_error":133.97758612171086},"std_dev":{"confidence_interval":{"confidence_level":0.95,"lower_bound":797.0082963985143,"upper_bound":1720.9417144594725},"point_estimate":1264.5167481725891,"standard_error":243.24597525714265}}