{"mean":{"confidence_interval":{"confidence_level":0.95,"lower_bound":88755330.295,"upper_bound":88917673.70924999},"point_estimate":88834585.47,"standard_error":41317.824093938645},"median":{"confidence_interval":{"confidence_level":0.95,"lower_bound":88638780.0,"upper_bound":88904410.25},"point_estimate":88805921.0,"standard_error":74499.26531708968},"median_abs_dev":{"confidence_interval":{"confidence_level":0.95,"lower_bound":304987.86448538303,"upper_bound":496335.9050557762},"point_estimate":399123.3259141445,"standard_error":55968.54272910182},"slope":null,"std_dev":{"confidence_interval":{"confidence_level":0.95,"lower_bound":336350.1251402316,"upper_bound":487970.63761071645},"point_estimate":414020.74884661176,"standard_error":38787.67790615995}}