{"mean":{"confidence_interval":{"confidence_level":0.95,"lower_bound":85007513.676375,"upper_bound":85138195.66087501},"point_estimate":85072232.73,"standard_error":33402.55658796973},"median":{"confidence_interval":{"confidence_level":0.95,"lower_bound":85009940.5,"upper_bound":85114468.0},"point_estimate":85058910.25,"standard_error":28185.544345487207},"median_abs_dev":{"confidence_interval":{"confidence_level":0.95,"lower_bound":235635.37742413583,"upper_bound":408230.9375524521},"point_estimate":321193.42349767685,"standard_error":42244.619432096326},"slope":null,"std_dev":{"confidence_interval":{"confidence_level":0.95,"lower_bound":285534.23526497657,"upper_bound":378801.75396348303},"point_estimate":334643.93512191565,"standard_error":23794.46457893373}}