{"mean":{"confidence_interval":{"confidence_level":0.95,"lower_bound":87564312.0675,"upper_bound":87760139.3215},"point_estimate":87659276.69,"standard_error":49916.97197292543},"median":{"confidence_interval":{"confidence_level":0.95,"lower_bound":87422143.5,"upper_bound":87658785.75},"point_estimate":87500927.75,"standard_error":69085.85565023948},"median_abs_dev":{"confidence_interval":{"confidence_level":0.95,"lower_bound":289472.76154708135,"upper_bound":536598.1497734785},"point_estimate":368658.12035501003,"standard_error":63122.487593621125},"slope":null,"std_dev":{"confidence_interval":{"confidence_level":0.95,"lower_bound":406842.30104326893,"upper_bound":585084.8574745368},"point_estimate":501195.6451302215,"standard_error":45519.80007446484}}