{"mean":{"confidence_interval":{"confidence_level":0.95,"lower_bound":34678143.717166655,"upper_bound":34722275.32816667},"point_estimate":34699657.153333336,"standard_error":11267.69451606407},"median":{"confidence_interval":{"confidence_level":0.95,"lower_bound":34660839.0,"upper_bound":34700072.0},"point_estimate":34676235.16666667,"standard_error":9805.03670866639},"median_abs_dev":{"confidence_interval":{"confidence_level":0.95,"lower_bound":78258.5454106294,"upper_bound":123695.04550397028},"point_estimate":97872.35466241837,"standard_error":11229.502397303153},"slope":null,"std_dev":{"confidence_interval":{"confidence_level":0.95,"lower_bound":93958.27935845515,"upper_bound":130308.19988459031},"point_estimate":113306.5331444935,"standard_error":9286.458939350387}}