{"mean":{"confidence_interval":{"confidence_level":0.95,"lower_bound":36904465.21941666,"upper_bound":36950255.09408333},"point_estimate":36926797.57666665,"standard_error":11672.830114240141},"median":{"confidence_interval":{"confidence_level":0.95,"lower_bound":36862933.666666664,"upper_bound":36927060.33333333},"point_estimate":36885944.66666667,"standard_error":18963.215415751827},"median_abs_dev":{"confidence_interval":{"confidence_level":0.95,"lower_bound":68060.48149168123,"upper_bound":139232.19902813804},"point_estimate":95606.69480265108,"standard_error":20273.38317390685},"slope":null,"std_dev":{"confidence_interval":{"confidence_level":0.95,"lower_bound":98532.92482821157,"upper_bound":133574.74319946763},"point_estimate":117007.27563492864,"standard_error":8946.583357745041}}