{"mean":{"confidence_interval":{"confidence_level":0.95,"lower_bound":176923404.546,"upper_bound":177101264.494},"point_estimate":177009078.04,"standard_error":45487.62262631073},"median":{"confidence_interval":{"confidence_level":0.95,"lower_bound":176780161.0,"upper_bound":176917227.0},"point_estimate":176834075.0,"standard_error":42474.83670244331},"median_abs_dev":{"confidence_interval":{"confidence_level":0.95,"lower_bound":202156.95421099663,"upper_bound":393677.73621082306},"point_estimate":293790.5281841755,"standard_error":48074.43870162282},"slope":null,"std_dev":{"confidence_interval":{"confidence_level":0.95,"lower_bound":345838.96703076136,"upper_bound":554330.8904242726},"point_estimate":456857.9117895468,"standard_error":53574.27769525825}}