{"mean":{"confidence_interval":{"confidence_level":0.95,"lower_bound":177866849.65475,"upper_bound":178062999.84925002},"point_estimate":177960151.8,"standard_error":49994.64367135875},"median":{"confidence_interval":{"confidence_level":0.95,"lower_bound":177676276.0,"upper_bound":177903347.5},"point_estimate":177755009.5,"standard_error":54402.7529772537},"median_abs_dev":{"confidence_interval":{"confidence_level":0.95,"lower_bound":183005.11693350974,"upper_bound":462783.20358395576},"point_estimate":294719.3770676851,"standard_error":68300.94008445491},"slope":null,"std_dev":{"confidence_interval":{"confidence_level":0.95,"lower_bound":370888.94413077744,"upper_bound":629024.6294348829},"point_estimate":502082.14752735104,"standard_error":66807.30132946224}}