{"mean":{"confidence_interval":{"confidence_level":0.95,"lower_bound":129082.93496205198,"upper_bound":129332.89094978092},"point_estimate":129201.56763107856,"standard_error":63.85026585693611},"median":{"confidence_interval":{"confidence_level":0.95,"lower_bound":128883.34970238095,"upper_bound":128982.34239130435},"point_estimate":128919.4525029521,"standard_error":28.56509948966623},"median_abs_dev":{"confidence_interval":{"confidence_level":0.95,"lower_bound":165.75379455729566,"upper_bound":340.9947767094295},"point_estimate":227.75250216682647,"standard_error":49.18587325806922},"slope":{"confidence_interval":{"confidence_level":0.95,"lower_bound":129090.2724840968,"upper_bound":129433.40092533825},"point_estimate":129239.08106546475,"standard_error":88.3755869889622},"std_dev":{"confidence_interval":{"confidence_level":0.95,"lower_bound":467.58808268264465,"upper_bound":819.3753346090998},"point_estimate":639.5719995235004,"standard_error":92.40969441784102}}