{"mean":{"confidence_interval":{"confidence_level":0.95,"lower_bound":799675.8679045712,"upper_bound":803143.6532154541},"point_estimate":801102.0526443884,"standard_error":903.2946285964097},"median":{"confidence_interval":{"confidence_level":0.95,"lower_bound":798310.915821501,"upper_bound":799846.7286549708},"point_estimate":798968.2128019324,"standard_error":351.76500470073194},"median_abs_dev":{"confidence_interval":{"confidence_level":0.95,"lower_bound":2102.4037282485997,"upper_bound":3799.69206232141},"point_estimate":3058.589518729446,"standard_error":439.7959244218352},"slope":{"confidence_interval":{"confidence_level":0.95,"lower_bound":799391.8780449214,"upper_bound":801514.1946675705},"point_estimate":800420.7294724397,"standard_error":542.2752206501249},"std_dev":{"confidence_interval":{"confidence_level":0.95,"lower_bound":3495.629900484653,"upper_bound":14553.131580421543},"point_estimate":9107.807985442638,"standard_error":3549.7296883264867}}