{"mean":{"confidence_interval":{"confidence_level":0.95,"lower_bound":76773.19555768618,"upper_bound":76945.90542954385},"point_estimate":76840.72602140447,"standard_error":45.98721697366817},"median":{"confidence_interval":{"confidence_level":0.95,"lower_bound":76718.39678313141,"upper_bound":76776.81196581197},"point_estimate":76743.1069466248,"standard_error":16.158189597398287},"median_abs_dev":{"confidence_interval":{"confidence_level":0.95,"lower_bound":68.31144454320508,"upper_bound":131.0843626588517},"point_estimate":93.52312997754557,"standard_error":15.432607124426212},"slope":{"confidence_interval":{"confidence_level":0.95,"lower_bound":76773.79313577176,"upper_bound":76833.41339589021},"point_estimate":76802.62464152959,"standard_error":15.183385666185318},"std_dev":{"confidence_interval":{"confidence_level":0.95,"lower_bound":138.5457790991768,"upper_bound":756.9597701813548},"point_estimate":461.4412104984992,"standard_error":204.9075177605571}}