{"mean":{"confidence_interval":{"confidence_level":0.95,"lower_bound":2665251.3961578943,"upper_bound":2680448.4501710515},"point_estimate":2672804.3989473674,"standard_error":3869.3737913181553},"median":{"confidence_interval":{"confidence_level":0.95,"lower_bound":2660995.0,"upper_bound":2680201.5263157897},"point_estimate":2670978.7105263155,"standard_error":5740.7284995306345},"median_abs_dev":{"confidence_interval":{"confidence_level":0.95,"lower_bound":28209.165367213798,"upper_bound":48109.9009564048},"point_estimate":36548.93750375874,"standard_error":5186.894964240241},"slope":null,"std_dev":{"confidence_interval":{"confidence_level":0.95,"lower_bound":33852.039036265276,"upper_bound":43373.034200961614},"point_estimate":38935.15489413521,"standard_error":2429.53440186685}}