{"mean":{"confidence_interval":{"confidence_level":0.95,"lower_bound":46169061.361666664,"upper_bound":46244492.55258333},"point_estimate":46205246.606666654,"standard_error":19241.33900054655},"median":{"confidence_interval":{"confidence_level":0.95,"lower_bound":46139818.0,"upper_bound":46217973.666666664},"point_estimate":46164691.833333336,"standard_error":21812.13358247811},"median_abs_dev":{"confidence_interval":{"confidence_level":0.95,"lower_bound":125147.00507820757,"upper_bound":204027.74827778156},"point_estimate":175003.13569306774,"standard_error":19834.70118193679},"slope":null,"std_dev":{"confidence_interval":{"confidence_level":0.95,"lower_bound":149351.52221812305,"upper_bound":232192.73235843432},"point_estimate":192629.00780281314,"standard_error":21203.578518224862}}