{"mean":{"confidence_interval":{"confidence_level":0.95,"lower_bound":2245806805.2910004,"upper_bound":2248790222.9944997},"point_estimate":2247290662.58,"standard_error":762784.8178641326},"median":{"confidence_interval":{"confidence_level":0.95,"lower_bound":2245477670.0,"upper_bound":2248874988.0},"point_estimate":2246954728.0,"standard_error":1001751.9370413666},"median_abs_dev":{"confidence_interval":{"confidence_level":0.95,"lower_bound":3433138.151049614,"upper_bound":6746075.250533223},"point_estimate":4945853.436693549,"standard_error":876332.7718791381},"slope":null,"std_dev":{"confidence_interval":{"confidence_level":0.95,"lower_bound":4297666.222567028,"upper_bound":6413625.159511864},"point_estimate":5444580.716001739,"standard_error":538098.469589971}}