{"mean":{"confidence_interval":{"confidence_level":0.95,"lower_bound":2278314269.2815,"upper_bound":2282574386.6179996},"point_estimate":2280442290.98,"standard_error":1086761.3158084028},"median":{"confidence_interval":{"confidence_level":0.95,"lower_bound":2278206847.0,"upper_bound":2282549970.0},"point_estimate":2279958601.5,"standard_error":1084115.008827487},"median_abs_dev":{"confidence_interval":{"confidence_level":0.95,"lower_bound":4855762.507992983,"upper_bound":10533224.95386287},"point_estimate":7378321.113708615,"standard_error":1456888.0621190679},"slope":null,"std_dev":{"confidence_interval":{"confidence_level":0.95,"lower_bound":6279598.787690685,"upper_bound":8986095.112143952},"point_estimate":7762168.775322456,"standard_error":691575.692543568}}