{"mean":{"confidence_interval":{"confidence_level":0.95,"lower_bound":41278.15023178039,"upper_bound":41387.28303359552},"point_estimate":41318.20142369467,"standard_error":31.039530561693272},"median":{"confidence_interval":{"confidence_level":0.95,"lower_bound":41261.48517628205,"upper_bound":41272.52025462963},"point_estimate":41267.26052106861,"standard_error":2.6975257018840084},"median_abs_dev":{"confidence_interval":{"confidence_level":0.95,"lower_bound":17.323790489011333,"upper_bound":35.762576448420084},"point_estimate":25.06941773674852,"standard_error":4.83723341143607},"slope":{"confidence_interval":{"confidence_level":0.95,"lower_bound":41280.85965940867,"upper_bound":41312.280742001276},"point_estimate":41295.03178839712,"standard_error":8.063408695407604},"std_dev":{"confidence_interval":{"confidence_level":0.95,"lower_bound":49.68675012264098,"upper_bound":528.5631029408487},"point_estimate":312.5061419978471,"standard_error":165.42306500791463}}