{"mean":{"confidence_interval":{"confidence_level":0.95,"lower_bound":12590840.33065625,"upper_bound":12610058.739625},"point_estimate":12600164.33125,"standard_error":4898.079078571644},"median":{"confidence_interval":{"confidence_level":0.95,"lower_bound":12576640.125,"upper_bound":12599343.875},"point_estimate":12590484.8125,"standard_error":5520.0257341069855},"median_abs_dev":{"confidence_interval":{"confidence_level":0.95,"lower_bound":30131.99121505022,"upper_bound":54471.99250917878},"point_estimate":41846.01360708475,"standard_error":6297.764923698128},"slope":null,"std_dev":{"confidence_interval":{"confidence_level":0.95,"lower_bound":38804.14245772989,"upper_bound":59247.46746462871},"point_estimate":49210.48177038135,"standard_error":5242.783328631006}}