{"mean":{"confidence_interval":{"confidence_level":0.95,"lower_bound":8956851.680125006,"upper_bound":8984264.296687502},"point_estimate":8969900.970000003,"standard_error":7023.045008989475},"median":{"confidence_interval":{"confidence_level":0.95,"lower_bound":8937180.333333334,"upper_bound":8949417.041666668},"point_estimate":8942663.375,"standard_error":3467.1926218269487},"median_abs_dev":{"confidence_interval":{"confidence_level":0.95,"lower_bound":19016.93921237908,"upper_bound":42343.21277450808},"point_estimate":27577.533235399995,"standard_error":6524.559746624023},"slope":null,"std_dev":{"confidence_interval":{"confidence_level":0.95,"lower_bound":51295.59375396762,"upper_bound":88826.3280890944},"point_estimate":70536.86441478007,"standard_error":9706.053292936467}}