{"mean":{"confidence_interval":{"confidence_level":0.95,"lower_bound":2612183.586243837,"upper_bound":2985819.2309606527},"point_estimate":2765743.9454540433,"standard_error":100079.81237072742},"median":{"confidence_interval":{"confidence_level":0.95,"lower_bound":2584174.639218159,"upper_bound":2604758.7453379952},"point_estimate":2591096.67039801,"standard_error":5191.142249496387},"median_abs_dev":{"confidence_interval":{"confidence_level":0.95,"lower_bound":27724.434566488555,"upper_bound":46980.11152693656},"point_estimate":33412.503077479254,"standard_error":5403.689845165016},"slope":{"confidence_interval":{"confidence_level":0.95,"lower_bound":2593786.4884095727,"upper_bound":3243311.79777442},"point_estimate":2831642.273036796,"standard_error":177886.93465224555},"std_dev":{"confidence_interval":{"confidence_level":0.95,"lower_bound":96441.11769880229,"upper_bound":1568058.1610182528},"point_estimate":1006031.9788348116,"standard_error":399203.51652971026}}