{"mean":{"confidence_interval":{"confidence_level":0.95,"lower_bound":79612.4969135125,"upper_bound":79745.37275015158},"point_estimate":79675.47479557538,"standard_error":34.038871166130335},"median":{"confidence_interval":{"confidence_level":0.95,"lower_bound":79503.93076923076,"upper_bound":79601.42},"point_estimate":79536.99113333333,"standard_error":28.14620411565923},"median_abs_dev":{"confidence_interval":{"confidence_level":0.95,"lower_bound":105.14351913332091,"upper_bound":224.68125482928468},"point_estimate":145.2983094264368,"standard_error":34.15717307423547},"slope":{"confidence_interval":{"confidence_level":0.95,"lower_bound":79566.11159620844,"upper_bound":79675.46737865711},"point_estimate":79618.58296663218,"standard_error":28.02224287376813},"std_dev":{"confidence_interval":{"confidence_level":0.95,"lower_bound":240.0797464846016,"upper_bound":429.5384681842785},"point_estimate":341.5433975805518,"standard_error":48.510428063001655}}