{"mean":{"confidence_interval":{"confidence_level":0.95,"lower_bound":23532987.047150012,"upper_bound":23565817.99305},"point_estimate":23549005.437999997,"standard_error":8357.258632589275},"median":{"confidence_interval":{"confidence_level":0.95,"lower_bound":23517555.4,"upper_bound":23551981.6},"point_estimate":23531728.9,"standard_error":8144.657698503943},"median_abs_dev":{"confidence_interval":{"confidence_level":0.95,"lower_bound":45006.99088096729,"upper_bound":71364.89042901875},"point_estimate":57359.272561670456,"standard_error":6846.790343631497},"slope":null,"std_dev":{"confidence_interval":{"confidence_level":0.95,"lower_bound":66911.9581380214,"upper_bound":99496.09151597135},"point_estimate":84239.80246101756,"standard_error":8318.02427071664}}