{"mean":{"confidence_interval":{"confidence_level":0.95,"lower_bound":4997208.921224999,"upper_bound":5508150.265274998},"point_estimate":5183687.280999997,"standard_error":147063.6445164416},"median":{"confidence_interval":{"confidence_level":0.95,"lower_bound":4931205.7,"upper_bound":4953125.6},"point_estimate":4941563.9,"standard_error":6353.06011309762},"median_abs_dev":{"confidence_interval":{"confidence_level":0.95,"lower_bound":28548.352053165574,"upper_bound":56614.63672488969},"point_estimate":39653.32237601391,"standard_error":7930.943789413412},"slope":null,"std_dev":{"confidence_interval":{"confidence_level":0.95,"lower_bound":214651.83338904128,"upper_bound":2506113.635419187},"point_estimate":1479705.5386391697,"standard_error":796166.4162036874}}