{"mean":{"confidence_interval":{"confidence_level":0.95,"lower_bound":2979910.696361074,"upper_bound":2989577.8255010894},"point_estimate":2983743.886954903,"standard_error":2551.260388225665},"median":{"confidence_interval":{"confidence_level":0.95,"lower_bound":2978659.933333333,"upper_bound":2981119.5945945946},"point_estimate":2980016.817042607,"standard_error":739.9393813447876},"median_abs_dev":{"confidence_interval":{"confidence_level":0.95,"lower_bound":4239.657887230961,"upper_bound":8789.135167388182},"point_estimate":6918.602197170419,"standard_error":1114.20642535877},"slope":{"confidence_interval":{"confidence_level":0.95,"lower_bound":2975346.5984023665,"upper_bound":2978071.926411682},"point_estimate":2976630.978061179,"standard_error":693.4379291771693},"std_dev":{"confidence_interval":{"confidence_level":0.95,"lower_bound":8447.80735090115,"upper_bound":41818.96252428145},"point_estimate":25679.42261700018,"standard_error":10978.165353533492}}