{"mean":{"confidence_interval":{"confidence_level":0.95,"lower_bound":66621.71784308909,"upper_bound":66748.50579760398},"point_estimate":66679.38989679767,"standard_error":32.540432132868176},"median":{"confidence_interval":{"confidence_level":0.95,"lower_bound":66531.34279402852,"upper_bound":66593.63983430363},"point_estimate":66552.55720285462,"standard_error":17.26747590970926},"median_abs_dev":{"confidence_interval":{"confidence_level":0.95,"lower_bound":74.7039910852313,"upper_bound":165.99944216262972},"point_estimate":102.96185824239454,"standard_error":23.14057254807037},"slope":{"confidence_interval":{"confidence_level":0.95,"lower_bound":66582.1859872874,"upper_bound":66703.51028368645},"point_estimate":66638.32731725463,"standard_error":31.15599476894673},"std_dev":{"confidence_interval":{"confidence_level":0.95,"lower_bound":204.31719688110218,"upper_bound":458.5151272567751},"point_estimate":326.57356989816515,"standard_error":72.69401346870751}}