{"mean":{"confidence_interval":{"confidence_level":0.95,"lower_bound":126158913.82225,"upper_bound":126595534.21375},"point_estimate":126376282.43,"standard_error":111323.04122629079},"median":{"confidence_interval":{"confidence_level":0.95,"lower_bound":126021088.5,"upper_bound":126778946.0},"point_estimate":126266383.5,"standard_error":230363.7449553158},"median_abs_dev":{"confidence_interval":{"confidence_level":0.95,"lower_bound":970790.8954650164,"upper_bound":1619706.3714444637},"point_estimate":1211712.6498878002,"standard_error":168595.9582874173},"slope":null,"std_dev":{"confidence_interval":{"confidence_level":0.95,"lower_bound":996491.835015183,"upper_bound":1214943.7878772328},"point_estimate":1115479.7462728736,"standard_error":55466.94908380192}}