{"mean":{"confidence_interval":{"confidence_level":0.95,"lower_bound":103295839.981,"upper_bound":104545184.89299999},"point_estimate":103917279.99,"standard_error":319282.7471886704},"median":{"confidence_interval":{"confidence_level":0.95,"lower_bound":102434099.0,"upper_bound":104578608.5},"point_estimate":103638839.5,"standard_error":549044.4979175193},"median_abs_dev":{"confidence_interval":{"confidence_level":0.95,"lower_bound":2678960.3008389473,"upper_bound":4327630.745369196},"point_estimate":3129455.715841055,"standard_error":426450.1516559167},"slope":null,"std_dev":{"confidence_interval":{"confidence_level":0.95,"lower_bound":2826359.8172154673,"upper_bound":3542264.2374722264},"point_estimate":3209211.5176932043,"standard_error":182314.35746051892}}