{"mean":{"confidence_interval":{"confidence_level":0.95,"lower_bound":15746950.548642857,"upper_bound":15765869.620321432},"point_estimate":15756282.41285714,"standard_error":4841.98856491449},"median":{"confidence_interval":{"confidence_level":0.95,"lower_bound":15739324.07142857,"upper_bound":15757351.857142856},"point_estimate":15746639.142857142,"standard_error":4678.067007745647},"median_abs_dev":{"confidence_interval":{"confidence_level":0.95,"lower_bound":30010.2591672112,"upper_bound":55354.45057476158},"point_estimate":42855.18763916636,"standard_error":6610.2624655083455},"slope":null,"std_dev":{"confidence_interval":{"confidence_level":0.95,"lower_bound":40442.853712701406,"upper_bound":55904.43209906802},"point_estimate":48682.24682862111,"standard_error":3942.4182404159437}}