{"mean":{"confidence_interval":{"confidence_level":0.95,"lower_bound":7088003.899766668,"upper_bound":7096789.12126667},"point_estimate":7092350.237333337,"standard_error":2247.424184226221},"median":{"confidence_interval":{"confidence_level":0.95,"lower_bound":7085501.466666667,"upper_bound":7096572.966666667},"point_estimate":7091123.566666666,"standard_error":2968.1148632940512},"median_abs_dev":{"confidence_interval":{"confidence_level":0.95,"lower_bound":17577.013407945447,"upper_bound":30255.979815348353},"point_estimate":23746.408418417068,"standard_error":3182.916353849129},"slope":null,"std_dev":{"confidence_interval":{"confidence_level":0.95,"lower_bound":19436.573676979715,"upper_bound":25413.299090641438},"point_estimate":22622.23924256734,"standard_error":1526.8636177343499}}