{"mean":{"confidence_interval":{"confidence_level":0.95,"lower_bound":8840643.572020832,"upper_bound":8851532.659395833},"point_estimate":8845947.251666669,"standard_error":2777.9190714699353},"median":{"confidence_interval":{"confidence_level":0.95,"lower_bound":8837167.625,"upper_bound":8846791.25},"point_estimate":8840974.916666668,"standard_error":2930.7974000624117},"median_abs_dev":{"confidence_interval":{"confidence_level":0.95,"lower_bound":14588.042441010475,"upper_bound":28837.00191304134},"point_estimate":20838.99280503346,"standard_error":3435.9072627341575},"slope":null,"std_dev":{"confidence_interval":{"confidence_level":0.95,"lower_bound":21905.30627572092,"upper_bound":33679.86063217686},"point_estimate":27915.57830661005,"standard_error":3016.070142730126}}