{"mean":{"confidence_interval":{"confidence_level":0.95,"lower_bound":486818136.42925,"upper_bound":487874699.69725},"point_estimate":487339363.44,"standard_error":269716.45365771867},"median":{"confidence_interval":{"confidence_level":0.95,"lower_bound":486745042.0,"upper_bound":487902520.0},"point_estimate":487483140.5,"standard_error":273414.33834852715},"median_abs_dev":{"confidence_interval":{"confidence_level":0.95,"lower_bound":1964514.554660395,"upper_bound":3406481.003522873},"point_estimate":2677019.577473402,"standard_error":378650.9859360605},"slope":null,"std_dev":{"confidence_interval":{"confidence_level":0.95,"lower_bound":2293572.3992675673,"upper_bound":3084170.420512194},"point_estimate":2703527.5877043926,"standard_error":201434.54708153754}}