{"mean":{"confidence_interval":{"confidence_level":0.95,"lower_bound":5153956.314762502,"upper_bound":5175925.610074998},"point_estimate":5164551.864999998,"standard_error":5603.335165985944},"median":{"confidence_interval":{"confidence_level":0.95,"lower_bound":5146252.8,"upper_bound":5167040.5},"point_estimate":5158308.675,"standard_error":5741.033142096555},"median_abs_dev":{"confidence_interval":{"confidence_level":0.95,"lower_bound":37767.30694949516,"upper_bound":60209.05858745084},"point_estimate":46463.4229651099,"standard_error":5590.384075001585},"slope":null,"std_dev":{"confidence_interval":{"confidence_level":0.95,"lower_bound":42874.44049850284,"upper_bound":71423.01977400816},"point_estimate":56293.708960931464,"standard_error":7581.351601911398}}