{"mean":{"confidence_interval":{"confidence_level":0.95,"lower_bound":5085267.789487501,"upper_bound":5097589.324437502},"point_estimate":5091297.370000001,"standard_error":3126.266316693282},"median":{"confidence_interval":{"confidence_level":0.95,"lower_bound":5072132.949999999,"upper_bound":5090091.9},"point_estimate":5080009.175000001,"standard_error":4524.090673027508},"median_abs_dev":{"confidence_interval":{"confidence_level":0.95,"lower_bound":15366.741012185259,"upper_bound":35874.127785232195},"point_estimate":24010.854833723635,"standard_error":5132.163200065923},"slope":null,"std_dev":{"confidence_interval":{"confidence_level":0.95,"lower_bound":26721.28793219708,"upper_bound":35389.56549191704},"point_estimate":31475.49693630144,"standard_error":2218.3221296775655}}