{"mean":{"confidence_interval":{"confidence_level":0.95,"lower_bound":13297.436130458103,"upper_bound":13337.28817484999},"point_estimate":13313.647581952879,"standard_error":10.423533532543514},"median":{"confidence_interval":{"confidence_level":0.95,"lower_bound":13285.68925297619,"upper_bound":13295.772503048782},"point_estimate":13291.728811780455,"standard_error":2.8434353174555778},"median_abs_dev":{"confidence_interval":{"confidence_level":0.95,"lower_bound":14.232274789066745,"upper_bound":26.94839329070832},"point_estimate":20.14833788013196,"standard_error":3.4107482121754504},"slope":{"confidence_interval":{"confidence_level":0.95,"lower_bound":13290.125012890776,"upper_bound":13304.139526200344},"point_estimate":13296.70863118073,"standard_error":3.5842010936183373},"std_dev":{"confidence_interval":{"confidence_level":0.95,"lower_bound":33.422680275705545,"upper_bound":168.00829175119097},"point_estimate":104.51480708689279,"standard_error":41.32844169279595}}