{"mean":{"confidence_interval":{"confidence_level":0.95,"lower_bound":1133287.9457475822,"upper_bound":1321690.7894324774},"point_estimate":1209338.9286828176,"standard_error":51174.95531915798},"median":{"confidence_interval":{"confidence_level":0.95,"lower_bound":1127903.282239819,"upper_bound":1131915.0755813953},"point_estimate":1130298.667370385,"standard_error":1073.1932606623518},"median_abs_dev":{"confidence_interval":{"confidence_level":0.95,"lower_bound":8677.571789608475,"upper_bound":18937.49624202807},"point_estimate":14324.07363953245,"standard_error":2521.4530304123164},"slope":{"confidence_interval":{"confidence_level":0.95,"lower_bound":1138280.8375550737,"upper_bound":1469458.5684184285},"point_estimate":1257030.5638539973,"standard_error":91839.4255243714},"std_dev":{"confidence_interval":{"confidence_level":0.95,"lower_bound":26900.37756994483,"upper_bound":808151.0131688537},"point_estimate":514746.1284490091,"standard_error":213080.7288768755}}