{"mean":{"confidence_interval":{"confidence_level":0.95,"lower_bound":614419.9139611638,"upper_bound":617984.2795030961},"point_estimate":616037.2581620126,"standard_error":907.373863235158},"median":{"confidence_interval":{"confidence_level":0.95,"lower_bound":614409.6739130435,"upper_bound":617154.7392307692},"point_estimate":615536.0072278911,"standard_error":680.8681547203447},"median_abs_dev":{"confidence_interval":{"confidence_level":0.95,"lower_bound":2422.8595838225037,"upper_bound":5555.248318245253},"point_estimate":3754.330745684989,"standard_error":778.5436748976276},"slope":{"confidence_interval":{"confidence_level":0.95,"lower_bound":616986.7642561481,"upper_bound":620337.3366998589},"point_estimate":618525.841557534,"standard_error":856.8472346560421},"std_dev":{"confidence_interval":{"confidence_level":0.95,"lower_bound":3704.6232804272995,"upper_bound":9481.29021375098},"point_estimate":6478.65692776218,"standard_error":1685.0515675655251}}