{"mean":{"confidence_interval":{"confidence_level":0.95,"lower_bound":50536.2190632373,"upper_bound":50711.529990171526},"point_estimate":50605.8580306947,"standard_error":46.153191412153106},"median":{"confidence_interval":{"confidence_level":0.95,"lower_bound":50473.0751710199,"upper_bound":50549.05766339869},"point_estimate":50512.95616666666,"standard_error":20.380769710521616},"median_abs_dev":{"confidence_interval":{"confidence_level":0.95,"lower_bound":88.55514290744134,"upper_bound":163.75729998760792},"point_estimate":118.40014127955429,"standard_error":20.67489729341182},"slope":{"confidence_interval":{"confidence_level":0.95,"lower_bound":50534.04704175722,"upper_bound":50632.45373657467},"point_estimate":50580.576372321564,"standard_error":25.207214929017617},"std_dev":{"confidence_interval":{"confidence_level":0.95,"lower_bound":157.4539662198337,"upper_bound":756.1618915056331},"point_estimate":464.2690712282692,"standard_error":199.48460927973224}}