{"mean":{"confidence_interval":{"confidence_level":0.95,"lower_bound":34150565.51158335,"upper_bound":34200730.67908334},"point_estimate":34174721.493333325,"standard_error":12787.017946390279},"median":{"confidence_interval":{"confidence_level":0.95,"lower_bound":34111078.666666664,"upper_bound":34156794.666666664},"point_estimate":34128029.16666667,"standard_error":12109.435782383693},"median_abs_dev":{"confidence_interval":{"confidence_level":0.95,"lower_bound":57063.79038691521,"upper_bound":117406.26413062561},"point_estimate":81817.03244745547,"standard_error":15185.763502866143},"slope":null,"std_dev":{"confidence_interval":{"confidence_level":0.95,"lower_bound":102844.56145350772,"upper_bound":151670.51834659127},"point_estimate":128529.07310325642,"standard_error":12476.750971750427}}