{"mean":{"confidence_interval":{"confidence_level":0.95,"lower_bound":31677834.1570625,"upper_bound":31695369.0159375},"point_estimate":31686299.6775,"standard_error":4464.2514305744235},"median":{"confidence_interval":{"confidence_level":0.95,"lower_bound":31672717.625,"upper_bound":31686082.25},"point_estimate":31679447.75,"standard_error":3363.1390406078585},"median_abs_dev":{"confidence_interval":{"confidence_level":0.95,"lower_bound":27029.38204888255,"upper_bound":45252.65769660473},"point_estimate":35337.029072642326,"standard_error":4661.091310709242},"slope":null,"std_dev":{"confidence_interval":{"confidence_level":0.95,"lower_bound":35515.63335283011,"upper_bound":52963.12432320127},"point_estimate":44748.66079126261,"standard_error":4466.348180900973}}