{"mean":{"confidence_interval":{"confidence_level":0.95,"lower_bound":32073195.8445,"upper_bound":32104026.687625},"point_estimate":32087646.28,"standard_error":7887.278723621463},"median":{"confidence_interval":{"confidence_level":0.95,"lower_bound":32058759.0,"upper_bound":32080889.5},"point_estimate":32071512.0,"standard_error":4734.75599470734},"median_abs_dev":{"confidence_interval":{"confidence_level":0.95,"lower_bound":34655.774384737015,"upper_bound":59964.867885410786},"point_estimate":47777.154801785946,"standard_error":6544.690125164314},"slope":null,"std_dev":{"confidence_interval":{"confidence_level":0.95,"lower_bound":53741.17960713089,"upper_bound":104265.22795953837},"point_estimate":79263.22454132487,"standard_error":13138.591941087292}}