{"mean":{"confidence_interval":{"confidence_level":0.95,"lower_bound":6024693.469264705,"upper_bound":6063747.036102941},"point_estimate":6043865.205294118,"standard_error":9989.579496542205},"median":{"confidence_interval":{"confidence_level":0.95,"lower_bound":6004940.44117647,"upper_bound":6039253.411764706},"point_estimate":6025221.823529411,"standard_error":10136.367733793211},"median_abs_dev":{"confidence_interval":{"confidence_level":0.95,"lower_bound":53634.36222427036,"upper_bound":93736.77285348647},"point_estimate":74541.72541779676,"standard_error":9981.040856106529},"slope":null,"std_dev":{"confidence_interval":{"confidence_level":0.95,"lower_bound":83462.29008384507,"upper_bound":115198.95728095215},"point_estimate":100336.84418918946,"standard_error":8116.216679752471}}