{"mean":{"confidence_interval":{"confidence_level":0.95,"lower_bound":15001853.14532143,"upper_bound":15392826.279249994},"point_estimate":15197914.752857149,"standard_error":99443.80339448016},"median":{"confidence_interval":{"confidence_level":0.95,"lower_bound":14973692.357142858,"upper_bound":15603141.357142858},"point_estimate":15281380.357142858,"standard_error":167027.95835227746},"median_abs_dev":{"confidence_interval":{"confidence_level":0.95,"lower_bound":860874.1104164292,"upper_bound":1348567.7469581366},"point_estimate":1136128.1147296948,"standard_error":128949.27595948041},"slope":null,"std_dev":{"confidence_interval":{"confidence_level":0.95,"lower_bound":877850.670054914,"upper_bound":1101019.7631333398},"point_estimate":995651.311970163,"standard_error":56778.66913566868}}