{"mean":{"confidence_interval":{"confidence_level":0.95,"lower_bound":105016.42869384491,"upper_bound":105318.62966575436},"point_estimate":105125.53545879111,"standard_error":87.78793255520014},"median":{"confidence_interval":{"confidence_level":0.95,"lower_bound":104978.83790726817,"upper_bound":105031.97926634768},"point_estimate":105005.75975464979,"standard_error":15.523426407047475},"median_abs_dev":{"confidence_interval":{"confidence_level":0.95,"lower_bound":77.68856875436244,"upper_bound":139.23185073650583},"point_estimate":108.20997298261157,"standard_error":15.48249312986501},"slope":{"confidence_interval":{"confidence_level":0.95,"lower_bound":105008.98461672047,"upper_bound":105078.65772869828},"point_estimate":105041.2439776625,"standard_error":17.800865590472696},"std_dev":{"confidence_interval":{"confidence_level":0.95,"lower_bound":121.96440846204788,"upper_bound":1504.492260127455},"point_estimate":884.968254761646,"standard_error":485.33982929155707}}