{"mean":{"confidence_interval":{"confidence_level":0.95,"lower_bound":8095275.240464287,"upper_bound":8103407.123999997},"point_estimate":8098978.627142859,"standard_error":2089.7387048495584},"median":{"confidence_interval":{"confidence_level":0.95,"lower_bound":8091380.285714285,"upper_bound":8094663.071428571},"point_estimate":8093139.071428571,"standard_error":864.9738678083004},"median_abs_dev":{"confidence_interval":{"confidence_level":0.95,"lower_bound":4232.611124854948,"upper_bound":7358.46136936021},"point_estimate":6170.157490458202,"standard_error":782.9631771217473},"slope":null,"std_dev":{"confidence_interval":{"confidence_level":0.95,"lower_bound":11900.365204177706,"upper_bound":28148.859710649944},"point_estimate":20978.064923584203,"standard_error":4146.009017848684}}