{"mean":{"confidence_interval":{"confidence_level":0.95,"lower_bound":39212936.87666665,"upper_bound":39265258.85574997},"point_estimate":39238567.49666666,"standard_error":13369.395803326333},"median":{"confidence_interval":{"confidence_level":0.95,"lower_bound":39191797.333333336,"upper_bound":39235844.666666664},"point_estimate":39214555.83333333,"standard_error":11697.947039276352},"median_abs_dev":{"confidence_interval":{"confidence_level":0.95,"lower_bound":88387.66843080152,"upper_bound":145746.00201248386},"point_estimate":122426.68122648825,"standard_error":14413.029197427471},"slope":null,"std_dev":{"confidence_interval":{"confidence_level":0.95,"lower_bound":110629.44317782114,"upper_bound":156346.14483315768},"point_estimate":134570.66996432617,"standard_error":11660.87744600667}}