{"mean":{"confidence_interval":{"confidence_level":0.95,"lower_bound":19194070.736666672,"upper_bound":19212655.35895833},"point_estimate":19203094.04,"standard_error":4747.56487298576},"median":{"confidence_interval":{"confidence_level":0.95,"lower_bound":19186347.083333336,"upper_bound":19206379.666666668},"point_estimate":19197008.833333336,"standard_error":5371.450107582306},"median_abs_dev":{"confidence_interval":{"confidence_level":0.95,"lower_bound":32363.55127543395,"upper_bound":54738.579428197794},"point_estimate":43169.11053359416,"standard_error":5980.257475415882},"slope":null,"std_dev":{"confidence_interval":{"confidence_level":0.95,"lower_bound":37420.622573500084,"upper_bound":57777.03473071239},"point_estimate":47703.9861701628,"standard_error":5245.591557276976}}