{"mean":{"confidence_interval":{"confidence_level":0.95,"lower_bound":175399.7263353233,"upper_bound":175905.93279515172},"point_estimate":175633.5154393522,"standard_error":129.18146109837735},"median":{"confidence_interval":{"confidence_level":0.95,"lower_bound":175164.78333333333,"upper_bound":175659.04231770834},"point_estimate":175431.37674764672,"standard_error":115.99506566185873},"median_abs_dev":{"confidence_interval":{"confidence_level":0.95,"lower_bound":797.7292643728157,"upper_bound":1226.6335827854616},"point_estimate":1038.8035768353336,"standard_error":113.315021550439},"slope":{"confidence_interval":{"confidence_level":0.95,"lower_bound":175212.21003406742,"upper_bound":175823.41609041512},"point_estimate":175490.25262893454,"standard_error":156.1028299103476},"std_dev":{"confidence_interval":{"confidence_level":0.95,"lower_bound":835.4925152811157,"upper_bound":1821.0282272217448},"point_estimate":1300.783012482913,"standard_error":284.46943009192205}}