{"mean":{"confidence_interval":{"confidence_level":0.95,"lower_bound":3565702.396097031,"upper_bound":3582350.402246852},"point_estimate":3572622.6614546967,"standard_error":4338.434356453781},"median":{"confidence_interval":{"confidence_level":0.95,"lower_bound":3562641.1717171716,"upper_bound":3570061.5},"point_estimate":3565085.1820231955,"standard_error":1888.5039137920387},"median_abs_dev":{"confidence_interval":{"confidence_level":0.95,"lower_bound":11339.51424384099,"upper_bound":20441.522701037844},"point_estimate":14439.83150744722,"standard_error":2360.7530501247666},"slope":{"confidence_interval":{"confidence_level":0.95,"lower_bound":3566656.109874039,"upper_bound":3576826.04589422},"point_estimate":3571515.8874685974,"standard_error":2603.128542314368},"std_dev":{"confidence_interval":{"confidence_level":0.95,"lower_bound":17823.690848134094,"upper_bound":70245.88861588578},"point_estimate":44047.26198134967,"standard_error":17050.89736369466}}