{"mean":{"confidence_interval":{"confidence_level":0.95,"lower_bound":56621.366890809615,"upper_bound":56715.26876051229},"point_estimate":56666.57607802868,"standard_error":23.95863781795133},"median":{"confidence_interval":{"confidence_level":0.95,"lower_bound":56545.56535947712,"upper_bound":56588.5525210084},"point_estimate":56568.614072712415,"standard_error":10.633110487791395},"median_abs_dev":{"confidence_interval":{"confidence_level":0.95,"lower_bound":64.6282197117532,"upper_bound":116.95144966301163},"point_estimate":96.22012135942933,"standard_error":14.24476983625266},"slope":{"confidence_interval":{"confidence_level":0.95,"lower_bound":56610.865131021834,"upper_bound":56710.14919377239},"point_estimate":56657.59152548266,"standard_error":25.41958640516911},"std_dev":{"confidence_interval":{"confidence_level":0.95,"lower_bound":188.84145373138168,"upper_bound":283.1693575003152},"point_estimate":240.44303835814412,"standard_error":24.02708584291784}}