{"mean":{"confidence_interval":{"confidence_level":0.95,"lower_bound":608838.0436942097,"upper_bound":609872.9008956779},"point_estimate":609340.1625738997,"standard_error":265.08802661902337},"median":{"confidence_interval":{"confidence_level":0.95,"lower_bound":608030.0426136364,"upper_bound":609340.0953947369},"point_estimate":608629.7644563168,"standard_error":334.0737977833932},"median_abs_dev":{"confidence_interval":{"confidence_level":0.95,"lower_bound":1595.7299477588065,"upper_bound":2918.958198874156},"point_estimate":2305.352041927115,"standard_error":339.3913369912778},"slope":{"confidence_interval":{"confidence_level":0.95,"lower_bound":608963.1988409295,"upper_bound":610115.3282588978},"point_estimate":609529.2212368848,"standard_error":293.38607638556493},"std_dev":{"confidence_interval":{"confidence_level":0.95,"lower_bound":2171.4926225442287,"upper_bound":3122.1661477526104},"point_estimate":2665.6578311335643,"standard_error":244.87230436396558}}