{"mean":{"confidence_interval":{"confidence_level":0.95,"lower_bound":2189.2213886867294,"upper_bound":2208.278961541076},"point_estimate":2196.3697972347445,"standard_error":5.214508575306021},"median":{"confidence_interval":{"confidence_level":0.95,"lower_bound":2187.068748460212,"upper_bound":2192.532540300833},"point_estimate":2189.2379050139475,"standard_error":1.3086119041776876},"median_abs_dev":{"confidence_interval":{"confidence_level":0.95,"lower_bound":8.24212054333868,"upper_bound":11.887306888546549},"point_estimate":10.445543419741682,"standard_error":0.9299441731266742},"slope":{"confidence_interval":{"confidence_level":0.95,"lower_bound":2189.9765493024524,"upper_bound":2195.800971910175},"point_estimate":2192.8790890217524,"standard_error":1.4864231298573949},"std_dev":{"confidence_interval":{"confidence_level":0.95,"lower_bound":9.158377745747659,"upper_bound":88.25067002498169},"point_estimate":52.56208855824905,"standard_error":25.978109525382468}}