{"mean":{"confidence_interval":{"confidence_level":0.95,"lower_bound":2971.0438999122025,"upper_bound":2974.7274410054642},"point_estimate":2972.741613530194,"standard_error":0.942806060715028},"median":{"confidence_interval":{"confidence_level":0.95,"lower_bound":2968.6617941029485,"upper_bound":2971.8884687558184},"point_estimate":2970.3051825438633,"standard_error":0.9500762327751778},"median_abs_dev":{"confidence_interval":{"confidence_level":0.95,"lower_bound":3.9993674488084667,"upper_bound":7.460622941382508},"point_estimate":5.370679743582113,"standard_error":0.9608009266086899},"slope":{"confidence_interval":{"confidence_level":0.95,"lower_bound":2971.409305100434,"upper_bound":2974.8178409449692},"point_estimate":2973.0132972674296,"standard_error":0.8709129058639377},"std_dev":{"confidence_interval":{"confidence_level":0.95,"lower_bound":5.609759351348241,"upper_bound":12.925255046061974},"point_estimate":9.489791722238737,"standard_error":1.9196087253506624}}