{"mean":{"confidence_interval":{"confidence_level":0.95,"lower_bound":4383931.700652175,"upper_bound":4389857.304521738},"point_estimate":4386768.366086957,"standard_error":1517.298443217223},"median":{"confidence_interval":{"confidence_level":0.95,"lower_bound":4378925.608695652,"upper_bound":4389943.260869565},"point_estimate":4385599.891304348,"standard_error":2741.4411759077225},"median_abs_dev":{"confidence_interval":{"confidence_level":0.95,"lower_bound":10080.305192995653,"upper_bound":19862.262925634193},"point_estimate":15401.699752652246,"standard_error":2276.6340510422033},"slope":null,"std_dev":{"confidence_interval":{"confidence_level":0.95,"lower_bound":11527.259530001533,"upper_bound":19684.22712120259},"point_estimate":15288.709763302719,"standard_error":2232.4657779633444}}