{"mean":{"confidence_interval":{"confidence_level":0.95,"lower_bound":115168218.9525,"upper_bound":115274493.76},"point_estimate":115217943.04,"standard_error":27150.995902070983},"median":{"confidence_interval":{"confidence_level":0.95,"lower_bound":115132362.5,"upper_bound":115190300.0},"point_estimate":115163606.0,"standard_error":14542.719718895822},"median_abs_dev":{"confidence_interval":{"confidence_level":0.95,"lower_bound":95744.08240020275,"upper_bound":188297.60965704918},"point_estimate":137365.85276126862,"standard_error":24271.872767928424},"slope":null,"std_dev":{"confidence_interval":{"confidence_level":0.95,"lower_bound":176643.8073520507,"upper_bound":361044.8232702363},"point_estimate":273366.5176992392,"standard_error":47418.58798549845}}