{"mean":{"confidence_interval":{"confidence_level":0.95,"lower_bound":115981540.63374999,"upper_bound":116041517.3735},"point_estimate":116010884.55,"standard_error":15259.178014051127},"median":{"confidence_interval":{"confidence_level":0.95,"lower_bound":115947024.0,"upper_bound":116014257.0},"point_estimate":115981979.0,"standard_error":16083.0960622102},"median_abs_dev":{"confidence_interval":{"confidence_level":0.95,"lower_bound":101965.81318974495,"upper_bound":171985.3034466505},"point_estimate":132543.696346879,"standard_error":17861.004254216678},"slope":null,"std_dev":{"confidence_interval":{"confidence_level":0.95,"lower_bound":127124.3977901644,"upper_bound":175033.68059733076},"point_estimate":152846.43493741774,"standard_error":12247.459295231834}}