{"mean":{"confidence_interval":{"confidence_level":0.95,"lower_bound":6721649.890734375,"upper_bound":6728683.383234375},"point_estimate":6725091.06625,"standard_error":1794.8168247187984},"median":{"confidence_interval":{"confidence_level":0.95,"lower_bound":6717991.4375,"upper_bound":6722568.1875},"point_estimate":6719395.53125,"standard_error":1237.7734053675251},"median_abs_dev":{"confidence_interval":{"confidence_level":0.95,"lower_bound":5870.864239521325,"upper_bound":12291.795076620749},"point_estimate":8004.186607897282,"standard_error":1667.0934069461596},"slope":null,"std_dev":{"confidence_interval":{"confidence_level":0.95,"lower_bound":13703.651576447603,"upper_bound":21964.282353148395},"point_estimate":18039.084919449917,"standard_error":2115.451262898996}}