{"mean":{"confidence_interval":{"confidence_level":0.95,"lower_bound":6570265.890984375,"upper_bound":6580016.510281251},"point_estimate":6575039.178125,"standard_error":2493.539411556838},"median":{"confidence_interval":{"confidence_level":0.95,"lower_bound":6566093.875,"upper_bound":6577850.3125},"point_estimate":6572095.5,"standard_error":3240.9747338297598},"median_abs_dev":{"confidence_interval":{"confidence_level":0.95,"lower_bound":20360.313782282174,"upper_bound":31215.493808314204},"point_estimate":26999.535458162427,"standard_error":2794.637841861146},"slope":null,"std_dev":{"confidence_interval":{"confidence_level":0.95,"lower_bound":21012.76905891382,"upper_bound":28735.798986143905},"point_estimate":25054.38813235913,"standard_error":1977.2896757877397}}