{"mean":{"confidence_interval":{"confidence_level":0.95,"lower_bound":57652.01908155847,"upper_bound":57848.53777824209},"point_estimate":57740.09024447998,"standard_error":50.72041883867632},"median":{"confidence_interval":{"confidence_level":0.95,"lower_bound":57550.910204081636,"upper_bound":57595.067980295564},"point_estimate":57565.85729931973,"standard_error":10.45218327238563},"median_abs_dev":{"confidence_interval":{"confidence_level":0.95,"lower_bound":29.583774497822994,"upper_bound":89.7705978007362},"point_estimate":49.82096558609276,"standard_error":14.504579922155301},"slope":{"confidence_interval":{"confidence_level":0.95,"lower_bound":57573.94359665984,"upper_bound":57616.89792831563},"point_estimate":57593.82991796322,"standard_error":11.013323443825646},"std_dev":{"confidence_interval":{"confidence_level":0.95,"lower_bound":240.831989179634,"upper_bound":738.7142640254679},"point_estimate":509.9051445842245,"standard_error":129.54574649262668}}