{"mean":{"confidence_interval":{"confidence_level":0.95,"lower_bound":212317860.1005,"upper_bound":212740818.69},"point_estimate":212523611.68,"standard_error":108234.16760627809},"median":{"confidence_interval":{"confidence_level":0.95,"lower_bound":212029331.5,"upper_bound":212257397.0},"point_estimate":212098590.0,"standard_error":61820.64757921962},"median_abs_dev":{"confidence_interval":{"confidence_level":0.95,"lower_bound":603106.8432927132,"upper_bound":1178109.521484375},"point_estimate":830516.9228553772,"standard_error":148073.08136592765},"slope":null,"std_dev":{"confidence_interval":{"confidence_level":0.95,"lower_bound":887988.5061395395,"upper_bound":1296874.4525842534},"point_estimate":1090085.105442142,"standard_error":105880.28290123494}}