{"mean":{"confidence_interval":{"confidence_level":0.95,"lower_bound":126299.967664105,"upper_bound":126549.83032789148},"point_estimate":126411.96676485261,"standard_error":63.921007583279824},"median":{"confidence_interval":{"confidence_level":0.95,"lower_bound":126145.2075471698,"upper_bound":126330.78201219512},"point_estimate":126193.0380681818,"standard_error":43.81158119539079},"median_abs_dev":{"confidence_interval":{"confidence_level":0.95,"lower_bound":188.45561905445064,"upper_bound":384.1862334489778},"point_estimate":262.94224276461705,"standard_error":45.792595958162885},"slope":{"confidence_interval":{"confidence_level":0.95,"lower_bound":126288.54504106018,"upper_bound":126572.64739567565},"point_estimate":126421.30776193291,"standard_error":72.54735627774363},"std_dev":{"confidence_interval":{"confidence_level":0.95,"lower_bound":370.42857148398537,"upper_bound":934.0719787451897},"point_estimate":642.4531234309113,"standard_error":166.40813165537898}}