{"mean":{"confidence_interval":{"confidence_level":0.95,"lower_bound":292122.2309932059,"upper_bound":293033.94068637275},"point_estimate":292558.9257908729,"standard_error":232.95672680936673},"median":{"confidence_interval":{"confidence_level":0.95,"lower_bound":291276.0633503401,"upper_bound":292232.9481837606},"point_estimate":291592.4583333334,"standard_error":229.10463440872752},"median_abs_dev":{"confidence_interval":{"confidence_level":0.95,"lower_bound":838.9773878174096,"upper_bound":1980.193654769478},"point_estimate":1320.7349210328648,"standard_error":280.7188724889361},"slope":{"confidence_interval":{"confidence_level":0.95,"lower_bound":291876.29331376706,"upper_bound":292799.94339811924},"point_estimate":292327.1504253837,"standard_error":235.6283567823085},"std_dev":{"confidence_interval":{"confidence_level":0.95,"lower_bound":1777.3727123473495,"upper_bound":2862.079619103376},"point_estimate":2340.613484679381,"standard_error":277.65282055195286}}