{"mean":{"confidence_interval":{"confidence_level":0.95,"lower_bound":93978318.19675,"upper_bound":94091094.47325},"point_estimate":94031280.27,"standard_error":28798.014036038425},"median":{"confidence_interval":{"confidence_level":0.95,"lower_bound":93952501.0,"upper_bound":94058418.0},"point_estimate":93981486.0,"standard_error":25463.293051305387},"median_abs_dev":{"confidence_interval":{"confidence_level":0.95,"lower_bound":180271.55469954014,"upper_bound":297808.37411284447},"point_estimate":239760.87864339352,"standard_error":29515.313012586965},"slope":null,"std_dev":{"confidence_interval":{"confidence_level":0.95,"lower_bound":203755.6522121904,"upper_bound":387558.7921522496},"point_estimate":287809.8465555695,"standard_error":51842.08295946733}}