{"mean":{"confidence_interval":{"confidence_level":0.95,"lower_bound":5671683.67666667,"upper_bound":5691464.430708333},"point_estimate":5681274.22777778,"standard_error":5032.624075181509},"median":{"confidence_interval":{"confidence_level":0.95,"lower_bound":5658488.833333333,"upper_bound":5686974.611111112},"point_estimate":5672773.222222222,"standard_error":7177.060894626889},"median_abs_dev":{"confidence_interval":{"confidence_level":0.95,"lower_bound":36629.967444688264,"upper_bound":56885.2606400829},"point_estimate":49355.75312375953,"standard_error":5094.101359720003},"slope":null,"std_dev":{"confidence_interval":{"confidence_level":0.95,"lower_bound":40465.83748910205,"upper_bound":60848.608752269065},"point_estimate":50844.50826819524,"standard_error":5231.69793676052}}