{"mean":{"confidence_interval":{"confidence_level":0.95,"lower_bound":5558115.090472224,"upper_bound":5571195.768222226},"point_estimate":5564496.450000002,"standard_error":3348.3471820851696},"median":{"confidence_interval":{"confidence_level":0.95,"lower_bound":5551137.416666667,"upper_bound":5565704.333333333},"point_estimate":5558639.805555556,"standard_error":3655.8321385266204},"median_abs_dev":{"confidence_interval":{"confidence_level":0.95,"lower_bound":19370.74522276735,"upper_bound":39660.33177922269},"point_estimate":27261.80121600651,"standard_error":5087.0060363489565},"slope":null,"std_dev":{"confidence_interval":{"confidence_level":0.95,"lower_bound":27758.88380992994,"upper_bound":38589.63712251451},"point_estimate":33584.93118158938,"standard_error":2769.5708855431403}}