{"mean":{"confidence_interval":{"confidence_level":0.95,"lower_bound":6823673.28675,"upper_bound":6844850.17609375},"point_estimate":6834004.29125,"standard_error":5392.993445716909},"median":{"confidence_interval":{"confidence_level":0.95,"lower_bound":6805936.625,"upper_bound":6834742.0625},"point_estimate":6819674.4375,"standard_error":7198.206572259316},"median_abs_dev":{"confidence_interval":{"confidence_level":0.95,"lower_bound":34015.0132086128,"upper_bound":62378.54064255953},"point_estimate":46469.223637506366,"standard_error":7305.01567853515},"slope":null,"std_dev":{"confidence_interval":{"confidence_level":0.95,"lower_bound":45517.81441930404,"upper_bound":62218.53913491723},"point_estimate":54268.89509075951,"standard_error":4276.553104576216}}