{"mean":{"confidence_interval":{"confidence_level":0.95,"lower_bound":6460956.652171875,"upper_bound":6467316.8386875},"point_estimate":6464021.471875,"standard_error":1627.451415990293},"median":{"confidence_interval":{"confidence_level":0.95,"lower_bound":6455475.75,"upper_bound":6461090.5625},"point_estimate":6458794.9375,"standard_error":1351.6665029586923},"median_abs_dev":{"confidence_interval":{"confidence_level":0.95,"lower_bound":7222.254115529358,"upper_bound":14948.962872102857},"point_estimate":10439.866708405316,"standard_error":1963.8285985141724},"slope":null,"std_dev":{"confidence_interval":{"confidence_level":0.95,"lower_bound":13049.972188539869,"upper_bound":19448.57861052384},"point_estimate":16395.53525051121,"standard_error":1637.8793865296611}}