{"mean":{"confidence_interval":{"confidence_level":0.95,"lower_bound":219103371.75075,"upper_bound":221876496.146},"point_estimate":220482114.68,"standard_error":707199.6667296498},"median":{"confidence_interval":{"confidence_level":0.95,"lower_bound":217687955.0,"upper_bound":221479614.5},"point_estimate":219926871.0,"standard_error":1131638.7823725778},"median_abs_dev":{"confidence_interval":{"confidence_level":0.95,"lower_bound":5119187.016556265,"upper_bound":8471421.317902207},"point_estimate":6818868.685340881,"standard_error":865553.6453494772},"slope":null,"std_dev":{"confidence_interval":{"confidence_level":0.95,"lower_bound":6146132.490495121,"upper_bound":7954792.86365539},"point_estimate":7113451.268941693,"standard_error":462992.41782966297}}