{"mean":{"confidence_interval":{"confidence_level":0.95,"lower_bound":230303664.209,"upper_bound":231726608.43374997},"point_estimate":230996467.66,"standard_error":362498.64788732526},"median":{"confidence_interval":{"confidence_level":0.95,"lower_bound":230125423.0,"upper_bound":230645244.0},"point_estimate":230478263.5,"standard_error":144718.21314586472},"median_abs_dev":{"confidence_interval":{"confidence_level":0.95,"lower_bound":713677.6667296886,"upper_bound":1544959.333183989},"point_estimate":1043715.5403703451,"standard_error":195891.36593748946},"slope":null,"std_dev":{"confidence_interval":{"confidence_level":0.95,"lower_bound":2851303.544813577,"upper_bound":4298421.506926904},"point_estimate":3635701.627485566,"standard_error":369349.04492218123}}