{"mean":{"confidence_interval":{"confidence_level":0.95,"lower_bound":240509224.46725,"upper_bound":241689717.53800002},"point_estimate":241093679.21,"standard_error":301064.98292755557},"median":{"confidence_interval":{"confidence_level":0.95,"lower_bound":240759068.0,"upper_bound":241725885.0},"point_estimate":241229621.5,"standard_error":265767.4925424132},"median_abs_dev":{"confidence_interval":{"confidence_level":0.95,"lower_bound":1687142.4312472343,"upper_bound":3472341.059553623},"point_estimate":2200933.0043256283,"standard_error":466429.7834218083},"slope":null,"std_dev":{"confidence_interval":{"confidence_level":0.95,"lower_bound":2535088.8455136325,"upper_bound":3459916.5376321278},"point_estimate":3019675.8031039257,"standard_error":236507.8589043447}}