{"mean":{"confidence_interval":{"confidence_level":0.95,"lower_bound":212179881.66950002,"upper_bound":213625679.45975},"point_estimate":212890338.24,"standard_error":369276.9106564107},"median":{"confidence_interval":{"confidence_level":0.95,"lower_bound":211711302.0,"upper_bound":213367163.0},"point_estimate":212581482.0,"standard_error":428683.99761291343},"median_abs_dev":{"confidence_interval":{"confidence_level":0.95,"lower_bound":2257061.0702716564,"upper_bound":3821091.8652820583},"point_estimate":2905877.415910363,"standard_error":401848.2244120474},"slope":null,"std_dev":{"confidence_interval":{"confidence_level":0.95,"lower_bound":3034653.315928379,"upper_bound":4381639.370432321},"point_estimate":3713614.690623097,"standard_error":345295.122394376}}