{"mean":{"confidence_interval":{"confidence_level":0.95,"lower_bound":3518161.4150235862,"upper_bound":3774061.0278154514},"point_estimate":3625179.8111935155,"standard_error":67453.56332458564},"median":{"confidence_interval":{"confidence_level":0.95,"lower_bound":3496906.409090909,"upper_bound":3515329.5581395347},"point_estimate":3506535.8842436974,"standard_error":4329.199883479122},"median_abs_dev":{"confidence_interval":{"confidence_level":0.95,"lower_bound":23816.458498545457,"upper_bound":41083.773268394805},"point_estimate":30478.953995687767,"standard_error":4514.244708830816},"slope":{"confidence_interval":{"confidence_level":0.95,"lower_bound":3517494.1875378904,"upper_bound":3743557.5707965046},"point_estimate":3599065.9010166987,"standard_error":61219.60977894306},"std_dev":{"confidence_interval":{"confidence_level":0.95,"lower_bound":103451.49821684184,"upper_bound":1051343.3324161042},"point_estimate":680974.9945184807,"standard_error":254900.3002701168}}