{"mean":{"confidence_interval":{"confidence_level":0.95,"lower_bound":175892.53042287182,"upper_bound":176462.92694598754},"point_estimate":176138.5271323414,"standard_error":147.06003523463428},"median":{"confidence_interval":{"confidence_level":0.95,"lower_bound":175576.24851190476,"upper_bound":175810.12878787878},"point_estimate":175644.7625,"standard_error":63.377253881043266},"median_abs_dev":{"confidence_interval":{"confidence_level":0.95,"lower_bound":220.86928075294543,"upper_bound":529.3738588858262},"point_estimate":320.6054332183898,"standard_error":84.31125487547537},"slope":{"confidence_interval":{"confidence_level":0.95,"lower_bound":175827.42048253102,"upper_bound":176343.51289860776},"point_estimate":176058.2192697404,"standard_error":133.2116175197308},"std_dev":{"confidence_interval":{"confidence_level":0.95,"lower_bound":682.9261875249566,"upper_bound":2241.5840444403625},"point_estimate":1469.4786217633389,"standard_error":458.3201952417497}}