{"mean":{"confidence_interval":{"confidence_level":0.95,"lower_bound":16645451.546607142,"upper_bound":16743016.371499997},"point_estimate":16693719.514285715,"standard_error":24945.136889831723},"median":{"confidence_interval":{"confidence_level":0.95,"lower_bound":16596408.642857142,"upper_bound":16723735.714285715},"point_estimate":16657010.214285715,"standard_error":31705.183378667232},"median_abs_dev":{"confidence_interval":{"confidence_level":0.95,"lower_bound":183058.63085005985,"upper_bound":314754.1741119948},"point_estimate":249828.79146465272,"standard_error":34941.542871643345},"slope":null,"std_dev":{"confidence_interval":{"confidence_level":0.95,"lower_bound":216022.99864925438,"upper_bound":282118.9775823744},"point_estimate":250635.07946224196,"standard_error":16923.75446810397}}