{"mean":{"confidence_interval":{"confidence_level":0.95,"lower_bound":5827305.21236111,"upper_bound":5835078.9232916655},"point_estimate":5831064.991666666,"standard_error":1985.8984449631168},"median":{"confidence_interval":{"confidence_level":0.95,"lower_bound":5821632.944444444,"upper_bound":5831543.611111111},"point_estimate":5824913.388888889,"standard_error":2451.82376536555},"median_abs_dev":{"confidence_interval":{"confidence_level":0.95,"lower_bound":12521.133344371576,"upper_bound":21682.40686506056},"point_estimate":17265.53562680888,"standard_error":2521.069448920665},"slope":null,"std_dev":{"confidence_interval":{"confidence_level":0.95,"lower_bound":16023.30623628495,"upper_bound":23546.928826538915},"point_estimate":19987.292115329834,"standard_error":1930.1207662916831}}