{"mean":{"confidence_interval":{"confidence_level":0.95,"lower_bound":1175688.1010654427,"upper_bound":1180558.2142500929},"point_estimate":1177416.2002521288,"standard_error":1466.4576121157427},"median":{"confidence_interval":{"confidence_level":0.95,"lower_bound":1175420.8877089615,"upper_bound":1175980.9485294118},"point_estimate":1175649.9731800766,"standard_error":156.67067160121977},"median_abs_dev":{"confidence_interval":{"confidence_level":0.95,"lower_bound":956.016901080676,"upper_bound":1712.9514279108298},"point_estimate":1219.3798836768774,"standard_error":197.4323624695555},"slope":{"confidence_interval":{"confidence_level":0.95,"lower_bound":1175071.9753409505,"upper_bound":1176262.777118351},"point_estimate":1175628.662995419,"standard_error":304.14539740798904},"std_dev":{"confidence_interval":{"confidence_level":0.95,"lower_bound":1569.2617797625874,"upper_bound":25177.36473308779},"point_estimate":14741.784262855317,"standard_error":8414.694901457891}}