{"mean":{"confidence_interval":{"confidence_level":0.95,"lower_bound":50135.04783818371,"upper_bound":50198.877105348096},"point_estimate":50163.94078179605,"standard_error":16.364482550477707},"median":{"confidence_interval":{"confidence_level":0.95,"lower_bound":50101.3315,"upper_bound":50119.46614583333},"point_estimate":50106.21763253638,"standard_error":4.826163159060429},"median_abs_dev":{"confidence_interval":{"confidence_level":0.95,"lower_bound":21.8011715506273,"upper_bound":46.199359554796835},"point_estimate":30.225191753716796,"standard_error":6.377837535089228},"slope":{"confidence_interval":{"confidence_level":0.95,"lower_bound":50124.32957686677,"upper_bound":50181.010370557124},"point_estimate":50151.02964009162,"standard_error":14.551299953335478},"std_dev":{"confidence_interval":{"confidence_level":0.95,"lower_bound":88.27456528070931,"upper_bound":231.4395616587578},"point_estimate":164.24345854442188,"standard_error":37.1975600613092}}