{"mean":{"confidence_interval":{"confidence_level":0.95,"lower_bound":379386.09990627697,"upper_bound":380530.09754201915},"point_estimate":379902.2776255033,"standard_error":293.56601773697815},"median":{"confidence_interval":{"confidence_level":0.95,"lower_bound":378915.5558419244,"upper_bound":379929.08602150535},"point_estimate":379133.40122746455,"standard_error":244.17841563374162},"median_abs_dev":{"confidence_interval":{"confidence_level":0.95,"lower_bound":1114.7625516649769,"upper_bound":2087.0673083638044},"point_estimate":1674.2396359905617,"standard_error":224.23417446014787},"slope":{"confidence_interval":{"confidence_level":0.95,"lower_bound":379072.9164591704,"upper_bound":380038.0038512905},"point_estimate":379558.3640825575,"standard_error":246.38227531500547},"std_dev":{"confidence_interval":{"confidence_level":0.95,"lower_bound":1661.1878312904419,"upper_bound":4310.294774082473},"point_estimate":2945.76685428973,"standard_error":766.891766436298}}