{"mean":{"confidence_interval":{"confidence_level":0.95,"lower_bound":161437799.23825,"upper_bound":161558909.90025},"point_estimate":161495119.24,"standard_error":30953.406421448773},"median":{"confidence_interval":{"confidence_level":0.95,"lower_bound":161356523.5,"upper_bound":161452160.0},"point_estimate":161401746.0,"standard_error":26473.25557174578},"median_abs_dev":{"confidence_interval":{"confidence_level":0.95,"lower_bound":117329.25541698933,"upper_bound":224456.85161009428},"point_estimate":153953.18126678467,"standard_error":26531.901503101824},"slope":null,"std_dev":{"confidence_interval":{"confidence_level":0.95,"lower_bound":220548.88738575988,"upper_bound":391964.89397858316},"point_estimate":310342.89061509975,"standard_error":43957.93841418133}}