{"mean":{"confidence_interval":{"confidence_level":0.95,"lower_bound":165138690.06475002,"upper_bound":165291793.2925},"point_estimate":165210233.83,"standard_error":39116.450761994995},"median":{"confidence_interval":{"confidence_level":0.95,"lower_bound":165047653.5,"upper_bound":165139423.0},"point_estimate":165093540.0,"standard_error":26483.89362377745},"median_abs_dev":{"confidence_interval":{"confidence_level":0.95,"lower_bound":150233.3379328251,"upper_bound":255096.33679613468},"point_estimate":219514.4934028387,"standard_error":27877.354469734844},"slope":null,"std_dev":{"confidence_interval":{"confidence_level":0.95,"lower_bound":263882.3963510577,"upper_bound":513632.66536340985},"point_estimate":393998.5137805393,"standard_error":64234.92579575237}}