{"mean":{"confidence_interval":{"confidence_level":0.95,"lower_bound":68266.22023873286,"upper_bound":68326.61539987155},"point_estimate":68293.16078037639,"standard_error":15.556073670934246},"median":{"confidence_interval":{"confidence_level":0.95,"lower_bound":68236.114762833,"upper_bound":68258.34946236559},"point_estimate":68249.58475975976,"standard_error":6.361743986284861},"median_abs_dev":{"confidence_interval":{"confidence_level":0.95,"lower_bound":31.709296721989194,"upper_bound":63.93864505105639},"point_estimate":47.7823824629444,"standard_error":8.629572331502471},"slope":{"confidence_interval":{"confidence_level":0.95,"lower_bound":68258.70199283226,"upper_bound":68307.22196563485},"point_estimate":68281.28449741392,"standard_error":12.386552348797368},"std_dev":{"confidence_interval":{"confidence_level":0.95,"lower_bound":77.76700156113807,"upper_bound":228.8648733997349},"point_estimate":156.21685024620356,"standard_error":40.05931707370182}}