{"mean":{"confidence_interval":{"confidence_level":0.95,"lower_bound":1495891.8921364981,"upper_bound":1500200.9067094196},"point_estimate":1497704.62343017,"standard_error":1116.868018385101},"median":{"confidence_interval":{"confidence_level":0.95,"lower_bound":1494719.467009804,"upper_bound":1496844.7784090908},"point_estimate":1495507.0462328768,"standard_error":620.2112218364949},"median_abs_dev":{"confidence_interval":{"confidence_level":0.95,"lower_bound":2834.9033929057873,"upper_bound":5202.712152633528},"point_estimate":3828.554045074724,"standard_error":633.5178487856789},"slope":{"confidence_interval":{"confidence_level":0.95,"lower_bound":1496314.7634394285,"upper_bound":1497901.256466353},"point_estimate":1497104.0241613714,"standard_error":403.56935687092033},"std_dev":{"confidence_interval":{"confidence_level":0.95,"lower_bound":4127.088231999965,"upper_bound":17764.44561637022},"point_estimate":11248.574674773316,"standard_error":3981.3109820722025}}