{"mean":{"confidence_interval":{"confidence_level":0.95,"lower_bound":114284390.3195,"upper_bound":114650704.645},"point_estimate":114460920.42,"standard_error":93729.79275612294},"median":{"confidence_interval":{"confidence_level":0.95,"lower_bound":114021332.0,"upper_bound":114507982.0},"point_estimate":114315960.5,"standard_error":122857.84257810695},"median_abs_dev":{"confidence_interval":{"confidence_level":0.95,"lower_bound":673291.6434466839,"upper_bound":1118845.5527365208},"point_estimate":952839.574983716,"standard_error":113644.52959208294},"slope":null,"std_dev":{"confidence_interval":{"confidence_level":0.95,"lower_bound":747165.3429041306,"upper_bound":1146083.7517339957},"point_estimate":941760.9648624593,"standard_error":103141.02293100252}}