{"mean":{"confidence_interval":{"confidence_level":0.95,"lower_bound":71069435.24625,"upper_bound":71171266.43975},"point_estimate":71120016.635,"standard_error":25916.99197380022},"median":{"confidence_interval":{"confidence_level":0.95,"lower_bound":71071240.5,"upper_bound":71148523.25},"point_estimate":71114549.5,"standard_error":22394.19073872722},"median_abs_dev":{"confidence_interval":{"confidence_level":0.95,"lower_bound":145391.90771877766,"upper_bound":253055.35260736942},"point_estimate":191793.9510449767,"standard_error":28599.456073038007},"slope":null,"std_dev":{"confidence_interval":{"confidence_level":0.95,"lower_bound":218218.01886087985,"upper_bound":299298.91121929843},"point_estimate":260718.5458963213,"standard_error":20749.99587265214}}