{"mean":{"confidence_interval":{"confidence_level":0.95,"lower_bound":75204435.767125,"upper_bound":75299794.3275},"point_estimate":75251824.095,"standard_error":24382.001892180127},"median":{"confidence_interval":{"confidence_level":0.95,"lower_bound":75219166.5,"upper_bound":75339112.5},"point_estimate":75260047.0,"standard_error":34630.39775784951},"median_abs_dev":{"confidence_interval":{"confidence_level":0.95,"lower_bound":191145.68420648575,"upper_bound":318636.3091930747},"point_estimate":254988.29232305288,"standard_error":32273.620126702215},"slope":null,"std_dev":{"confidence_interval":{"confidence_level":0.95,"lower_bound":209309.79678698274,"upper_bound":280308.6597021821},"point_estimate":245238.82708366588,"standard_error":18182.14894025052}}