{"mean":{"confidence_interval":{"confidence_level":0.95,"lower_bound":30671.065286456655,"upper_bound":30705.678069468926},"point_estimate":30687.422405396133,"standard_error":8.861319777116911},"median":{"confidence_interval":{"confidence_level":0.95,"lower_bound":30652.322109988778,"upper_bound":30675.23846281223},"point_estimate":30660.137141656443,"standard_error":5.680230570574084},"median_abs_dev":{"confidence_interval":{"confidence_level":0.95,"lower_bound":30.86248112766078,"upper_bound":59.90095848929272},"point_estimate":40.26197944444278,"standard_error":7.813660479819044},"slope":{"confidence_interval":{"confidence_level":0.95,"lower_bound":30664.1603301203,"upper_bound":30713.368223726702},"point_estimate":30686.17129053204,"standard_error":12.669087766505012},"std_dev":{"confidence_interval":{"confidence_level":0.95,"lower_bound":61.233153922603115,"upper_bound":113.61539253564906},"point_estimate":89.22634516801261,"standard_error":13.38195469126498}}