{"mean":{"confidence_interval":{"confidence_level":0.95,"lower_bound":198658.3056936867,"upper_bound":198958.69885962387},"point_estimate":198800.57645920815,"standard_error":76.79810870646905},"median":{"confidence_interval":{"confidence_level":0.95,"lower_bound":198416.09166666667,"upper_bound":198671.52162698412},"point_estimate":198476.99505003192,"standard_error":63.320374544810505},"median_abs_dev":{"confidence_interval":{"confidence_level":0.95,"lower_bound":301.58204135306903,"upper_bound":638.4917798471172},"point_estimate":421.05115077332715,"standard_error":84.5706338095659},"slope":{"confidence_interval":{"confidence_level":0.95,"lower_bound":198640.9136811602,"upper_bound":199164.31271202772},"point_estimate":198862.51263514112,"standard_error":136.4473945109263},"std_dev":{"confidence_interval":{"confidence_level":0.95,"lower_bound":560.431854501488,"upper_bound":1003.3866673779462},"point_estimate":770.97977398373,"standard_error":119.53354584376831}}