{"mean":{"confidence_interval":{"confidence_level":0.95,"lower_bound":6827648.0163166635,"upper_bound":6836962.690849998},"point_estimate":6831996.490666666,"standard_error":2390.0298567689288},"median":{"confidence_interval":{"confidence_level":0.95,"lower_bound":6820672.066666666,"upper_bound":6826739.6},"point_estimate":6824416.733333333,"standard_error":1546.5229963272789},"median_abs_dev":{"confidence_interval":{"confidence_level":0.95,"lower_bound":7276.897190809526,"upper_bound":13920.674772858665},"point_estimate":10754.286009073718,"standard_error":1749.1528770527298},"slope":null,"std_dev":{"confidence_interval":{"confidence_level":0.95,"lower_bound":15985.129110901446,"upper_bound":31208.99642339168},"point_estimate":24016.20681003379,"standard_error":3902.532965201925}}