{"mean":{"confidence_interval":{"confidence_level":0.95,"lower_bound":57961617.435499996,"upper_bound":58033095.637125},"point_estimate":57996313.545,"standard_error":18287.652921427387},"median":{"confidence_interval":{"confidence_level":0.95,"lower_bound":57886841.75,"upper_bound":57967536.0},"point_estimate":57915961.25,"standard_error":20402.777420915947},"median_abs_dev":{"confidence_interval":{"confidence_level":0.95,"lower_bound":69775.97321122885,"upper_bound":172308.88089090586},"point_estimate":112405.17025440931,"standard_error":25857.944961190136},"slope":null,"std_dev":{"confidence_interval":{"confidence_level":0.95,"lower_bound":151306.51696341563,"upper_bound":210837.96117081982},"point_estimate":183583.60878511492,"standard_error":15146.331159749483}}