{"mean":{"confidence_interval":{"confidence_level":0.95,"lower_bound":59492138.923875,"upper_bound":59536198.6465},"point_estimate":59512896.61,"standard_error":11203.049801852567},"median":{"confidence_interval":{"confidence_level":0.95,"lower_bound":59465436.5,"upper_bound":59496858.25},"point_estimate":59482636.0,"standard_error":7956.4073484524015},"median_abs_dev":{"confidence_interval":{"confidence_level":0.95,"lower_bound":42087.30675280094,"upper_bound":77642.04636532802},"point_estimate":58432.230162620544,"standard_error":9196.102487327249},"slope":null,"std_dev":{"confidence_interval":{"confidence_level":0.95,"lower_bound":79657.67050000427,"upper_bound":142766.79973236786},"point_estimate":112706.19609721971,"standard_error":16142.629883456877}}