{"mean":{"confidence_interval":{"confidence_level":0.95,"lower_bound":93829.38900342658,"upper_bound":94086.74047202291},"point_estimate":93951.6190048879,"standard_error":65.81400349007775},"median":{"confidence_interval":{"confidence_level":0.95,"lower_bound":93625.05896805896,"upper_bound":93931.92283298097},"point_estimate":93760.6457042957,"standard_error":72.77014252104478},"median_abs_dev":{"confidence_interval":{"confidence_level":0.95,"lower_bound":372.2778778359056,"upper_bound":651.8301628668404},"point_estimate":511.2068032508708,"standard_error":71.57594342193936},"slope":{"confidence_interval":{"confidence_level":0.95,"lower_bound":93769.2974397732,"upper_bound":94001.58945322564},"point_estimate":93880.83982562435,"standard_error":59.26921336707601},"std_dev":{"confidence_interval":{"confidence_level":0.95,"lower_bound":510.9983734596071,"upper_bound":796.6690312956703},"point_estimate":663.2152951431679,"standard_error":73.22292385488527}}