{"mean":{"confidence_interval":{"confidence_level":0.95,"lower_bound":181640367.31,"upper_bound":181746962.64625},"point_estimate":181689982.05,"standard_error":27270.153534280715},"median":{"confidence_interval":{"confidence_level":0.95,"lower_bound":181582181.5,"upper_bound":181671079.0},"point_estimate":181622643.0,"standard_error":25503.626652717274},"median_abs_dev":{"confidence_interval":{"confidence_level":0.95,"lower_bound":125220.39377689362,"upper_bound":204604.72676753998},"point_estimate":151208.14741551876,"standard_error":22029.10794741723},"slope":null,"std_dev":{"confidence_interval":{"confidence_level":0.95,"lower_bound":177070.33854035957,"upper_bound":370772.11222091893},"point_estimate":274330.2902756727,"standard_error":50853.15659151419}}