{"mean":{"confidence_interval":{"confidence_level":0.95,"lower_bound":177749416.26075003,"upper_bound":177923463.496},"point_estimate":177830921.07,"standard_error":44554.70098899256},"median":{"confidence_interval":{"confidence_level":0.95,"lower_bound":177661695.5,"upper_bound":177766177.0},"point_estimate":177722676.5,"standard_error":30189.304456112804},"median_abs_dev":{"confidence_interval":{"confidence_level":0.95,"lower_bound":158678.22738289833,"upper_bound":277471.55027389526},"point_estimate":220030.43819367886,"standard_error":29875.980365286785},"slope":null,"std_dev":{"confidence_interval":{"confidence_level":0.95,"lower_bound":294690.4057402071,"upper_bound":581065.7953816418},"point_estimate":447903.7783748986,"standard_error":73325.73418604965}}