{"mean":{"confidence_interval":{"confidence_level":0.95,"lower_bound":1196939.991364461,"upper_bound":1199363.5500599528},"point_estimate":1198078.6132847555,"standard_error":618.3462996012933},"median":{"confidence_interval":{"confidence_level":0.95,"lower_bound":1195419.875,"upper_bound":1197361.4171006945},"point_estimate":1196137.211620469,"standard_error":540.2445754642351},"median_abs_dev":{"confidence_interval":{"confidence_level":0.95,"lower_bound":2332.7478852623767,"upper_bound":4300.679264415685},"point_estimate":3051.9440022687645,"standard_error":496.37533077373763},"slope":{"confidence_interval":{"confidence_level":0.95,"lower_bound":1196033.089226612,"upper_bound":1199153.7408794162},"point_estimate":1197404.2820570415,"standard_error":800.5748033618867},"std_dev":{"confidence_interval":{"confidence_level":0.95,"lower_bound":4261.860573523582,"upper_bound":7908.102940537321},"point_estimate":6212.302473351449,"standard_error":934.8040597309408}}