{"mean":{"confidence_interval":{"confidence_level":0.95,"lower_bound":92785.31229334288,"upper_bound":92918.62532153753},"point_estimate":92847.7727311828,"standard_error":33.99822415113498},"median":{"confidence_interval":{"confidence_level":0.95,"lower_bound":92696.4536340852,"upper_bound":92784.22331691298},"point_estimate":92749.54142154142,"standard_error":21.07158387728929},"median_abs_dev":{"confidence_interval":{"confidence_level":0.95,"lower_bound":102.64447219016533,"upper_bound":214.72402616525957},"point_estimate":149.27419097369338,"standard_error":26.650956171378073},"slope":{"confidence_interval":{"confidence_level":0.95,"lower_bound":92754.18619941467,"upper_bound":92896.55722167881},"point_estimate":92822.09447965266,"standard_error":36.27126403196663},"std_dev":{"confidence_interval":{"confidence_level":0.95,"lower_bound":232.41540942139028,"upper_bound":458.6800143847051},"point_estimate":341.5784284550088,"standard_error":61.621367554179415}}