{"mean":{"confidence_interval":{"confidence_level":0.95,"lower_bound":47185642.67591665,"upper_bound":47293834.54491667},"point_estimate":47239781.10333333,"standard_error":27638.126046937727},"median":{"confidence_interval":{"confidence_level":0.95,"lower_bound":47136554.333333336,"upper_bound":47335880.333333336},"point_estimate":47236217.0,"standard_error":56304.07749475451},"median_abs_dev":{"confidence_interval":{"confidence_level":0.95,"lower_bound":257881.46262169068,"upper_bound":394212.707701318},"point_estimate":324160.84734499454,"standard_error":34983.72803200175},"slope":null,"std_dev":{"confidence_interval":{"confidence_level":0.95,"lower_bound":247997.39490606842,"upper_bound":303337.6709765396},"point_estimate":277726.47230010683,"standard_error":14162.414643831275}}