{"mean":{"confidence_interval":{"confidence_level":0.95,"lower_bound":1327292.8857494837,"upper_bound":1332233.012831058},"point_estimate":1329612.346951161,"standard_error":1265.7756117118258},"median":{"confidence_interval":{"confidence_level":0.95,"lower_bound":1324867.65,"upper_bound":1327004.0580808083},"point_estimate":1326219.4807692308,"standard_error":565.875904206093},"median_abs_dev":{"confidence_interval":{"confidence_level":0.95,"lower_bound":3880.4495572677247,"upper_bound":7248.042664365078},"point_estimate":5153.012750606646,"standard_error":863.4085987382548},"slope":{"confidence_interval":{"confidence_level":0.95,"lower_bound":1329229.7683248403,"upper_bound":1338167.7576842646},"point_estimate":1333636.5227634106,"standard_error":2286.9856422573625},"std_dev":{"confidence_interval":{"confidence_level":0.95,"lower_bound":8786.43481908832,"upper_bound":15827.49969527573},"point_estimate":12726.391202996629,"standard_error":1801.1227865289234}}