{"mean":{"confidence_interval":{"confidence_level":0.95,"lower_bound":221152.13848333978,"upper_bound":222216.83158944867},"point_estimate":221560.42526647492,"standard_error":285.37991238022},"median":{"confidence_interval":{"confidence_level":0.95,"lower_bound":221118.19268292683,"upper_bound":221248.00651420653},"point_estimate":221194.3661708861,"standard_error":34.32943363800566},"median_abs_dev":{"confidence_interval":{"confidence_level":0.95,"lower_bound":350.3766742795746,"upper_bound":834.1778523482657},"point_estimate":640.6301814470514,"standard_error":129.66174874967382},"slope":{"confidence_interval":{"confidence_level":0.95,"lower_bound":221035.7233689961,"upper_bound":221610.862128545},"point_estimate":221304.92798758682,"standard_error":146.89992526042673},"std_dev":{"confidence_interval":{"confidence_level":0.95,"lower_bound":678.9877430749295,"upper_bound":4750.80112461478},"point_estimate":2863.72809614232,"standard_error":1329.3028044310527}}