{"mean":{"confidence_interval":{"confidence_level":0.95,"lower_bound":1103186.420450176,"upper_bound":1105306.4073975822},"point_estimate":1104143.0646071548,"standard_error":542.4029965773744},"median":{"confidence_interval":{"confidence_level":0.95,"lower_bound":1102382.5,"upper_bound":1103783.4205630354},"point_estimate":1102929.25,"standard_error":437.31609356524353},"median_abs_dev":{"confidence_interval":{"confidence_level":0.95,"lower_bound":1751.2344211246252,"upper_bound":2841.063156338579},"point_estimate":2217.9990441453883,"standard_error":279.76315379892526},"slope":{"confidence_interval":{"confidence_level":0.95,"lower_bound":1103466.3960297322,"upper_bound":1105033.6697989057},"point_estimate":1104234.8242396927,"standard_error":399.7098518982666},"std_dev":{"confidence_interval":{"confidence_level":0.95,"lower_bound":2973.6346658646403,"upper_bound":7787.818151711196},"point_estimate":5454.173893936628,"standard_error":1268.9089344755341}}