{"mean":{"confidence_interval":{"confidence_level":0.95,"lower_bound":579074.3403748381,"upper_bound":580685.8232048864},"point_estimate":579694.7391620969,"standard_error":432.37095896113755},"median":{"confidence_interval":{"confidence_level":0.95,"lower_bound":578746.5545478617,"upper_bound":579010.164241486},"point_estimate":578854.882183908,"standard_error":63.50742653962118},"median_abs_dev":{"confidence_interval":{"confidence_level":0.95,"lower_bound":498.01846687647156,"upper_bound":1149.79382281003},"point_estimate":777.8715349778747,"standard_error":174.25687659049072},"slope":{"confidence_interval":{"confidence_level":0.95,"lower_bound":578893.2843195878,"upper_bound":579495.8778377104},"point_estimate":579185.614526378,"standard_error":153.66815981158987},"std_dev":{"confidence_interval":{"confidence_level":0.95,"lower_bound":1206.2690911335023,"upper_bound":7186.084982699511},"point_estimate":4338.412219479656,"standard_error":2020.379065037653}}