{"mean":{"confidence_interval":{"confidence_level":0.95,"lower_bound":85262899.16825,"upper_bound":85406505.71550001},"point_estimate":85333850.06,"standard_error":36555.39050650945},"median":{"confidence_interval":{"confidence_level":0.95,"lower_bound":85224311.0,"upper_bound":85419027.5},"point_estimate":85318984.75,"standard_error":48151.25746507947},"median_abs_dev":{"confidence_interval":{"confidence_level":0.95,"lower_bound":261695.94525396824,"upper_bound":410969.67035382986},"point_estimate":330335.134935379,"standard_error":36671.548616250744},"slope":null,"std_dev":{"confidence_interval":{"confidence_level":0.95,"lower_bound":307393.0729038545,"upper_bound":424692.4072421994},"point_estimate":367049.41694717214,"standard_error":30031.55536041776}}