{"mean":{"confidence_interval":{"confidence_level":0.95,"lower_bound":771408872.134,"upper_bound":773334938.6359999},"point_estimate":772361878.95,"standard_error":492013.25070273184},"median":{"confidence_interval":{"confidence_level":0.95,"lower_bound":770543350.0,"upper_bound":773163925.5},"point_estimate":772144984.0,"standard_error":676675.358042818},"median_abs_dev":{"confidence_interval":{"confidence_level":0.95,"lower_bound":3314269.2155599594,"upper_bound":5354102.906745672},"point_estimate":4393157.957705855,"standard_error":511526.10094187094},"slope":null,"std_dev":{"confidence_interval":{"confidence_level":0.95,"lower_bound":4104789.638987318,"upper_bound":5708638.132722961},"point_estimate":4941481.228796993,"standard_error":408563.4377045807}}