{"mean":{"confidence_interval":{"confidence_level":0.95,"lower_bound":25807678.203125,"upper_bound":25837937.72},"point_estimate":25822373.85,"standard_error":7735.463306465043},"median":{"confidence_interval":{"confidence_level":0.95,"lower_bound":25788462.25,"upper_bound":25813452.0},"point_estimate":25801270.0,"standard_error":6721.641642634259},"median_abs_dev":{"confidence_interval":{"confidence_level":0.95,"lower_bound":39159.723146650955,"upper_bound":74262.13540658355},"point_estimate":54200.51918774843,"standard_error":8889.921176455944},"slope":null,"std_dev":{"confidence_interval":{"confidence_level":0.95,"lower_bound":63348.20711681623,"upper_bound":90115.98459937541},"point_estimate":77718.80963873299,"standard_error":6840.084049089818}}