{"mean":{"confidence_interval":{"confidence_level":0.95,"lower_bound":12469935.969472222,"upper_bound":12497842.168138891},"point_estimate":12483569.522222219,"standard_error":7133.189888106455},"median":{"confidence_interval":{"confidence_level":0.95,"lower_bound":12445314.555555556,"upper_bound":12474407.888888888},"point_estimate":12459776.0,"standard_error":8467.944769150894},"median_abs_dev":{"confidence_interval":{"confidence_level":0.95,"lower_bound":37711.74239714909,"upper_bound":71295.92646757838},"point_estimate":51139.073792099494,"standard_error":8916.236078994303},"slope":null,"std_dev":{"confidence_interval":{"confidence_level":0.95,"lower_bound":60252.56727352066,"upper_bound":82157.64070135582},"point_estimate":72033.0041461387,"standard_error":5589.116170348178}}