{"mean":{"confidence_interval":{"confidence_level":0.95,"lower_bound":53687.50131788617,"upper_bound":53828.30009006212},"point_estimate":53746.96263326567,"standard_error":36.493518738471906},"median":{"confidence_interval":{"confidence_level":0.95,"lower_bound":53634.84335624284,"upper_bound":53712.40759637188},"point_estimate":53659.556004901955,"standard_error":24.36567716427719},"median_abs_dev":{"confidence_interval":{"confidence_level":0.95,"lower_bound":125.91991816495802,"upper_bound":231.2901659830571},"point_estimate":167.39772823075043,"standard_error":29.140098598795444},"slope":{"confidence_interval":{"confidence_level":0.95,"lower_bound":53694.22681772644,"upper_bound":53761.344810340845},"point_estimate":53727.04773172093,"standard_error":17.105156150620175},"std_dev":{"confidence_interval":{"confidence_level":0.95,"lower_bound":167.4619353108487,"upper_bound":568.430288775254},"point_estimate":365.72449902301736,"standard_error":126.24565820736234}}