{"mean":{"confidence_interval":{"confidence_level":0.95,"lower_bound":82854.59520837611,"upper_bound":83024.30087868137},"point_estimate":82935.73506699786,"standard_error":43.2603312075098},"median":{"confidence_interval":{"confidence_level":0.95,"lower_bound":82727.27205882352,"upper_bound":82851.81235546252},"point_estimate":82750.56101190476,"standard_error":32.13891088842416},"median_abs_dev":{"confidence_interval":{"confidence_level":0.95,"lower_bound":161.94162001163863,"upper_bound":384.68837048125584},"point_estimate":255.07963401309516,"standard_error":51.47851260879534},"slope":{"confidence_interval":{"confidence_level":0.95,"lower_bound":82841.04682810791,"upper_bound":83007.96034458841},"point_estimate":82919.23342483128,"standard_error":42.68466241793362},"std_dev":{"confidence_interval":{"confidence_level":0.95,"lower_bound":332.75748351579557,"upper_bound":530.985016911246},"point_estimate":433.94037508731645,"standard_error":51.17764849760082}}