{"mean":{"confidence_interval":{"confidence_level":0.95,"lower_bound":177070.45799699795,"upper_bound":178265.54696527676},"point_estimate":177504.91442232416,"standard_error":344.28632499319116},"median":{"confidence_interval":{"confidence_level":0.95,"lower_bound":176910.0625,"upper_bound":177049.89906103286},"point_estimate":176960.91007295175,"standard_error":34.89870392459393},"median_abs_dev":{"confidence_interval":{"confidence_level":0.95,"lower_bound":158.62166521306858,"upper_bound":302.0735041013988},"point_estimate":218.53756313559282,"standard_error":35.2445048926132},"slope":{"confidence_interval":{"confidence_level":0.95,"lower_bound":176968.79158313613,"upper_bound":177940.54925479088},"point_estimate":177306.13402541747,"standard_error":270.56529074199693},"std_dev":{"confidence_interval":{"confidence_level":0.95,"lower_bound":412.8256809882203,"upper_bound":5859.142259180327},"point_estimate":3454.8673053937873,"standard_error":1859.6089732662135}}