{"mean":{"confidence_interval":{"confidence_level":0.95,"lower_bound":204808.0284234236,"upper_bound":205267.18557581617},"point_estimate":205038.0209373471,"standard_error":117.1978187504089},"median":{"confidence_interval":{"confidence_level":0.95,"lower_bound":204619.67848101267,"upper_bound":205368.37333333335},"point_estimate":205018.02319148937,"standard_error":204.09372709886446},"median_abs_dev":{"confidence_interval":{"confidence_level":0.95,"lower_bound":1142.6171068573128,"upper_bound":1700.6306499454217},"point_estimate":1501.7941972086317,"standard_error":143.27782156308803},"slope":{"confidence_interval":{"confidence_level":0.95,"lower_bound":204602.03163223836,"upper_bound":205274.56229515004},"point_estimate":204938.49204403724,"standard_error":171.7609213809905},"std_dev":{"confidence_interval":{"confidence_level":0.95,"lower_bound":1048.7091012363967,"upper_bound":1288.8259084909766},"point_estimate":1175.6690092746787,"standard_error":61.28084548158708}}