{"mean":{"confidence_interval":{"confidence_level":0.95,"lower_bound":275344.3105223623,"upper_bound":276976.2862020608},"point_estimate":276157.7821867388,"standard_error":416.4146448059942},"median":{"confidence_interval":{"confidence_level":0.95,"lower_bound":275361.9375,"upper_bound":276333.8044354839},"point_estimate":275832.2000487329,"standard_error":330.78384045433484},"median_abs_dev":{"confidence_interval":{"confidence_level":0.95,"lower_bound":6085.71302848702,"upper_bound":7126.47981895841},"point_estimate":6851.874179271735,"standard_error":331.0336940086633},"slope":{"confidence_interval":{"confidence_level":0.95,"lower_bound":274841.8194268103,"upper_bound":276962.7260273263},"point_estimate":275903.9328239988,"standard_error":543.0373873258322},"std_dev":{"confidence_interval":{"confidence_level":0.95,"lower_bound":3823.73058511629,"upper_bound":4468.476826469839},"point_estimate":4179.647626699849,"standard_error":164.5339893702743}}