{"mean":{"confidence_interval":{"confidence_level":0.95,"lower_bound":784919.2720429947,"upper_bound":794583.4670746094},"point_estimate":789396.3588173122,"standard_error":2485.520806481864},"median":{"confidence_interval":{"confidence_level":0.95,"lower_bound":780868.6968288682,"upper_bound":782057.4556510377},"point_estimate":781526.7662076879,"standard_error":336.7687280177007},"median_abs_dev":{"confidence_interval":{"confidence_level":0.95,"lower_bound":2115.3847606748664,"upper_bound":5437.589511065012},"point_estimate":4006.163951244745,"standard_error":957.4832005930342},"slope":{"confidence_interval":{"confidence_level":0.95,"lower_bound":786973.7425328677,"upper_bound":798525.8257096634},"point_estimate":792352.1127993695,"standard_error":2957.8012298959643},"std_dev":{"confidence_interval":{"confidence_level":0.95,"lower_bound":15699.820181240386,"upper_bound":32576.500229883728},"point_estimate":24962.644598573985,"standard_error":4324.834834117547}}