{"mean":{"confidence_interval":{"confidence_level":0.95,"lower_bound":21560463.859333336,"upper_bound":21586371.40158334},"point_estimate":21572837.966666665,"standard_error":6613.27091842784},"median":{"confidence_interval":{"confidence_level":0.95,"lower_bound":21539927.666666668,"upper_bound":21554900.666666668},"point_estimate":21547534.166666664,"standard_error":4018.893193422063},"median_abs_dev":{"confidence_interval":{"confidence_level":0.95,"lower_bound":20946.66662812049,"upper_bound":40461.63588166237},"point_estimate":34687.897384163036,"standard_error":5238.6886915280475},"slope":null,"std_dev":{"confidence_interval":{"confidence_level":0.95,"lower_bound":51563.868121301784,"upper_bound":78666.53122196146},"point_estimate":66590.68272142336,"standard_error":6915.7899249367465}}