{"mean":{"confidence_interval":{"confidence_level":0.95,"lower_bound":3202055.6305625,"upper_bound":3858250.070125},"point_estimate":3448971.076875,"standard_error":178397.42203452042},"median":{"confidence_interval":{"confidence_level":0.95,"lower_bound":3152599.125,"upper_bound":3167166.5625},"point_estimate":3159802.78125,"standard_error":3106.770008857742},"median_abs_dev":{"confidence_interval":{"confidence_level":0.95,"lower_bound":28048.821265627634,"upper_bound":54311.57982515171},"point_estimate":40113.73453158885,"standard_error":6818.075687689259},"slope":null,"std_dev":{"confidence_interval":{"confidence_level":0.95,"lower_bound":107102.0496082343,"upper_bound":2973719.7819991154},"point_estimate":1791655.6794232244,"standard_error":850405.3966869251}}