{"mean":{"confidence_interval":{"confidence_level":0.95,"lower_bound":1314400.0435047166,"upper_bound":1324326.6163828317},"point_estimate":1318679.9428000571,"standard_error":2565.883518068802},"median":{"confidence_interval":{"confidence_level":0.95,"lower_bound":1309240.2727272727,"upper_bound":1317933.408045977},"point_estimate":1312317.818627451,"standard_error":2255.2607033949807},"median_abs_dev":{"confidence_interval":{"confidence_level":0.95,"lower_bound":6626.537605432417,"upper_bound":14186.84735813301},"point_estimate":10822.353492423865,"standard_error":2276.2013232907425},"slope":{"confidence_interval":{"confidence_level":0.95,"lower_bound":1319842.4394244344,"upper_bound":1333084.0288773484},"point_estimate":1325022.5284054973,"standard_error":3580.850293513683},"std_dev":{"confidence_interval":{"confidence_level":0.95,"lower_bound":9371.720387448378,"upper_bound":38830.50468219126},"point_estimate":25757.274552071576,"standard_error":8038.037908526214}}