{"mean":{"confidence_interval":{"confidence_level":0.95,"lower_bound":226938.00506212865,"upper_bound":227758.97049746808},"point_estimate":227300.40927070388,"standard_error":210.89545549019297},"median":{"confidence_interval":{"confidence_level":0.95,"lower_bound":226641.55328798186,"upper_bound":227264.27075351213},"point_estimate":226974.9526442919,"standard_error":152.8789401297526},"median_abs_dev":{"confidence_interval":{"confidence_level":0.95,"lower_bound":952.7059194570934,"upper_bound":1547.421741048001},"point_estimate":1326.9542216114253,"standard_error":150.00296013287073},"slope":{"confidence_interval":{"confidence_level":0.95,"lower_bound":226609.42695524523,"upper_bound":227132.87275153305},"point_estimate":226860.42644270396,"standard_error":133.33115551239413},"std_dev":{"confidence_interval":{"confidence_level":0.95,"lower_bound":1105.6425639956376,"upper_bound":3182.5522124334516},"point_estimate":2122.2315422310044,"standard_error":621.1906255273701}}