{"mean":{"confidence_interval":{"confidence_level":0.95,"lower_bound":183296311.7805,"upper_bound":183973653.84525},"point_estimate":183603585.71,"standard_error":173990.6912138615},"median":{"confidence_interval":{"confidence_level":0.95,"lower_bound":183013788.0,"upper_bound":183275875.0},"point_estimate":183127435.5,"standard_error":65287.2557134899},"median_abs_dev":{"confidence_interval":{"confidence_level":0.95,"lower_bound":359557.92171657085,"upper_bound":613482.0779085159},"point_estimate":518935.19498705864,"standard_error":67878.62474667214},"slope":null,"std_dev":{"confidence_interval":{"confidence_level":0.95,"lower_bound":976888.6280464642,"upper_bound":2350163.806428153},"point_estimate":1751057.36593253,"standard_error":363017.8145857264}}