{"mean":{"confidence_interval":{"confidence_level":0.95,"lower_bound":1485318.9433497577,"upper_bound":1489967.6856501652},"point_estimate":1487282.715866941,"standard_error":1203.6351360349693},"median":{"confidence_interval":{"confidence_level":0.95,"lower_bound":1483615.45875,"upper_bound":1486848.8780487804},"point_estimate":1484502.2734817292,"standard_error":830.4650952941017},"median_abs_dev":{"confidence_interval":{"confidence_level":0.95,"lower_bound":4073.7673350617683,"upper_bound":6251.23250445977},"point_estimate":5000.989166192075,"standard_error":545.4069899522257},"slope":{"confidence_interval":{"confidence_level":0.95,"lower_bound":1484729.3688716188,"upper_bound":1487056.4267167493},"point_estimate":1485869.4189951234,"standard_error":592.2830539334102},"std_dev":{"confidence_interval":{"confidence_level":0.95,"lower_bound":4954.051508643938,"upper_bound":18936.544171059664},"point_estimate":12111.226680157954,"standard_error":4154.827761232652}}