{"mean":{"confidence_interval":{"confidence_level":0.95,"lower_bound":21098635.634400006,"upper_bound":21135935.350449994},"point_estimate":21116598.14999999,"standard_error":9505.063190823046},"median":{"confidence_interval":{"confidence_level":0.95,"lower_bound":21074680.9,"upper_bound":21113278.4},"point_estimate":21084416.3,"standard_error":11583.216768081189},"median_abs_dev":{"confidence_interval":{"confidence_level":0.95,"lower_bound":48454.03581977001,"upper_bound":86084.44319419775},"point_estimate":64086.12516224108,"standard_error":9367.592946633746},"slope":null,"std_dev":{"confidence_interval":{"confidence_level":0.95,"lower_bound":74681.47870341106,"upper_bound":113610.00679284793},"point_estimate":95095.24456420071,"standard_error":9980.528016865039}}