{"mean":{"confidence_interval":{"confidence_level":0.95,"lower_bound":20893537.239949994,"upper_bound":20954680.72170001},"point_estimate":20923022.303999998,"standard_error":15636.915877885516},"median":{"confidence_interval":{"confidence_level":0.95,"lower_bound":20845380.8,"upper_bound":20908224.4},"point_estimate":20858685.5,"standard_error":16910.24322569251},"median_abs_dev":{"confidence_interval":{"confidence_level":0.95,"lower_bound":77260.0637483641,"upper_bound":156416.8176430425},"point_estimate":104699.72754120827,"standard_error":20952.25618982509},"slope":null,"std_dev":{"confidence_interval":{"confidence_level":0.95,"lower_bound":124604.16155883136,"upper_bound":189089.47990036322},"point_estimate":157235.07429878428,"standard_error":16604.20276749169}}