{"mean":{"confidence_interval":{"confidence_level":0.95,"lower_bound":15105907.912499994,"upper_bound":15133126.875142854},"point_estimate":15119236.891428567,"standard_error":6943.230357200061},"median":{"confidence_interval":{"confidence_level":0.95,"lower_bound":15084214.0,"upper_bound":15119576.42857143},"point_estimate":15100338.07142857,"standard_error":8629.585918240646},"median_abs_dev":{"confidence_interval":{"confidence_level":0.95,"lower_bound":44395.39721182375,"upper_bound":81593.06542393268},"point_estimate":60456.08502668915,"standard_error":9761.180325485964},"slope":null,"std_dev":{"confidence_interval":{"confidence_level":0.95,"lower_bound":59269.95666288822,"upper_bound":78615.33728301575},"point_estimate":69803.57912321325,"standard_error":4933.853572769236}}