{"mean":{"confidence_interval":{"confidence_level":0.95,"lower_bound":14010381.5415625,"upper_bound":14028564.8100625},"point_estimate":14019229.49,"standard_error":4649.63301220546},"median":{"confidence_interval":{"confidence_level":0.95,"lower_bound":14002564.875,"upper_bound":14013190.75},"point_estimate":14007584.3125,"standard_error":2759.0089405612257},"median_abs_dev":{"confidence_interval":{"confidence_level":0.95,"lower_bound":22604.73848618567,"upper_bound":47046.97431474924},"point_estimate":34567.18903630972,"standard_error":6363.838060996535},"slope":null,"std_dev":{"confidence_interval":{"confidence_level":0.95,"lower_bound":38350.21844431222,"upper_bound":54789.51053911994},"point_estimate":46874.30273426755,"standard_error":4198.705991428927}}