{"mean":{"confidence_interval":{"confidence_level":0.95,"lower_bound":6485509.156609375,"upper_bound":6505326.819093751},"point_estimate":6495183.73875,"standard_error":5080.330694223103},"median":{"confidence_interval":{"confidence_level":0.95,"lower_bound":6472937.40625,"upper_bound":6491905.5625},"point_estimate":6484597.6875,"standard_error":5643.418134538449},"median_abs_dev":{"confidence_interval":{"confidence_level":0.95,"lower_bound":33605.95460962504,"upper_bound":57481.790916994214},"point_estimate":49354.270523786545,"standard_error":6589.288192897228},"slope":null,"std_dev":{"confidence_interval":{"confidence_level":0.95,"lower_bound":42270.94419678422,"upper_bound":58678.94104781149},"point_estimate":50973.206573197655,"standard_error":4191.195919402843}}