{"mean":{"confidence_interval":{"confidence_level":0.95,"lower_bound":6177857.995676469,"upper_bound":6202007.933323528},"point_estimate":6190052.769999999,"standard_error":6167.154034679835},"median":{"confidence_interval":{"confidence_level":0.95,"lower_bound":6183270.823529412,"upper_bound":6205799.970588235},"point_estimate":6196477.411764706,"standard_error":6009.557123420539},"median_abs_dev":{"confidence_interval":{"confidence_level":0.95,"lower_bound":53710.6289111527,"upper_bound":84595.03852269665},"point_estimate":71233.25997065124,"standard_error":7875.865480474796},"slope":null,"std_dev":{"confidence_interval":{"confidence_level":0.95,"lower_bound":54307.331869696834,"upper_bound":68827.01337913382},"point_estimate":62032.455412618336,"standard_error":3710.834954346364}}