{"mean":{"confidence_interval":{"confidence_level":0.95,"lower_bound":5993113.373264706,"upper_bound":6000923.094823527},"point_estimate":5996801.320000002,"standard_error":1993.1520475964478},"median":{"confidence_interval":{"confidence_level":0.95,"lower_bound":5987752.205882353,"upper_bound":5994034.647058823},"point_estimate":5990957.676470589,"standard_error":1588.3540537310669},"median_abs_dev":{"confidence_interval":{"confidence_level":0.95,"lower_bound":8234.883524390396,"upper_bound":15214.266506362714},"point_estimate":11298.545552350595,"standard_error":1809.8065658170108},"slope":null,"std_dev":{"confidence_interval":{"confidence_level":0.95,"lower_bound":14376.568087888834,"upper_bound":25306.07104921496},"point_estimate":20065.80636726379,"standard_error":2807.7399360482186}}