{"mean":{"confidence_interval":{"confidence_level":0.95,"lower_bound":40501.11079593555,"upper_bound":40536.20577790521},"point_estimate":40517.50203277908,"standard_error":8.963588651728141},"median":{"confidence_interval":{"confidence_level":0.95,"lower_bound":40470.16508746355,"upper_bound":40505.464005382375},"point_estimate":40485.90169123205,"standard_error":9.874446207084786},"median_abs_dev":{"confidence_interval":{"confidence_level":0.95,"lower_bound":29.2856001316159,"upper_bound":76.06636491310903},"point_estimate":50.27206928594918,"standard_error":12.044711096754975},"slope":{"confidence_interval":{"confidence_level":0.95,"lower_bound":40500.796872698775,"upper_bound":40537.47888763183},"point_estimate":40518.43808958843,"standard_error":9.357655799613813},"std_dev":{"confidence_interval":{"confidence_level":0.95,"lower_bound":59.72619225554612,"upper_bound":122.08734582746368},"point_estimate":90.21822950521204,"standard_error":16.5754619533877}}