{"mean":{"confidence_interval":{"confidence_level":0.95,"lower_bound":39448.57147584717,"upper_bound":39508.12477363869},"point_estimate":39473.88520110645,"standard_error":15.475191639792817},"median":{"confidence_interval":{"confidence_level":0.95,"lower_bound":39434.47549019608,"upper_bound":39441.31770485972},"point_estimate":39436.89773316734,"standard_error":1.7128264417329},"median_abs_dev":{"confidence_interval":{"confidence_level":0.95,"lower_bound":10.400002756534438,"upper_bound":18.625466012080054},"point_estimate":13.952495495791643,"standard_error":2.0571452918129767},"slope":{"confidence_interval":{"confidence_level":0.95,"lower_bound":39443.16456943098,"upper_bound":39469.08005592169},"point_estimate":39454.75657038048,"standard_error":6.6533107635095465},"std_dev":{"confidence_interval":{"confidence_level":0.95,"lower_bound":40.82829679896401,"upper_bound":240.63466611880258},"point_estimate":155.94677367822976,"standard_error":53.26574158125228}}