{"mean":{"confidence_interval":{"confidence_level":0.95,"lower_bound":15095330.698071428,"upper_bound":15122514.732250005},"point_estimate":15108572.89714286,"standard_error":6927.745794418106},"median":{"confidence_interval":{"confidence_level":0.95,"lower_bound":15082182.142857144,"upper_bound":15115304.92857143},"point_estimate":15099152.857142858,"standard_error":8512.56026864389},"median_abs_dev":{"confidence_interval":{"confidence_level":0.95,"lower_bound":50036.26651168146,"upper_bound":78344.1832091135},"point_estimate":67202.55030691624,"standard_error":7220.269885369945},"slope":null,"std_dev":{"confidence_interval":{"confidence_level":0.95,"lower_bound":55430.69510865868,"upper_bound":82841.54448147636},"point_estimate":69568.33556588196,"standard_error":7028.260385954674}}