{"mean":{"confidence_interval":{"confidence_level":0.95,"lower_bound":73218.93309572531,"upper_bound":73327.28715784705},"point_estimate":73262.11143530259,"standard_error":28.545996450803727},"median":{"confidence_interval":{"confidence_level":0.95,"lower_bound":73200.16532967033,"upper_bound":73227.08530831688},"point_estimate":73208.23893229167,"standard_error":6.767679826031356},"median_abs_dev":{"confidence_interval":{"confidence_level":0.95,"lower_bound":39.15084245561515,"upper_bound":66.41852667946765},"point_estimate":54.43408777272898,"standard_error":7.357233475449198},"slope":{"confidence_interval":{"confidence_level":0.95,"lower_bound":73229.599989224,"upper_bound":73447.4233046616},"point_estimate":73309.45244389791,"standard_error":60.308800693458515},"std_dev":{"confidence_interval":{"confidence_level":0.95,"lower_bound":75.63576723670602,"upper_bound":467.73790256456994},"point_estimate":286.69391391417105,"standard_error":119.70032237564396}}