{"mean":{"confidence_interval":{"confidence_level":0.95,"lower_bound":17332015.592499994,"upper_bound":17359114.839791663},"point_estimate":17345150.075,"standard_error":6908.409098913024},"median":{"confidence_interval":{"confidence_level":0.95,"lower_bound":17329032.416666668,"upper_bound":17349194.0},"point_estimate":17337978.166666664,"standard_error":5430.255364090827},"median_abs_dev":{"confidence_interval":{"confidence_level":0.95,"lower_bound":42909.65553820317,"upper_bound":72968.87580454441},"point_estimate":59577.415092288524,"standard_error":7765.422526090453},"slope":null,"std_dev":{"confidence_interval":{"confidence_level":0.95,"lower_bound":53263.47479054328,"upper_bound":84634.38427645597},"point_estimate":69136.26355433477,"standard_error":8083.018680619217}}