{"mean":{"confidence_interval":{"confidence_level":0.95,"lower_bound":15084889.404821431,"upper_bound":15111328.126714282},"point_estimate":15097027.548571426,"standard_error":6787.169216128679},"median":{"confidence_interval":{"confidence_level":0.95,"lower_bound":15074041.42857143,"upper_bound":15093601.57142857},"point_estimate":15080904.92857143,"standard_error":5020.84757634438},"median_abs_dev":{"confidence_interval":{"confidence_level":0.95,"lower_bound":26886.31512267308,"upper_bound":43306.53343115416},"point_estimate":34967.01447921219,"standard_error":4398.072198188322},"slope":null,"std_dev":{"confidence_interval":{"confidence_level":0.95,"lower_bound":41209.78477696301,"upper_bound":94386.84086062455},"point_estimate":68439.09326262044,"standard_error":13899.380649372033}}