{"mean":{"confidence_interval":{"confidence_level":0.95,"lower_bound":32810647.611833323,"upper_bound":32842977.192916654},"point_estimate":32826452.413333334,"standard_error":8261.253106385515},"median":{"confidence_interval":{"confidence_level":0.95,"lower_bound":32807443.666666668,"upper_bound":32838528.666666664},"point_estimate":32824077.833333332,"standard_error":8994.104353481627},"median_abs_dev":{"confidence_interval":{"confidence_level":0.95,"lower_bound":53191.98055565357,"upper_bound":94449.52552318665},"point_estimate":75354.87336218542,"standard_error":10618.483855213226},"slope":null,"std_dev":{"confidence_interval":{"confidence_level":0.95,"lower_bound":67774.59302167704,"upper_bound":98163.09737554357},"point_estimate":83154.81002075155,"standard_error":7788.634910828513}}