{"mean":{"confidence_interval":{"confidence_level":0.95,"lower_bound":169809.60447915885,"upper_bound":170226.2051722086},"point_estimate":170005.31887239125,"standard_error":106.51308740330103},"median":{"confidence_interval":{"confidence_level":0.95,"lower_bound":169612.87218309857,"upper_bound":169778.6472262597},"point_estimate":169704.62878787878,"standard_error":40.110577901998454},"median_abs_dev":{"confidence_interval":{"confidence_level":0.95,"lower_bound":250.6746783113901,"upper_bound":571.9442324279349},"point_estimate":360.7581181859182,"standard_error":85.32938600089575},"slope":{"confidence_interval":{"confidence_level":0.95,"lower_bound":169570.0346640296,"upper_bound":169949.8469678013},"point_estimate":169751.6804327373,"standard_error":96.96896984854561},"std_dev":{"confidence_interval":{"confidence_level":0.95,"lower_bound":708.6023412069972,"upper_bound":1414.1399675565426},"point_estimate":1069.9225444661959,"standard_error":183.02424539022545}}