{"mean":{"confidence_interval":{"confidence_level":0.95,"lower_bound":48915866.58075,"upper_bound":48983103.39175},"point_estimate":48949546.065,"standard_error":17149.295220675685},"median":{"confidence_interval":{"confidence_level":0.95,"lower_bound":48922476.5,"upper_bound":48994098.5},"point_estimate":48970876.5,"standard_error":16217.950379371412},"median_abs_dev":{"confidence_interval":{"confidence_level":0.95,"lower_bound":114279.54727113247,"upper_bound":212649.31422472},"point_estimate":168358.86391103268,"standard_error":25385.985170645166},"slope":null,"std_dev":{"confidence_interval":{"confidence_level":0.95,"lower_bound":145863.22630436407,"upper_bound":196613.59187444387},"point_estimate":172172.65058993813,"standard_error":12998.080537158176}}