{"mean":{"confidence_interval":{"confidence_level":0.95,"lower_bound":41778446.01524999,"upper_bound":41855678.88699999},"point_estimate":41816645.23666665,"standard_error":19788.53353552442},"median":{"confidence_interval":{"confidence_level":0.95,"lower_bound":41743063.333333336,"upper_bound":41820597.666666664},"point_estimate":41779672.33333333,"standard_error":19562.25848342434},"median_abs_dev":{"confidence_interval":{"confidence_level":0.95,"lower_bound":136018.4164851867,"upper_bound":246135.3172302246},"point_estimate":201900.71151554215,"standard_error":26825.699154607257},"slope":null,"std_dev":{"confidence_interval":{"confidence_level":0.95,"lower_bound":170727.39179543508,"upper_bound":225695.82503472},"point_estimate":199391.45600244557,"standard_error":14003.84489123753}}