{"mean":{"confidence_interval":{"confidence_level":0.95,"lower_bound":2410441.467047619,"upper_bound":2485113.063869047},"point_estimate":2440732.0095238104,"standard_error":20178.445228180015},"median":{"confidence_interval":{"confidence_level":0.95,"lower_bound":2406129.880952381,"upper_bound":2414185.095238095},"point_estimate":2408763.095238095,"standard_error":1731.2290950935628},"median_abs_dev":{"confidence_interval":{"confidence_level":0.95,"lower_bound":11590.52004922716,"upper_bound":20542.69343529414},"point_estimate":16168.952912943967,"standard_error":2226.4790158824567},"slope":null,"std_dev":{"confidence_interval":{"confidence_level":0.95,"lower_bound":15781.81573219129,"upper_bound":318155.74657486},"point_estimate":203442.6518870638,"standard_error":83178.93265043256}}