{"mean":{"confidence_interval":{"confidence_level":0.95,"lower_bound":227060.05884064865,"upper_bound":227806.50784207936},"point_estimate":227407.02598852693,"standard_error":190.85626041151102},"median":{"confidence_interval":{"confidence_level":0.95,"lower_bound":226555.59199026832,"upper_bound":226933.6205387205},"point_estimate":226673.20084541064,"standard_error":94.9877872330656},"median_abs_dev":{"confidence_interval":{"confidence_level":0.95,"lower_bound":369.9918076603937,"upper_bound":837.5330358476738},"point_estimate":533.7690962139154,"standard_error":119.59183481251014},"slope":{"confidence_interval":{"confidence_level":0.95,"lower_bound":226844.75766569088,"upper_bound":227618.04476145213},"point_estimate":227199.777652004,"standard_error":198.3563344837192},"std_dev":{"confidence_interval":{"confidence_level":0.95,"lower_bound":1228.9309620600825,"upper_bound":2553.4982664585273},"point_estimate":1917.496341020091,"standard_error":342.330507438794}}