{"mean":{"confidence_interval":{"confidence_level":0.95,"lower_bound":19757.57252045349,"upper_bound":19795.608301178534},"point_estimate":19775.383219036677,"standard_error":9.706147489899426},"median":{"confidence_interval":{"confidence_level":0.95,"lower_bound":19730.489016393443,"upper_bound":19760.590625},"point_estimate":19742.982694915256,"standard_error":7.54348750917438},"median_abs_dev":{"confidence_interval":{"confidence_level":0.95,"lower_bound":37.687013798665404,"upper_bound":70.56424069244804},"point_estimate":49.8120802887359,"standard_error":8.32636865813441},"slope":{"confidence_interval":{"confidence_level":0.95,"lower_bound":19744.776268242036,"upper_bound":19784.94572930193},"point_estimate":19763.71890988621,"standard_error":10.286344845830532},"std_dev":{"confidence_interval":{"confidence_level":0.95,"lower_bound":67.50109064157105,"upper_bound":129.19771616008228},"point_estimate":97.0938740256254,"standard_error":16.745359043840345}}