{"mean":{"confidence_interval":{"confidence_level":0.95,"lower_bound":31848859.7528125,"upper_bound":31893377.609812498},"point_estimate":31870436.455,"standard_error":11356.81606418045},"median":{"confidence_interval":{"confidence_level":0.95,"lower_bound":31830063.0,"upper_bound":31878734.25},"point_estimate":31850704.375,"standard_error":12660.232757581227},"median_abs_dev":{"confidence_interval":{"confidence_level":0.95,"lower_bound":72826.05200707912,"upper_bound":133573.5473535955},"point_estimate":90635.41354089975,"standard_error":15032.674077012414},"slope":null,"std_dev":{"confidence_interval":{"confidence_level":0.95,"lower_bound":90625.22763067664,"upper_bound":138214.91252964168},"point_estimate":114205.42681269646,"standard_error":12293.045036999065}}