{"mean":{"confidence_interval":{"confidence_level":0.95,"lower_bound":78523727.8575,"upper_bound":78647994.5115},"point_estimate":78584145.245,"standard_error":31715.335782511895},"median":{"confidence_interval":{"confidence_level":0.95,"lower_bound":78473088.0,"upper_bound":78588223.5},"point_estimate":78535839.0,"standard_error":35246.58858679351},"median_abs_dev":{"confidence_interval":{"confidence_level":0.95,"lower_bound":161128.96513938904,"upper_bound":334404.50121313334},"point_estimate":245756.88358694315,"standard_error":44113.05958616669},"slope":null,"std_dev":{"confidence_interval":{"confidence_level":0.95,"lower_bound":253842.56243891662,"upper_bound":382184.37559243786},"point_estimate":320554.67559704813,"standard_error":32896.34358821242}}