{"mean":{"confidence_interval":{"confidence_level":0.95,"lower_bound":735935.2820878616,"upper_bound":737082.6614433192},"point_estimate":736418.1617837826,"standard_error":297.9230712635336},"median":{"confidence_interval":{"confidence_level":0.95,"lower_bound":735582.8068493151,"upper_bound":735815.811965812},"point_estimate":735704.7373202615,"standard_error":59.30229999756816},"median_abs_dev":{"confidence_interval":{"confidence_level":0.95,"lower_bound":348.4169997171843,"upper_bound":649.5172424818187},"point_estimate":473.0885744581551,"standard_error":77.87867081508656},"slope":{"confidence_interval":{"confidence_level":0.95,"lower_bound":735854.8738804607,"upper_bound":736382.3166277356},"point_estimate":736097.3993330378,"standard_error":135.07404574022743},"std_dev":{"confidence_interval":{"confidence_level":0.95,"lower_bound":900.7283759898962,"upper_bound":4704.268463818223},"point_estimate":2998.641267116934,"standard_error":1043.5955588057807}}