{"mean":{"confidence_interval":{"confidence_level":0.95,"lower_bound":740292.4336889265,"upper_bound":742942.4200183793},"point_estimate":741510.5274052002,"standard_error":674.5679603957599},"median":{"confidence_interval":{"confidence_level":0.95,"lower_bound":740051.72,"upper_bound":741568.7142857143},"point_estimate":740622.5370370371,"standard_error":381.8371247835044},"median_abs_dev":{"confidence_interval":{"confidence_level":0.95,"lower_bound":2257.4465304778196,"upper_bound":4989.11092181402},"point_estimate":3310.2181132419078,"standard_error":647.1348953489443},"slope":{"confidence_interval":{"confidence_level":0.95,"lower_bound":739107.0446353279,"upper_bound":741400.2575307471},"point_estimate":740189.2521530959,"standard_error":584.1689361608237},"std_dev":{"confidence_interval":{"confidence_level":0.95,"lower_bound":4169.029063528382,"upper_bound":9378.090160061643},"point_estimate":6794.18809501981,"standard_error":1376.5040955547483}}