{"mean":{"confidence_interval":{"confidence_level":0.95,"lower_bound":7297687.856035717,"upper_bound":7305267.386678573},"point_estimate":7301381.4242857145,"standard_error":1936.9218832498625},"median":{"confidence_interval":{"confidence_level":0.95,"lower_bound":7290052.714285715,"upper_bound":7296546.142857143},"point_estimate":7292724.642857143,"standard_error":1716.4039732151748},"median_abs_dev":{"confidence_interval":{"confidence_level":0.95,"lower_bound":7622.025284682006,"upper_bound":18485.056471824646},"point_estimate":11580.270694409393,"standard_error":2749.743029440816},"slope":null,"std_dev":{"confidence_interval":{"confidence_level":0.95,"lower_bound":16433.426352840637,"upper_bound":22162.126645655073},"point_estimate":19519.931995972147,"standard_error":1464.619041433099}}