{"mean":{"confidence_interval":{"confidence_level":0.95,"lower_bound":87245285.913,"upper_bound":87344796.463},"point_estimate":87294021.975,"standard_error":25287.318491106787},"median":{"confidence_interval":{"confidence_level":0.95,"lower_bound":87158823.5,"upper_bound":87316013.0},"point_estimate":87220353.75,"standard_error":38631.05080911941},"median_abs_dev":{"confidence_interval":{"confidence_level":0.95,"lower_bound":184570.7795707137,"upper_bound":320376.51091217995},"point_estimate":227843.3694049716,"standard_error":33159.0439544503},"slope":null,"std_dev":{"confidence_interval":{"confidence_level":0.95,"lower_bound":215908.99724098347,"upper_bound":286518.4687642224},"point_estimate":253429.45948721448,"standard_error":17986.15852485503}}