{"mean":{"confidence_interval":{"confidence_level":0.95,"lower_bound":94772515.079125,"upper_bound":94853856.1485},"point_estimate":94811876.885,"standard_error":20826.061663428492},"median":{"confidence_interval":{"confidence_level":0.95,"lower_bound":94712008.0,"upper_bound":94792915.0},"point_estimate":94764149.25,"standard_error":21717.53567545738},"median_abs_dev":{"confidence_interval":{"confidence_level":0.95,"lower_bound":103618.17086040974,"upper_bound":195907.05402195454},"point_estimate":154337.91595995426,"standard_error":24528.798336852185},"slope":null,"std_dev":{"confidence_interval":{"confidence_level":0.95,"lower_bound":160276.30379103115,"upper_bound":251890.52748416827},"point_estimate":208725.8193181055,"standard_error":23500.847977288282}}