{"mean":{"confidence_interval":{"confidence_level":0.95,"lower_bound":622026500.893,"upper_bound":625417847.5385},"point_estimate":623723612.0,"standard_error":866024.0177867129},"median":{"confidence_interval":{"confidence_level":0.95,"lower_bound":621956994.0,"upper_bound":625394365.5},"point_estimate":624068234.5,"standard_error":883153.4327458654},"median_abs_dev":{"confidence_interval":{"confidence_level":0.95,"lower_bound":5701075.778585672,"upper_bound":10355851.845046878},"point_estimate":7674536.434149742,"standard_error":1232842.6070795187},"slope":null,"std_dev":{"confidence_interval":{"confidence_level":0.95,"lower_bound":7455956.295127094,"upper_bound":9820509.358566463},"point_estimate":8705958.043305352,"standard_error":601855.0655080877}}