{"mean":{"confidence_interval":{"confidence_level":0.95,"lower_bound":761992224.7125,"upper_bound":764576812.091},"point_estimate":763274631.09,"standard_error":658328.3105960462},"median":{"confidence_interval":{"confidence_level":0.95,"lower_bound":760829457.0,"upper_bound":764580888.5},"point_estimate":762315545.0,"standard_error":971444.0696608054},"median_abs_dev":{"confidence_interval":{"confidence_level":0.95,"lower_bound":5392187.934869528,"upper_bound":8683124.73334372},"point_estimate":7530653.813204169,"standard_error":843782.1922555539},"slope":null,"std_dev":{"confidence_interval":{"confidence_level":0.95,"lower_bound":5761562.623912903,"upper_bound":7340145.48024094},"point_estimate":6598736.032643017,"standard_error":401975.5375304083}}