{"mean":{"confidence_interval":{"confidence_level":0.95,"lower_bound":34216112.10591668,"upper_bound":34251782.66749999},"point_estimate":34233340.563333325,"standard_error":9120.196602134863},"median":{"confidence_interval":{"confidence_level":0.95,"lower_bound":34188481.666666664,"upper_bound":34224567.5},"point_estimate":34210094.0,"standard_error":10050.090045798175},"median_abs_dev":{"confidence_interval":{"confidence_level":0.95,"lower_bound":46334.70857738712,"upper_bound":92650.8846551143},"point_estimate":71235.96353530884,"standard_error":11821.439381228563},"slope":null,"std_dev":{"confidence_interval":{"confidence_level":0.95,"lower_bound":72365.71091011564,"upper_bound":109379.79487507757},"point_estimate":91782.33346853111,"standard_error":9449.05415803393}}