{"mean":{"confidence_interval":{"confidence_level":0.95,"lower_bound":5757189.621513887,"upper_bound":5764151.256583332},"point_estimate":5760514.6933333315,"standard_error":1780.2875034712633},"median":{"confidence_interval":{"confidence_level":0.95,"lower_bound":5752437.777777778,"upper_bound":5757391.583333334},"point_estimate":5754135.361111111,"standard_error":1385.1404741794797},"median_abs_dev":{"confidence_interval":{"confidence_level":0.95,"lower_bound":7547.834099332568,"upper_bound":13857.49130398035},"point_estimate":10775.001225371618,"standard_error":1604.1018444911322},"slope":null,"std_dev":{"confidence_interval":{"confidence_level":0.95,"lower_bound":13590.709915066647,"upper_bound":21525.871132116597},"point_estimate":17841.157080000954,"standard_error":2031.367207441205}}