{"mean":{"confidence_interval":{"confidence_level":0.95,"lower_bound":9454657.145545457,"upper_bound":9469357.676295452},"point_estimate":9461834.873636363,"standard_error":3769.1260828320237},"median":{"confidence_interval":{"confidence_level":0.95,"lower_bound":9438989.090909092,"upper_bound":9460182.636363637},"point_estimate":9451514.636363637,"standard_error":5286.257482045463},"median_abs_dev":{"confidence_interval":{"confidence_level":0.95,"lower_bound":21723.122205245825,"upper_bound":43169.53734267917},"point_estimate":33257.413045926776,"standard_error":5638.967700928513},"slope":null,"std_dev":{"confidence_interval":{"confidence_level":0.95,"lower_bound":31323.7291240991,"upper_bound":43873.48816533931},"point_estimate":37950.19578553933,"standard_error":3201.36054307219}}