{"mean":{"confidence_interval":{"confidence_level":0.95,"lower_bound":13471014.535,"upper_bound":13492583.4829375},"point_estimate":13481438.0575,"standard_error":5516.815453831987},"median":{"confidence_interval":{"confidence_level":0.95,"lower_bound":13449714.875,"upper_bound":13467588.375},"point_estimate":13457789.25,"standard_error":4886.124025887637},"median_abs_dev":{"confidence_interval":{"confidence_level":0.95,"lower_bound":20863.332154601812,"upper_bound":45452.0673930645},"point_estimate":30542.67140775919,"standard_error":6452.990602802216},"slope":null,"std_dev":{"confidence_interval":{"confidence_level":0.95,"lower_bound":46040.25627868223,"upper_bound":63478.72380857198},"point_estimate":55314.331871781076,"standard_error":4465.657657591602}}