{"mean":{"confidence_interval":{"confidence_level":0.95,"lower_bound":5837691.726805557,"upper_bound":5844188.562097224},"point_estimate":5840739.383333334,"standard_error":1660.3895679529328},"median":{"confidence_interval":{"confidence_level":0.95,"lower_bound":5833039.944444444,"upper_bound":5836464.916666667},"point_estimate":5833978.638888889,"standard_error":1017.3549490983521},"median_abs_dev":{"confidence_interval":{"confidence_level":0.95,"lower_bound":4818.2851811251585,"upper_bound":9631.381262342442},"point_estimate":6763.744629919759,"standard_error":1168.8555540216048},"slope":null,"std_dev":{"confidence_interval":{"confidence_level":0.95,"lower_bound":11680.77050012885,"upper_bound":21403.238999550853},"point_estimate":16711.352865391396,"standard_error":2504.7271805781697}}