{"mean":{"confidence_interval":{"confidence_level":0.95,"lower_bound":13355314.747875,"upper_bound":13386881.241375001},"point_estimate":13371018.5525,"standard_error":8087.917151586361},"median":{"confidence_interval":{"confidence_level":0.95,"lower_bound":13346953.25,"upper_bound":13387827.75},"point_estimate":13369351.125,"standard_error":9601.315650956725},"median_abs_dev":{"confidence_interval":{"confidence_level":0.95,"lower_bound":65709.88255279139,"upper_bound":108342.29035153985},"point_estimate":86170.19307017326,"standard_error":10976.556100412405},"slope":null,"std_dev":{"confidence_interval":{"confidence_level":0.95,"lower_bound":70474.32758506166,"upper_bound":90990.51480115783},"point_estimate":81359.14833550001,"standard_error":5238.416754224102}}