{"mean":{"confidence_interval":{"confidence_level":0.95,"lower_bound":11797326.80563889,"upper_bound":11816821.982638886},"point_estimate":11806089.364444446,"standard_error":5006.971450727946},"median":{"confidence_interval":{"confidence_level":0.95,"lower_bound":11790114.111111112,"upper_bound":11798846.444444444},"point_estimate":11794067.888888888,"standard_error":2288.03625259324},"median_abs_dev":{"confidence_interval":{"confidence_level":0.95,"lower_bound":14257.09318021964,"upper_bound":26048.45787088291},"point_estimate":18656.70860211085,"standard_error":2855.104521731193},"slope":null,"std_dev":{"confidence_interval":{"confidence_level":0.95,"lower_bound":26515.176691563443,"upper_bound":72184.15049612854},"point_estimate":50425.78270889063,"standard_error":12001.437146606511}}