{"mean":{"confidence_interval":{"confidence_level":0.95,"lower_bound":58168.732909370454,"upper_bound":58292.60328695162},"point_estimate":58216.734440876724,"standard_error":33.16845060079961},"median":{"confidence_interval":{"confidence_level":0.95,"lower_bound":58145.42857142857,"upper_bound":58162.007960484705},"point_estimate":58154.28821182728,"standard_error":4.082941138676906},"median_abs_dev":{"confidence_interval":{"confidence_level":0.95,"lower_bound":35.71087519090837,"upper_bound":96.98183890602293},"point_estimate":55.3989269031842,"standard_error":15.948196873747175},"slope":{"confidence_interval":{"confidence_level":0.95,"lower_bound":58145.643248021326,"upper_bound":58201.96129114887},"point_estimate":58172.7339705665,"standard_error":14.414845840659604},"std_dev":{"confidence_interval":{"confidence_level":0.95,"lower_bound":96.02737056151292,"upper_bound":550.7332862562503},"point_estimate":333.3973643538112,"standard_error":153.08273646854266}}