{"mean":{"confidence_interval":{"confidence_level":0.95,"lower_bound":218349.57407152644,"upper_bound":218713.87585893637},"point_estimate":218522.25188388422,"standard_error":93.20181151224834},"median":{"confidence_interval":{"confidence_level":0.95,"lower_bound":218100.9052278402,"upper_bound":218314.88472222222},"point_estimate":218194.1036562203,"standard_error":53.59465219780635},"median_abs_dev":{"confidence_interval":{"confidence_level":0.95,"lower_bound":338.48264270866326,"upper_bound":650.3391501684509},"point_estimate":467.119438861427,"standard_error":76.7563233598488},"slope":{"confidence_interval":{"confidence_level":0.95,"lower_bound":218352.1222385041,"upper_bound":218759.64827028525},"point_estimate":218547.5913429552,"standard_error":104.44295266032974},"std_dev":{"confidence_interval":{"confidence_level":0.95,"lower_bound":689.1457644257262,"upper_bound":1166.9616395303929},"point_estimate":936.241480863784,"standard_error":122.44160579409811}}