{"mean":{"confidence_interval":{"confidence_level":0.95,"lower_bound":97762.62297986753,"upper_bound":98002.15689835347},"point_estimate":97866.94548694835,"standard_error":61.169349749770774},"median":{"confidence_interval":{"confidence_level":0.95,"lower_bound":97687.44352741097,"upper_bound":97844.9708141321},"point_estimate":97751.00008897888,"standard_error":41.71975151801423},"median_abs_dev":{"confidence_interval":{"confidence_level":0.95,"lower_bound":261.5602592768235,"upper_bound":420.55715498193945},"point_estimate":332.7875350009403,"standard_error":40.43099515752431},"slope":{"confidence_interval":{"confidence_level":0.95,"lower_bound":97703.63605769609,"upper_bound":97825.62947476725},"point_estimate":97763.71173650841,"standard_error":31.12672456234553},"std_dev":{"confidence_interval":{"confidence_level":0.95,"lower_bound":320.764895393107,"upper_bound":922.2784878835682},"point_estimate":612.7923228264801,"standard_error":183.31751865631193}}