{"mean":{"confidence_interval":{"confidence_level":0.95,"lower_bound":95400.40506483013,"upper_bound":95677.96657090369},"point_estimate":95504.23132046376,"standard_error":76.39496367135519},"median":{"confidence_interval":{"confidence_level":0.95,"lower_bound":95336.79112554113,"upper_bound":95417.29427501338},"point_estimate":95359.83534752284,"standard_error":20.18226172753159},"median_abs_dev":{"confidence_interval":{"confidence_level":0.95,"lower_bound":102.72855465768332,"upper_bound":186.06154825775198},"point_estimate":131.71801613332795,"standard_error":21.6566621617784},"slope":{"confidence_interval":{"confidence_level":0.95,"lower_bound":95358.10132030366,"upper_bound":95437.53306300515},"point_estimate":95395.16102092086,"standard_error":20.249140736363643},"std_dev":{"confidence_interval":{"confidence_level":0.95,"lower_bound":167.35958796568755,"upper_bound":1290.6495935606479},"point_estimate":769.2483886894024,"standard_error":384.98538783744704}}