{"mean":{"confidence_interval":{"confidence_level":0.95,"lower_bound":14022664.26915625,"upper_bound":14043787.31065625},"point_estimate":14033056.20375,"standard_error":5394.366804814337},"median":{"confidence_interval":{"confidence_level":0.95,"lower_bound":14009682.375,"upper_bound":14042810.25},"point_estimate":14029145.3125,"standard_error":7997.177913592452},"median_abs_dev":{"confidence_interval":{"confidence_level":0.95,"lower_bound":42442.76009649038,"upper_bound":71078.43728810549},"point_estimate":56746.14334255457,"standard_error":7597.680934565394},"slope":null,"std_dev":{"confidence_interval":{"confidence_level":0.95,"lower_bound":46267.68440656397,"upper_bound":62088.11703905169},"point_estimate":54351.05750097822,"standard_error":4052.9100519116037}}