{"mean":{"confidence_interval":{"confidence_level":0.95,"lower_bound":1293633.2241395211,"upper_bound":1294901.3712321725},"point_estimate":1294216.4185579964,"standard_error":323.50181769936745},"median":{"confidence_interval":{"confidence_level":0.95,"lower_bound":1292892.8317369092,"upper_bound":1293572.775510204},"point_estimate":1293339.777529762,"standard_error":147.72044439220969},"median_abs_dev":{"confidence_interval":{"confidence_level":0.95,"lower_bound":896.0221901220591,"upper_bound":1615.6696512023125},"point_estimate":1224.8974000927199,"standard_error":168.80359766401128},"slope":{"confidence_interval":{"confidence_level":0.95,"lower_bound":1293507.9822647956,"upper_bound":1295251.2043871423},"point_estimate":1294272.1716624796,"standard_error":449.0217399938702},"std_dev":{"confidence_interval":{"confidence_level":0.95,"lower_bound":1907.6438244222272,"upper_bound":4416.205811457518},"point_estimate":3246.984530288926,"standard_error":643.3754376813941}}