{"mean":{"confidence_interval":{"confidence_level":0.95,"lower_bound":7454980.727767857,"upper_bound":7467186.180160715},"point_estimate":7460469.782857144,"standard_error":3124.777780516001},"median":{"confidence_interval":{"confidence_level":0.95,"lower_bound":7451819.75,"upper_bound":7460494.071428572},"point_estimate":7456708.821428572,"standard_error":2315.9660131792502},"median_abs_dev":{"confidence_interval":{"confidence_level":0.95,"lower_bound":14216.809997601365,"upper_bound":23873.460176161458},"point_estimate":20104.84989306786,"standard_error":2476.077724481742},"slope":null,"std_dev":{"confidence_interval":{"confidence_level":0.95,"lower_bound":17592.46057666472,"upper_bound":45932.362053430166},"point_estimate":31492.856732113833,"standard_error":8140.078013225468}}