{"mean":{"confidence_interval":{"confidence_level":0.95,"lower_bound":4447686.077229167,"upper_bound":4492039.367104167},"point_estimate":4463328.433333334,"standard_error":13478.93922872831},"median":{"confidence_interval":{"confidence_level":0.95,"lower_bound":4444719.833333334,"upper_bound":4455784.041666666},"point_estimate":4451207.916666666,"standard_error":3294.970120455901},"median_abs_dev":{"confidence_interval":{"confidence_level":0.95,"lower_bound":13920.996002852457,"upper_bound":21185.85942387627},"point_estimate":18832.355515658855,"standard_error":1843.3874227148085},"slope":null,"std_dev":{"confidence_interval":{"confidence_level":0.95,"lower_bound":13522.354646158305,"upper_bound":231360.85215786463},"point_estimate":135313.2785187428,"standard_error":78212.31533859852}}