{"mean":{"confidence_interval":{"confidence_level":0.95,"lower_bound":5536199.481600001,"upper_bound":5613105.232299998},"point_estimate":5573827.981999999,"standard_error":19653.69885752604},"median":{"confidence_interval":{"confidence_level":0.95,"lower_bound":5441269.2,"upper_bound":5447888.7},"point_estimate":5443483.2,"standard_error":2786.2301107923267},"median_abs_dev":{"confidence_interval":{"confidence_level":0.95,"lower_bound":7400.027118623257,"upper_bound":20244.30960059249},"point_estimate":10545.288832783976,"standard_error":3887.65888015708},"slope":null,"std_dev":{"confidence_interval":{"confidence_level":0.95,"lower_bound":177315.76465210156,"upper_bound":210971.38114674768},"point_estimate":198390.73060808456,"standard_error":8631.945617554407}}