{"mean":{"confidence_interval":{"confidence_level":0.95,"lower_bound":15693180.327562502,"upper_bound":15706339.4955},"point_estimate":15699484.2025,"standard_error":3354.534998523395},"median":{"confidence_interval":{"confidence_level":0.95,"lower_bound":15687743.5,"upper_bound":15699032.25},"point_estimate":15694369.125,"standard_error":2524.737006471296},"median_abs_dev":{"confidence_interval":{"confidence_level":0.95,"lower_bound":17831.22988343239,"upper_bound":31384.973517805338},"point_estimate":23306.471586227417,"standard_error":3564.7799991378315},"slope":null,"std_dev":{"confidence_interval":{"confidence_level":0.95,"lower_bound":25246.54176909777,"upper_bound":41186.924345024825},"point_estimate":33813.00629751631,"standard_error":4080.9583329945053}}