{"mean":{"confidence_interval":{"confidence_level":0.95,"lower_bound":868407.802085683,"upper_bound":870657.2264155546},"point_estimate":869511.1159102246,"standard_error":572.4725979413769},"median":{"confidence_interval":{"confidence_level":0.95,"lower_bound":865920.9032258064,"upper_bound":869796.7327586206},"point_estimate":868536.5162790697,"standard_error":877.1284989031928},"median_abs_dev":{"confidence_interval":{"confidence_level":0.95,"lower_bound":3824.450028352474,"upper_bound":7064.50636283567},"point_estimate":5885.589860555867,"standard_error":862.5631439699376},"slope":{"confidence_interval":{"confidence_level":0.95,"lower_bound":869700.1452750193,"upper_bound":873663.7883861391},"point_estimate":871720.1685503178,"standard_error":1012.5604985589785},"std_dev":{"confidence_interval":{"confidence_level":0.95,"lower_bound":4978.000217366486,"upper_bound":6403.102849981855},"point_estimate":5753.334666820184,"standard_error":363.32257675032247}}