{"mean":{"confidence_interval":{"confidence_level":0.95,"lower_bound":333088737.06874996,"upper_bound":333809963.9415},"point_estimate":333438995.19,"standard_error":184507.09113407793},"median":{"confidence_interval":{"confidence_level":0.95,"lower_bound":332372067.5,"upper_bound":332937599.0},"point_estimate":332498880.5,"standard_error":135961.61984807198},"median_abs_dev":{"confidence_interval":{"confidence_level":0.95,"lower_bound":633370.3596579287,"upper_bound":1422883.0706387758},"point_estimate":884317.5107002258,"standard_error":204672.9810371456},"slope":null,"std_dev":{"confidence_interval":{"confidence_level":0.95,"lower_bound":1545640.0133120408,"upper_bound":2133892.082826582},"point_estimate":1860350.837997802,"standard_error":149650.98627552888}}