{"mean":{"confidence_interval":{"confidence_level":0.95,"lower_bound":1212319.9268440432,"upper_bound":1224522.895367497},"point_estimate":1218349.504989933,"standard_error":3115.980663695762},"median":{"confidence_interval":{"confidence_level":0.95,"lower_bound":1204093.1285714286,"upper_bound":1222249.0032467532},"point_estimate":1214456.2115384615,"standard_error":5270.106373707815},"median_abs_dev":{"confidence_interval":{"confidence_level":0.95,"lower_bound":22775.367059604556,"upper_bound":39347.791468103416},"point_estimate":29655.770434374386,"standard_error":4320.853850423013},"slope":{"confidence_interval":{"confidence_level":0.95,"lower_bound":1202569.2746252033,"upper_bound":1215762.9335460258},"point_estimate":1208858.3159450274,"standard_error":3371.931378588257},"std_dev":{"confidence_interval":{"confidence_level":0.95,"lower_bound":26902.685173545917,"upper_bound":35585.331775489314},"point_estimate":31415.277763189286,"standard_error":2220.0240554916386}}