{"mean":{"confidence_interval":{"confidence_level":0.95,"lower_bound":1073506.2180576653,"upper_bound":1078488.7978382537},"point_estimate":1075818.9394108295,"standard_error":1270.953817574634},"median":{"confidence_interval":{"confidence_level":0.95,"lower_bound":1074316.4150943395,"upper_bound":1078154.906779661},"point_estimate":1075914.1940941573,"standard_error":1055.8980795715895},"median_abs_dev":{"confidence_interval":{"confidence_level":0.95,"lower_bound":5261.6110382053885,"upper_bound":11376.973886441965},"point_estimate":8188.801217819693,"standard_error":1656.4249893956112},"slope":{"confidence_interval":{"confidence_level":0.95,"lower_bound":1071885.4136894876,"upper_bound":1076749.594337983},"point_estimate":1074231.8522107285,"standard_error":1244.7337544921334},"std_dev":{"confidence_interval":{"confidence_level":0.95,"lower_bound":8040.613026613983,"upper_bound":17260.571146452545},"point_estimate":12793.25060777751,"standard_error":2426.8960477101978}}