{"mean":{"confidence_interval":{"confidence_level":0.95,"lower_bound":6335962.16840625,"upper_bound":6406602.7305},"point_estimate":6369202.43875,"standard_error":18043.82632990715},"median":{"confidence_interval":{"confidence_level":0.95,"lower_bound":6276106.875,"upper_bound":6331299.5},"point_estimate":6299171.625,"standard_error":14824.631661436699},"median_abs_dev":{"confidence_interval":{"confidence_level":0.95,"lower_bound":66325.25420436636,"upper_bound":136451.00518126026},"point_estimate":97868.27751249075,"standard_error":18782.113446485353},"slope":null,"std_dev":{"confidence_interval":{"confidence_level":0.95,"lower_bound":127179.89246068904,"upper_bound":235617.00505911084},"point_estimate":181994.87206626678,"standard_error":28076.706227806302}}