{"mean":{"confidence_interval":{"confidence_level":0.95,"lower_bound":207703.51747716632,"upper_bound":207837.96107780212},"point_estimate":207766.70414685708,"standard_error":34.37600366909726},"median":{"confidence_interval":{"confidence_level":0.95,"lower_bound":207621.5465909091,"upper_bound":207713.1724637681},"point_estimate":207638.97427272727,"standard_error":24.34675585757584},"median_abs_dev":{"confidence_interval":{"confidence_level":0.95,"lower_bound":125.58719313535663,"upper_bound":222.64983613809434},"point_estimate":156.63878596454478,"standard_error":24.49486913608963},"slope":{"confidence_interval":{"confidence_level":0.95,"lower_bound":207685.75783585402,"upper_bound":207852.82051090238},"point_estimate":207759.17661652135,"standard_error":42.79553758728343},"std_dev":{"confidence_interval":{"confidence_level":0.95,"lower_bound":239.7984743801637,"upper_bound":445.44849132945717},"point_estimate":345.7266282833555,"standard_error":53.04789419039234}}