{"mean":{"confidence_interval":{"confidence_level":0.95,"lower_bound":89281.48006528647,"upper_bound":89382.42059099},"point_estimate":89327.79636643623,"standard_error":25.85492172328665},"median":{"confidence_interval":{"confidence_level":0.95,"lower_bound":89214.65096618357,"upper_bound":89264.44347826086},"point_estimate":89233.00458937198,"standard_error":13.725412676428007},"median_abs_dev":{"confidence_interval":{"confidence_level":0.95,"lower_bound":75.16905829758583,"upper_bound":153.0730702961657},"point_estimate":102.2761922711822,"standard_error":20.083517575594236},"slope":{"confidence_interval":{"confidence_level":0.95,"lower_bound":89288.66295045547,"upper_bound":89384.99231751502},"point_estimate":89335.3570934394,"standard_error":24.60001411306547},"std_dev":{"confidence_interval":{"confidence_level":0.95,"lower_bound":165.20344568977822,"upper_bound":358.16801305729837},"point_estimate":259.66193123692585,"standard_error":51.96405878667227}}