{"mean":{"confidence_interval":{"confidence_level":0.95,"lower_bound":295889.424461462,"upper_bound":297155.1889914912},"point_estimate":296406.38899891113,"standard_error":331.2369174368384},"median":{"confidence_interval":{"confidence_level":0.95,"lower_bound":295406.9900432901,"upper_bound":296112.04285714286},"point_estimate":295781.82023809524,"standard_error":196.90326437537965},"median_abs_dev":{"confidence_interval":{"confidence_level":0.95,"lower_bound":712.7840106346783,"upper_bound":1357.0862467427987},"point_estimate":1093.9800828244581,"standard_error":178.32395004708277},"slope":{"confidence_interval":{"confidence_level":0.95,"lower_bound":295872.8260569616,"upper_bound":296489.9437365411},"point_estimate":296174.0447296755,"standard_error":158.03754049337348},"std_dev":{"confidence_interval":{"confidence_level":0.95,"lower_bound":1075.7948739441185,"upper_bound":5382.682158688921},"point_estimate":3337.7890451614394,"standard_error":1323.6811823969733}}