{"mean":{"confidence_interval":{"confidence_level":0.95,"lower_bound":6815401.7572666695,"upper_bound":6819753.263100003},"point_estimate":6817489.039333335,"standard_error":1112.5365625014},"median":{"confidence_interval":{"confidence_level":0.95,"lower_bound":6810962.4,"upper_bound":6814018.366666667},"point_estimate":6811960.633333333,"standard_error":898.7465882316425},"median_abs_dev":{"confidence_interval":{"confidence_level":0.95,"lower_bound":2766.2350308899254,"upper_bound":7226.834731697714},"point_estimate":4091.8770873536473,"standard_error":1234.9422667443919},"slope":null,"std_dev":{"confidence_interval":{"confidence_level":0.95,"lower_bound":8592.863589627439,"upper_bound":13671.253534098749},"point_estimate":11185.507999931402,"standard_error":1306.1765411632969}}