{"mean":{"confidence_interval":{"confidence_level":0.95,"lower_bound":17647258.216250002,"upper_bound":17676122.284749996},"point_estimate":17661210.183333337,"standard_error":7390.806554102855},"median":{"confidence_interval":{"confidence_level":0.95,"lower_bound":17617415.666666668,"upper_bound":17636025.666666668},"point_estimate":17624793.0,"standard_error":4896.636725863301},"median_abs_dev":{"confidence_interval":{"confidence_level":0.95,"lower_bound":14302.147746082439,"upper_bound":37064.01094198595},"point_estimate":22624.72269832996,"standard_error":6181.914800415999},"slope":null,"std_dev":{"confidence_interval":{"confidence_level":0.95,"lower_bound":60189.961974733116,"upper_bound":85357.38251481121},"point_estimate":74254.69404275765,"standard_error":6439.983519028145}}