{"mean":{"confidence_interval":{"confidence_level":0.95,"lower_bound":1481719628.295,"upper_bound":1487408139.8125},"point_estimate":1484527935.22,"standard_error":1459491.1045795213},"median":{"confidence_interval":{"confidence_level":0.95,"lower_bound":1479885144.0,"upper_bound":1486711545.0},"point_estimate":1481864620.5,"standard_error":1683555.2623103138},"median_abs_dev":{"confidence_interval":{"confidence_level":0.95,"lower_bound":6533709.112903476,"upper_bound":14185463.174557686},"point_estimate":10174885.69225967,"standard_error":1900248.9435575947},"slope":null,"std_dev":{"confidence_interval":{"confidence_level":0.95,"lower_bound":8478712.129746217,"upper_bound":12066826.702719754},"point_estimate":10458547.683096973,"standard_error":916477.1537217568}}