{"mean":{"confidence_interval":{"confidence_level":0.95,"lower_bound":1414086883.5965,"upper_bound":1417630526.9445},"point_estimate":1416045915.24,"standard_error":909092.4924928595},"median":{"confidence_interval":{"confidence_level":0.95,"lower_bound":1415719747.0,"upper_bound":1417839420.5},"point_estimate":1416805644.0,"standard_error":577007.2606888476},"median_abs_dev":{"confidence_interval":{"confidence_level":0.95,"lower_bound":1897998.54080379,"upper_bound":4295670.337736607},"point_estimate":2895029.973202944,"standard_error":632766.4779832452},"slope":null,"std_dev":{"confidence_interval":{"confidence_level":0.95,"lower_bound":2905018.778278697,"upper_bound":9587841.949877836},"point_estimate":6478196.405606155,"standard_error":1788827.6092591947}}