{"mean":{"confidence_interval":{"confidence_level":0.95,"lower_bound":1432303335.3030002,"upper_bound":1435308204.3485},"point_estimate":1433823270.76,"standard_error":764206.7691371768},"median":{"confidence_interval":{"confidence_level":0.95,"lower_bound":1432594329.0,"upper_bound":1435627746.5},"point_estimate":1434792662.0,"standard_error":868238.8112083711},"median_abs_dev":{"confidence_interval":{"confidence_level":0.95,"lower_bound":3004414.7166609764,"upper_bound":6577682.082965294},"point_estimate":3857645.0711131096,"standard_error":946615.1289959106},"slope":null,"std_dev":{"confidence_interval":{"confidence_level":0.95,"lower_bound":4160915.686536704,"upper_bound":6531641.618268845},"point_estimate":5443685.1776035195,"standard_error":605226.8098742493}}