{"mean":{"confidence_interval":{"confidence_level":0.95,"lower_bound":7254989.046964285,"upper_bound":7285729.797714285},"point_estimate":7267397.282857144,"standard_error":8076.375139308895},"median":{"confidence_interval":{"confidence_level":0.95,"lower_bound":7243235.571428572,"upper_bound":7257894.571428572},"point_estimate":7249049.928571429,"standard_error":3674.5754947896253},"median_abs_dev":{"confidence_interval":{"confidence_level":0.95,"lower_bound":18172.227877378464,"upper_bound":35697.72446623831},"point_estimate":27031.18632010081,"standard_error":4652.567722576587},"slope":null,"std_dev":{"confidence_interval":{"confidence_level":0.95,"lower_bound":30226.794476661642,"upper_bound":131530.6052779727},"point_estimate":81446.05470499131,"standard_error":33620.29038635916}}