{"mean":{"confidence_interval":{"confidence_level":0.95,"lower_bound":161374162.59399998,"upper_bound":161670903.20325},"point_estimate":161520259.27,"standard_error":75644.86448237431},"median":{"confidence_interval":{"confidence_level":0.95,"lower_bound":161199330.0,"upper_bound":161714081.0},"point_estimate":161379448.0,"standard_error":138509.96136107476},"median_abs_dev":{"confidence_interval":{"confidence_level":0.95,"lower_bound":695444.0592133999,"upper_bound":1045284.8724424839},"point_estimate":800013.1696969271,"standard_error":92860.92387119531},"slope":null,"std_dev":{"confidence_interval":{"confidence_level":0.95,"lower_bound":674846.0431034039,"upper_bound":835476.828223069},"point_estimate":761876.4747280476,"standard_error":40961.316962896635}}