{"mean":{"confidence_interval":{"confidence_level":0.95,"lower_bound":173915058.5455,"upper_bound":174151275.686},"point_estimate":174029195.66,"standard_error":60576.34933283198},"median":{"confidence_interval":{"confidence_level":0.95,"lower_bound":173813596.0,"upper_bound":174101947.0},"point_estimate":174041311.5,"standard_error":82798.34083652496},"median_abs_dev":{"confidence_interval":{"confidence_level":0.95,"lower_bound":422933.88149142265,"upper_bound":664517.616802454},"point_estimate":551786.6452038288,"standard_error":62870.79228927469},"slope":null,"std_dev":{"confidence_interval":{"confidence_level":0.95,"lower_bound":476946.95481206005,"upper_bound":732450.8641194248},"point_estimate":607272.5004655663,"standard_error":65839.17514592527}}