{"mean":{"confidence_interval":{"confidence_level":0.95,"lower_bound":183283289.71375,"upper_bound":183473312.64075},"point_estimate":183378244.76,"standard_error":48523.526726113276},"median":{"confidence_interval":{"confidence_level":0.95,"lower_bound":183222079.0,"upper_bound":183522790.0},"point_estimate":183385869.5,"standard_error":88835.8262786349},"median_abs_dev":{"confidence_interval":{"confidence_level":0.95,"lower_bound":382389.2200112343,"upper_bound":614388.8916499164},"point_estimate":465829.94652986526,"standard_error":60273.463745567875},"slope":null,"std_dev":{"confidence_interval":{"confidence_level":0.95,"lower_bound":423064.73003690527,"upper_bound":545553.1146496191},"point_estimate":487610.3057840042,"standard_error":31379.451142842547}}