{"mean":{"confidence_interval":{"confidence_level":0.95,"lower_bound":3013.7519829016496,"upper_bound":3025.366237571981},"point_estimate":3018.659101156079,"standard_error":3.004761115748843},"median":{"confidence_interval":{"confidence_level":0.95,"lower_bound":3006.400636734208,"upper_bound":3019.7312166841757},"point_estimate":3010.7355309716195,"standard_error":4.117659695452326},"median_abs_dev":{"confidence_interval":{"confidence_level":0.95,"lower_bound":10.792155335406433,"upper_bound":22.002283822067433},"point_estimate":16.85351858364798,"standard_error":2.7703997087199506},"slope":{"confidence_interval":{"confidence_level":0.95,"lower_bound":3012.226230442236,"upper_bound":3020.1097046308723},"point_estimate":3015.9969606406885,"standard_error":2.0214294658158227},"std_dev":{"confidence_interval":{"confidence_level":0.95,"lower_bound":14.40447278003952,"upper_bound":47.06251635864489},"point_estimate":30.23417389561138,"standard_error":10.622008750092856}}