{"mean":{"confidence_interval":{"confidence_level":0.95,"lower_bound":964510.1035733189,"upper_bound":1141968.7017885905},"point_estimate":1035159.5680218764,"standard_error":48500.22729959137},"median":{"confidence_interval":{"confidence_level":0.95,"lower_bound":961998.6147540984,"upper_bound":965305.6849315069},"point_estimate":964306.0525362319,"standard_error":849.5662862812363},"median_abs_dev":{"confidence_interval":{"confidence_level":0.95,"lower_bound":5459.824909432435,"upper_bound":10810.347378712455},"point_estimate":8121.177336320299,"standard_error":1305.0262021270003},"slope":{"confidence_interval":{"confidence_level":0.95,"lower_bound":966705.746696661,"upper_bound":1282403.5557394437},"point_estimate":1076368.2580050244,"standard_error":88600.0043495028},"std_dev":{"confidence_interval":{"confidence_level":0.95,"lower_bound":12665.1844969366,"upper_bound":769557.3647047684},"point_estimate":488135.4172703998,"standard_error":206932.08976483875}}