{"mean":{"confidence_interval":{"confidence_level":0.95,"lower_bound":54727.99260121765,"upper_bound":54784.931951945575},"point_estimate":54754.706751342266,"standard_error":14.567898029421153},"median":{"confidence_interval":{"confidence_level":0.95,"lower_bound":54684.733355306525,"upper_bound":54708.14487612613},"point_estimate":54696.46767560598,"standard_error":6.265874551595319},"median_abs_dev":{"confidence_interval":{"confidence_level":0.95,"lower_bound":32.45047887174506,"upper_bound":65.84266229770567},"point_estimate":45.67406065734855,"standard_error":9.45012774077601},"slope":{"confidence_interval":{"confidence_level":0.95,"lower_bound":54717.93724250691,"upper_bound":54768.50887445006},"point_estimate":54741.75495101426,"standard_error":12.889093934123427},"std_dev":{"confidence_interval":{"confidence_level":0.95,"lower_bound":102.07761689813209,"upper_bound":187.40321453790844},"point_estimate":145.97107054782205,"standard_error":22.08044635784266}}