{"mean":{"confidence_interval":{"confidence_level":0.95,"lower_bound":80660.78907062397,"upper_bound":80925.52883397299},"point_estimate":80762.65413038064,"standard_error":70.92744529264769},"median":{"confidence_interval":{"confidence_level":0.95,"lower_bound":80590.6338095238,"upper_bound":80636.63862068966},"point_estimate":80616.2748051948,"standard_error":11.474531277946301},"median_abs_dev":{"confidence_interval":{"confidence_level":0.95,"lower_bound":44.124169570193075,"upper_bound":94.9739819345804},"point_estimate":64.04330764305554,"standard_error":13.36345973666025},"slope":{"confidence_interval":{"confidence_level":0.95,"lower_bound":80626.95999665775,"upper_bound":80715.5640724953},"point_estimate":80667.60079054233,"standard_error":22.695229086740294},"std_dev":{"confidence_interval":{"confidence_level":0.95,"lower_bound":165.81304205246173,"upper_bound":1179.2403327958993},"point_estimate":711.807195865155,"standard_error":329.80850623933657}}