{"mean":{"confidence_interval":{"confidence_level":0.95,"lower_bound":13508.26066233433,"upper_bound":13558.53680956628},"point_estimate":13526.236220910572,"standard_error":14.688557249534497},"median":{"confidence_interval":{"confidence_level":0.95,"lower_bound":13503.42896274653,"upper_bound":13508.794876966518},"point_estimate":13505.2859994735,"standard_error":1.1895984445115642},"median_abs_dev":{"confidence_interval":{"confidence_level":0.95,"lower_bound":8.28639159438899,"upper_bound":17.860042214928253},"point_estimate":12.400673746913903,"standard_error":2.5412417814082016},"slope":{"confidence_interval":{"confidence_level":0.95,"lower_bound":13504.348762859103,"upper_bound":13514.750218067646},"point_estimate":13509.158173888385,"standard_error":2.658192806467106},"std_dev":{"confidence_interval":{"confidence_level":0.95,"lower_bound":16.92315710960282,"upper_bound":250.62340369942797},"point_estimate":147.2966161552607,"standard_error":81.40953898406477}}