{"mean":{"confidence_interval":{"confidence_level":0.95,"lower_bound":5569135.370470586,"upper_bound":5583515.494102941},"point_estimate":5576226.488823528,"standard_error":3668.3954180166065},"median":{"confidence_interval":{"confidence_level":0.95,"lower_bound":5561780.94117647,"upper_bound":5581606.294117647},"point_estimate":5572800.235294118,"standard_error":5106.773498959336},"median_abs_dev":{"confidence_interval":{"confidence_level":0.95,"lower_bound":30865.943610843042,"upper_bound":49756.098722535186},"point_estimate":43202.35275065177,"standard_error":5103.640794543706},"slope":null,"std_dev":{"confidence_interval":{"confidence_level":0.95,"lower_bound":31800.45449624486,"upper_bound":41650.06902681049},"point_estimate":36907.529987901034,"standard_error":2515.0607388982335}}