{"mean":{"confidence_interval":{"confidence_level":0.95,"lower_bound":12377.721922209634,"upper_bound":12395.158615306187},"point_estimate":12385.507955049598,"standard_error":4.4761648445182844},"median":{"confidence_interval":{"confidence_level":0.95,"lower_bound":12368.361785502373,"upper_bound":12375.558818655303},"point_estimate":12370.403743315508,"standard_error":2.139424261441211},"median_abs_dev":{"confidence_interval":{"confidence_level":0.95,"lower_bound":8.178915586485182,"upper_bound":17.263422407055145},"point_estimate":11.006508899207935,"standard_error":2.3144161418849536},"slope":{"confidence_interval":{"confidence_level":0.95,"lower_bound":12377.072163224995,"upper_bound":12390.869992392316},"point_estimate":12383.498090642086,"standard_error":3.533684480656224},"std_dev":{"confidence_interval":{"confidence_level":0.95,"lower_bound":21.618486690806034,"upper_bound":65.6746223545797},"point_estimate":45.13082996533498,"standard_error":11.526535955731049}}