{"mean":{"confidence_interval":{"confidence_level":0.95,"lower_bound":683723.4598405332,"upper_bound":685608.925102787},"point_estimate":684542.4770155817,"standard_error":484.8333050592614},"median":{"confidence_interval":{"confidence_level":0.95,"lower_bound":683265.0134032634,"upper_bound":684656.322675737},"point_estimate":684158.2216183575,"standard_error":329.03743509492443},"median_abs_dev":{"confidence_interval":{"confidence_level":0.95,"lower_bound":2099.9628393849353,"upper_bound":3384.8334676114887},"point_estimate":2780.540061468933,"standard_error":328.4546969502891},"slope":{"confidence_interval":{"confidence_level":0.95,"lower_bound":683628.5861809115,"upper_bound":684972.991636752},"point_estimate":684285.5286759273,"standard_error":343.88920548427865},"std_dev":{"confidence_interval":{"confidence_level":0.95,"lower_bound":2501.8820573822577,"upper_bound":7446.847183934714},"point_estimate":4869.207403410349,"standard_error":1561.3580709396208}}