{"mean":{"confidence_interval":{"confidence_level":0.95,"lower_bound":353790741.8815,"upper_bound":355048519.48050004},"point_estimate":354448354.22,"standard_error":320522.8915104856},"median":{"confidence_interval":{"confidence_level":0.95,"lower_bound":354194371.0,"upper_bound":354846636.0},"point_estimate":354620861.0,"standard_error":155821.3780801807},"median_abs_dev":{"confidence_interval":{"confidence_level":0.95,"lower_bound":619705.2912980318,"upper_bound":1309258.0912560225},"point_estimate":921464.0530407429,"standard_error":180015.37120397066},"slope":null,"std_dev":{"confidence_interval":{"confidence_level":0.95,"lower_bound":1379377.3619405401,"upper_bound":2996055.5923344255},"point_estimate":2282492.890767303,"standard_error":412633.99874278455}}