{"mean":{"confidence_interval":{"confidence_level":0.95,"lower_bound":346703431.916,"upper_bound":348231590.4345},"point_estimate":347458509.28,"standard_error":389961.06759280316},"median":{"confidence_interval":{"confidence_level":0.95,"lower_bound":346405914.0,"upper_bound":347661683.0},"point_estimate":346919895.0,"standard_error":342258.6745474688},"median_abs_dev":{"confidence_interval":{"confidence_level":0.95,"lower_bound":1325917.325860262,"upper_bound":3539523.594760895},"point_estimate":2233625.816345215,"standard_error":585487.633696075},"slope":null,"std_dev":{"confidence_interval":{"confidence_level":0.95,"lower_bound":2226207.35298925,"upper_bound":3264207.769793524},"point_estimate":2792022.0182951167,"standard_error":264628.3747166747}}