{"mean":{"confidence_interval":{"confidence_level":0.95,"lower_bound":1402412.969031297,"upper_bound":1406070.5394059352},"point_estimate":1403759.22410933,"standard_error":1032.5308706964083},"median":{"confidence_interval":{"confidence_level":0.95,"lower_bound":1401913.7872340425,"upper_bound":1402594.875},"point_estimate":1402252.3902439023,"standard_error":157.12443701654175},"median_abs_dev":{"confidence_interval":{"confidence_level":0.95,"lower_bound":1187.3220507293527,"upper_bound":2325.048354707035},"point_estimate":1690.941104828246,"standard_error":276.2436995479363},"slope":{"confidence_interval":{"confidence_level":0.95,"lower_bound":1402146.2657132316,"upper_bound":1403103.2809485812},"point_estimate":1402617.3857765626,"standard_error":243.66820831738522},"std_dev":{"confidence_interval":{"confidence_level":0.95,"lower_bound":1784.863888724267,"upper_bound":17435.207704597506},"point_estimate":10320.786592668297,"standard_error":5403.345452904665}}