{"mean":{"confidence_interval":{"confidence_level":0.95,"lower_bound":741555.7396764999,"upper_bound":743828.2410988127},"point_estimate":742593.7515692849,"standard_error":579.6882445284232},"median":{"confidence_interval":{"confidence_level":0.95,"lower_bound":740429.4722222222,"upper_bound":741622.8333333334},"point_estimate":740859.0175631982,"standard_error":274.60589824437426},"median_abs_dev":{"confidence_interval":{"confidence_level":0.95,"lower_bound":1686.7763364885495,"upper_bound":3427.8662593582776},"point_estimate":2328.593262290195,"standard_error":474.4897325918218},"slope":{"confidence_interval":{"confidence_level":0.95,"lower_bound":741472.1080011072,"upper_bound":743015.090717511},"point_estimate":742190.7713856461,"standard_error":395.1516213932894},"std_dev":{"confidence_interval":{"confidence_level":0.95,"lower_bound":3420.398757755075,"upper_bound":8245.885900244837},"point_estimate":5841.638557310298,"standard_error":1299.7825113620652}}