{"mean":{"confidence_interval":{"confidence_level":0.95,"lower_bound":1188683.4957685738,"upper_bound":1195626.279420204},"point_estimate":1191701.6585825942,"standard_error":1780.2178028434712},"median":{"confidence_interval":{"confidence_level":0.95,"lower_bound":1186794.4609375,"upper_bound":1188141.288888889},"point_estimate":1187431.932072829,"standard_error":334.8134184442753},"median_abs_dev":{"confidence_interval":{"confidence_level":0.95,"lower_bound":1853.5922930057907,"upper_bound":3279.2794855311513},"point_estimate":2358.37014690304,"standard_error":374.1686392091301},"slope":{"confidence_interval":{"confidence_level":0.95,"lower_bound":1188746.7127176109,"upper_bound":1195879.3456038847},"point_estimate":1191844.3532244717,"standard_error":1838.6219503817872},"std_dev":{"confidence_interval":{"confidence_level":0.95,"lower_bound":5880.410818182568,"upper_bound":26288.749512316892},"point_estimate":17846.640666770363,"standard_error":5134.5004412175}}