{"mean":{"confidence_interval":{"confidence_level":0.95,"lower_bound":7858625.094999997,"upper_bound":7881090.150499999},"point_estimate":7869601.919230773,"standard_error":5720.496111868898},"median":{"confidence_interval":{"confidence_level":0.95,"lower_bound":7853823.038461538,"upper_bound":7869193.769230769},"point_estimate":7858558.038461538,"standard_error":4721.703980408598},"median_abs_dev":{"confidence_interval":{"confidence_level":0.95,"lower_bound":41921.483648052104,"upper_bound":66291.32155386286},"point_estimate":54294.350659159565,"standard_error":5973.633781901003},"slope":null,"std_dev":{"confidence_interval":{"confidence_level":0.95,"lower_bound":46467.9176755844,"upper_bound":67823.02140884781},"point_estimate":57515.5185789451,"standard_error":5471.282717713872}}