{"mean":{"confidence_interval":{"confidence_level":0.95,"lower_bound":74071424.47425,"upper_bound":74126348.06375},"point_estimate":74095898.735,"standard_error":14032.869489601371},"median":{"confidence_interval":{"confidence_level":0.95,"lower_bound":74055957.0,"upper_bound":74086052.5},"point_estimate":74076351.75,"standard_error":7910.80781826362},"median_abs_dev":{"confidence_interval":{"confidence_level":0.95,"lower_bound":43506.89622759819,"upper_bound":77797.95101881027},"point_estimate":55750.20681023598,"standard_error":8445.665449700466},"slope":null,"std_dev":{"confidence_interval":{"confidence_level":0.95,"lower_bound":67936.84002707178,"upper_bound":207194.94512955143},"point_estimate":141748.7046330361,"standard_error":37158.698063574746}}