{"mean":{"confidence_interval":{"confidence_level":0.95,"lower_bound":92232609.848375,"upper_bound":92327889.309125},"point_estimate":92278528.555,"standard_error":24275.737906765986},"median":{"confidence_interval":{"confidence_level":0.95,"lower_bound":92151286.0,"upper_bound":92248362.5},"point_estimate":92175149.5,"standard_error":26320.03793764449},"median_abs_dev":{"confidence_interval":{"confidence_level":0.95,"lower_bound":113216.1524400115,"upper_bound":225395.59684842825},"point_estimate":156201.54412686825,"standard_error":29375.800893761934},"slope":null,"std_dev":{"confidence_interval":{"confidence_level":0.95,"lower_bound":194697.677567911,"upper_bound":286018.2591091577},"point_estimate":243302.33683641444,"standard_error":23329.250493103376}}