{"mean":{"confidence_interval":{"confidence_level":0.95,"lower_bound":320441.6398635824,"upper_bound":321785.1495266507},"point_estimate":321046.2054362387,"standard_error":344.5907713987767},"median":{"confidence_interval":{"confidence_level":0.95,"lower_bound":320120.0344827586,"upper_bound":320741.0243161094},"point_estimate":320350.50828664796,"standard_error":152.70997386091014},"median_abs_dev":{"confidence_interval":{"confidence_level":0.95,"lower_bound":1043.2478320124126,"upper_bound":1698.6741350564537},"point_estimate":1360.4881288794995,"standard_error":165.55420509066232},"slope":{"confidence_interval":{"confidence_level":0.95,"lower_bound":320270.30242076,"upper_bound":321442.402783278},"point_estimate":320805.74654943106,"standard_error":299.3049211875011},"std_dev":{"confidence_interval":{"confidence_level":0.95,"lower_bound":1767.609197278198,"upper_bound":4967.129523765285},"point_estimate":3458.6744019746525,"standard_error":837.7693291471824}}