{"mean":{"confidence_interval":{"confidence_level":0.95,"lower_bound":650242933.90625,"upper_bound":657315565.52725},"point_estimate":653758235.56,"standard_error":1801654.3078426272},"median":{"confidence_interval":{"confidence_level":0.95,"lower_bound":646988883.0,"upper_bound":657366787.0},"point_estimate":652657914.5,"standard_error":2607128.711145519},"median_abs_dev":{"confidence_interval":{"confidence_level":0.95,"lower_bound":15461364.9903059,"upper_bound":24024488.081780076},"point_estimate":20571340.761485696,"standard_error":2174735.856719919},"slope":null,"std_dev":{"confidence_interval":{"confidence_level":0.95,"lower_bound":15610210.026946934,"upper_bound":20522273.47195189},"point_estimate":18112631.398772653,"standard_error":1254768.0150700014}}