{"mean":{"confidence_interval":{"confidence_level":0.95,"lower_bound":349294191.84575,"upper_bound":349703001.04975},"point_estimate":349496464.77,"standard_error":104170.86596297704},"median":{"confidence_interval":{"confidence_level":0.95,"lower_bound":349149239.0,"upper_bound":349698480.0},"point_estimate":349396833.5,"standard_error":121950.47020090505},"median_abs_dev":{"confidence_interval":{"confidence_level":0.95,"lower_bound":852857.5361562521,"upper_bound":1297902.1167576313},"point_estimate":1152126.9569456577,"standard_error":111400.26528979359},"slope":null,"std_dev":{"confidence_interval":{"confidence_level":0.95,"lower_bound":884133.7111786888,"upper_bound":1204713.2255476993},"point_estimate":1046578.3613469241,"standard_error":82043.30640277547}}