{"mean":{"confidence_interval":{"confidence_level":0.95,"lower_bound":77858.14376456934,"upper_bound":78058.7290900627},"point_estimate":77934.89267750166,"standard_error":53.79467299092748},"median":{"confidence_interval":{"confidence_level":0.95,"lower_bound":77794.92004048583,"upper_bound":77854.91572341573},"point_estimate":77822.5058585307,"standard_error":15.03654942690494},"median_abs_dev":{"confidence_interval":{"confidence_level":0.95,"lower_bound":56.54393558522245,"upper_bound":126.10865227378066},"point_estimate":86.71334386074662,"standard_error":18.435202763776513},"slope":{"confidence_interval":{"confidence_level":0.95,"lower_bound":77835.89069155374,"upper_bound":77898.47268844693},"point_estimate":77865.44449977834,"standard_error":15.987174501795812},"std_dev":{"confidence_interval":{"confidence_level":0.95,"lower_bound":133.1596556319073,"upper_bound":895.6962118557992},"point_estimate":539.8060033958438,"standard_error":251.8740032679144}}