{"mean":{"confidence_interval":{"confidence_level":0.95,"lower_bound":1262.368281223974,"upper_bound":1265.3975105301963},"point_estimate":1263.8299555373135,"standard_error":0.7709462369184036},"median":{"confidence_interval":{"confidence_level":0.95,"lower_bound":1262.3274549273588,"upper_bound":1265.1009668219165},"point_estimate":1264.1885707487309,"standard_error":0.7331478960880098},"median_abs_dev":{"confidence_interval":{"confidence_level":0.95,"lower_bound":4.384041101489602,"upper_bound":7.853582269090136},"point_estimate":5.975215455414788,"standard_error":0.9044573184888941},"slope":{"confidence_interval":{"confidence_level":0.95,"lower_bound":1262.6969201307702,"upper_bound":1266.096098945852},"point_estimate":1264.3785622973237,"standard_error":0.8688644490079062},"std_dev":{"confidence_interval":{"confidence_level":0.95,"lower_bound":5.635771153491648,"upper_bound":9.812538968850706},"point_estimate":7.762465317103354,"standard_error":1.073597030620178}}