{"mean":{"confidence_interval":{"confidence_level":0.95,"lower_bound":37300.71128971317,"upper_bound":37339.61951040754},"point_estimate":37318.96057928352,"standard_error":9.962309214111125},"median":{"confidence_interval":{"confidence_level":0.95,"lower_bound":37275.479543496986,"upper_bound":37321.03138731953},"point_estimate":37293.09426897802,"standard_error":10.661868941832251},"median_abs_dev":{"confidence_interval":{"confidence_level":0.95,"lower_bound":50.04807218047226,"upper_bound":81.25214126582067},"point_estimate":68.81024407786124,"standard_error":7.626138838203259},"slope":{"confidence_interval":{"confidence_level":0.95,"lower_bound":37286.46981400775,"upper_bound":37328.62627865306},"point_estimate":37305.26363671193,"standard_error":10.793027487352463},"std_dev":{"confidence_interval":{"confidence_level":0.95,"lower_bound":64.32665920013983,"upper_bound":131.51721309284542},"point_estimate":100.1617223301942,"standard_error":17.20582976868863}}