{"mean":{"confidence_interval":{"confidence_level":0.95,"lower_bound":130883785.53575,"upper_bound":131224576.09575},"point_estimate":131050705.36,"standard_error":86836.60902092696},"median":{"confidence_interval":{"confidence_level":0.95,"lower_bound":130740205.5,"upper_bound":131132805.5},"point_estimate":130924950.0,"standard_error":114373.11572291615},"median_abs_dev":{"confidence_interval":{"confidence_level":0.95,"lower_bound":618101.1181265116,"upper_bound":1019202.2324055433},"point_estimate":848666.9117331505,"standard_error":102990.93973232525},"slope":null,"std_dev":{"confidence_interval":{"confidence_level":0.95,"lower_bound":720921.7775668944,"upper_bound":1019652.5649537124},"point_estimate":874463.1006913197,"standard_error":76609.41944564231}}