{"mean":{"confidence_interval":{"confidence_level":0.95,"lower_bound":118871913.38125,"upper_bound":119038708.9375},"point_estimate":118952686.2,"standard_error":42690.58051773181},"median":{"confidence_interval":{"confidence_level":0.95,"lower_bound":118739949.0,"upper_bound":118844945.0},"point_estimate":118788352.0,"standard_error":27951.29465042369},"median_abs_dev":{"confidence_interval":{"confidence_level":0.95,"lower_bound":158475.8524864912,"upper_bound":300202.03177034855},"point_estimate":211675.987342,"standard_error":35293.877360682156},"slope":null,"std_dev":{"confidence_interval":{"confidence_level":0.95,"lower_bound":353204.8917547025,"upper_bound":489972.0955846338},"point_estimate":428885.91362322017,"standard_error":34960.99140603648}}