{"mean":{"confidence_interval":{"confidence_level":0.95,"lower_bound":57604.81532177771,"upper_bound":57821.621422061704},"point_estimate":57713.01066144309,"standard_error":55.43239951022723},"median":{"confidence_interval":{"confidence_level":0.95,"lower_bound":57658.051020408166,"upper_bound":57892.57666160081},"point_estimate":57814.13911124795,"standard_error":59.13761240511902},"median_abs_dev":{"confidence_interval":{"confidence_level":0.95,"lower_bound":350.4925559020559,"upper_bound":636.015385660877},"point_estimate":485.14401914986524,"standard_error":73.39059187167962},"slope":{"confidence_interval":{"confidence_level":0.95,"lower_bound":57643.42166664523,"upper_bound":57865.4732496506},"point_estimate":57757.246363655555,"standard_error":56.57987191054819},"std_dev":{"confidence_interval":{"confidence_level":0.95,"lower_bound":456.09733867502155,"upper_bound":657.3757319886405},"point_estimate":555.3021639386612,"standard_error":51.71121909561875}}