{"mean":{"confidence_interval":{"confidence_level":0.95,"lower_bound":41589.417163818754,"upper_bound":41626.21605185705},"point_estimate":41605.80455617728,"standard_error":9.449245706637734},"median":{"confidence_interval":{"confidence_level":0.95,"lower_bound":41573.46847587719,"upper_bound":41588.41038812786},"point_estimate":41579.63101986434,"standard_error":3.5197375369942727},"median_abs_dev":{"confidence_interval":{"confidence_level":0.95,"lower_bound":20.43207805756221,"upper_bound":36.57980820474945},"point_estimate":26.605472239515493,"standard_error":3.863913645908356},"slope":{"confidence_interval":{"confidence_level":0.95,"lower_bound":41589.16399427204,"upper_bound":41629.17969403098},"point_estimate":41606.46956030491,"standard_error":10.281638657946152},"std_dev":{"confidence_interval":{"confidence_level":0.95,"lower_bound":40.81612667900333,"upper_bound":135.16333935357088},"point_estimate":94.97780573342652,"standard_error":23.631590818832137}}