{"mean":{"confidence_interval":{"confidence_level":0.95,"lower_bound":792289.7776275281,"upper_bound":912192.031295244},"point_estimate":841628.4373148973,"standard_error":32021.99341371963},"median":{"confidence_interval":{"confidence_level":0.95,"lower_bound":785159.8758865248,"upper_bound":789956.9927536232},"point_estimate":786990.1659698996,"standard_error":1044.7770239249646},"median_abs_dev":{"confidence_interval":{"confidence_level":0.95,"lower_bound":11033.885858351838,"upper_bound":20325.452711247286},"point_estimate":14982.692903860116,"standard_error":2676.5423894756414},"slope":{"confidence_interval":{"confidence_level":0.95,"lower_bound":789355.7368726693,"upper_bound":932548.3165194624},"point_estimate":839281.3665159352,"standard_error":39646.00903688266},"std_dev":{"confidence_interval":{"confidence_level":0.95,"lower_bound":33962.201673248484,"upper_bound":503181.8219712846},"point_estimate":321741.674939788,"standard_error":127064.46783605313}}