{"mean":{"confidence_interval":{"confidence_level":0.95,"lower_bound":7577374.001357146,"upper_bound":7587948.201892857},"point_estimate":7582337.120000001,"standard_error":2711.95721395176},"median":{"confidence_interval":{"confidence_level":0.95,"lower_bound":7573261.857142857,"upper_bound":7580102.285714285},"point_estimate":7576738.714285715,"standard_error":1669.0368050986997},"median_abs_dev":{"confidence_interval":{"confidence_level":0.95,"lower_bound":11093.872003044105,"upper_bound":21058.955926129387},"point_estimate":14857.24023623116,"standard_error":2648.2663775418987},"slope":null,"std_dev":{"confidence_interval":{"confidence_level":0.95,"lower_bound":18582.90639372749,"upper_bound":36893.48609714745},"point_estimate":27272.330185519146,"standard_error":5049.733142138473}}