{"mean":{"confidence_interval":{"confidence_level":0.95,"lower_bound":97634.0696783049,"upper_bound":98228.59997910992},"point_estimate":97919.38341134416,"standard_error":151.34385216721068},"median":{"confidence_interval":{"confidence_level":0.95,"lower_bound":97206.46111111112,"upper_bound":97894.2405370844},"point_estimate":97428.96341085271,"standard_error":219.72224678084018},"median_abs_dev":{"confidence_interval":{"confidence_level":0.95,"lower_bound":1019.1966618179108,"upper_bound":1909.2320104511657},"point_estimate":1299.7396043460687,"standard_error":255.9205817255173},"slope":{"confidence_interval":{"confidence_level":0.95,"lower_bound":97565.09060362639,"upper_bound":98209.07596553786},"point_estimate":97873.18251485149,"standard_error":164.59690400156995},"std_dev":{"confidence_interval":{"confidence_level":0.95,"lower_bound":1188.757978872026,"upper_bound":1898.3152136948854},"point_estimate":1525.4038609986324,"standard_error":187.54546116243833}}