{"mean":{"confidence_interval":{"confidence_level":0.95,"lower_bound":14934176.92771428,"upper_bound":14967200.547964284},"point_estimate":14950024.494285725,"standard_error":8422.83557927745},"median":{"confidence_interval":{"confidence_level":0.95,"lower_bound":14903874.0,"upper_bound":14926468.714285713},"point_estimate":14914683.57142857,"standard_error":6720.737080790853},"median_abs_dev":{"confidence_interval":{"confidence_level":0.95,"lower_bound":24376.27336723385,"upper_bound":61794.661002923494},"point_estimate":36420.59785340395,"standard_error":9702.218632849912},"slope":null,"std_dev":{"confidence_interval":{"confidence_level":0.95,"lower_bound":65381.715098612956,"upper_bound":102334.05514054187},"point_estimate":84935.56000795991,"standard_error":9460.81252286368}}