{"mean":{"confidence_interval":{"confidence_level":0.95,"lower_bound":1401551575.3655002,"upper_bound":1404959818.9359999},"point_estimate":1403235936.06,"standard_error":870132.7058468864},"median":{"confidence_interval":{"confidence_level":0.95,"lower_bound":1400349620.0,"upper_bound":1404919591.0},"point_estimate":1402557740.5,"standard_error":1171051.5031276194},"median_abs_dev":{"confidence_interval":{"confidence_level":0.95,"lower_bound":7205198.656082153,"upper_bound":11703058.565229177},"point_estimate":9739257.78979361,"standard_error":1167847.9978584924},"slope":null,"std_dev":{"confidence_interval":{"confidence_level":0.95,"lower_bound":7638922.947948486,"upper_bound":9787095.74358627},"point_estimate":8769974.484553967,"standard_error":549117.5984078362}}