{"mean":{"confidence_interval":{"confidence_level":0.95,"lower_bound":423468277.4505,"upper_bound":423935448.96900004},"point_estimate":423685652.06,"standard_error":119247.11156998323},"median":{"confidence_interval":{"confidence_level":0.95,"lower_bound":423263213.0,"upper_bound":423649426.0},"point_estimate":423446809.5,"standard_error":91788.88134979989},"median_abs_dev":{"confidence_interval":{"confidence_level":0.95,"lower_bound":521921.74437403725,"upper_bound":921762.7969354391},"point_estimate":764706.5339237452,"standard_error":98312.53642333235},"slope":null,"std_dev":{"confidence_interval":{"confidence_level":0.95,"lower_bound":789633.7005912109,"upper_bound":1621245.9550898795},"point_estimate":1197533.216589582,"standard_error":221652.52635198736}}