{"mean":{"confidence_interval":{"confidence_level":0.95,"lower_bound":168832.76427559738,"upper_bound":169187.89055133346},"point_estimate":169008.04624541622,"standard_error":90.62845143394469},"median":{"confidence_interval":{"confidence_level":0.95,"lower_bound":168935.32638888888,"upper_bound":169215.27457264956},"point_estimate":169076.44857715815,"standard_error":63.95508791241868},"median_abs_dev":{"confidence_interval":{"confidence_level":0.95,"lower_bound":449.6738146172755,"upper_bound":835.1392890042766},"point_estimate":658.4229291666492,"standard_error":101.27944456232082},"slope":{"confidence_interval":{"confidence_level":0.95,"lower_bound":169117.55016456416,"upper_bound":169390.87357993817},"point_estimate":169252.4795635683,"standard_error":69.65143765256654},"std_dev":{"confidence_interval":{"confidence_level":0.95,"lower_bound":699.504890796199,"upper_bound":1134.1218375968322},"point_estimate":908.271757617747,"standard_error":112.99132098002181}}