{"mean":{"confidence_interval":{"confidence_level":0.95,"lower_bound":52638.13798485491,"upper_bound":52720.401727017976},"point_estimate":52675.25561028823,"standard_error":20.991967420985556},"median":{"confidence_interval":{"confidence_level":0.95,"lower_bound":52591.86431623931,"upper_bound":52616.95},"point_estimate":52600.809533850654,"standard_error":6.058540336970902},"median_abs_dev":{"confidence_interval":{"confidence_level":0.95,"lower_bound":37.679224237902254,"upper_bound":72.68049714388691},"point_estimate":51.661593786329426,"standard_error":8.922434391089816},"slope":{"confidence_interval":{"confidence_level":0.95,"lower_bound":52618.73225474657,"upper_bound":52682.44877909828},"point_estimate":52648.02622151997,"standard_error":16.324622159184443},"std_dev":{"confidence_interval":{"confidence_level":0.95,"lower_bound":119.90177791795583,"upper_bound":302.1096234650186},"point_estimate":210.78076536138224,"standard_error":50.23692770655362}}