{"mean":{"confidence_interval":{"confidence_level":0.95,"lower_bound":31037173.1225625,"upper_bound":31083007.41475},"point_estimate":31058725.9425,"standard_error":11750.266699100493},"median":{"confidence_interval":{"confidence_level":0.95,"lower_bound":31002597.0,"upper_bound":31023525.375},"point_estimate":31015758.25,"standard_error":5431.658910056212},"median_abs_dev":{"confidence_interval":{"confidence_level":0.95,"lower_bound":30271.726262569427,"upper_bound":60387.7795279026},"point_estimate":48855.56095764041,"standard_error":7990.544512326873},"slope":null,"std_dev":{"confidence_interval":{"confidence_level":0.95,"lower_bound":82294.09804804626,"upper_bound":149963.28473844792},"point_estimate":118113.53737139922,"standard_error":17370.757923423036}}