{"mean":{"confidence_interval":{"confidence_level":0.95,"lower_bound":34177815.60983332,"upper_bound":34229869.990666665},"point_estimate":34203179.70666666,"standard_error":13283.132319439088},"median":{"confidence_interval":{"confidence_level":0.95,"lower_bound":34131066.5,"upper_bound":34190431.666666664},"point_estimate":34145380.666666664,"standard_error":13462.687770477141},"median_abs_dev":{"confidence_interval":{"confidence_level":0.95,"lower_bound":62016.66269898599,"upper_bound":137166.9372647927},"point_estimate":96958.8259786349,"standard_error":19403.042242814787},"slope":null,"std_dev":{"confidence_interval":{"confidence_level":0.95,"lower_bound":111845.80869013572,"upper_bound":152528.10226161027},"point_estimate":133205.04604082817,"standard_error":10414.073096405473}}