{"mean":{"confidence_interval":{"confidence_level":0.95,"lower_bound":96137871.18087499,"upper_bound":96251867.243625},"point_estimate":96193029.425,"standard_error":29065.677106298703},"median":{"confidence_interval":{"confidence_level":0.95,"lower_bound":96091260.0,"upper_bound":96187472.0},"point_estimate":96134330.75,"standard_error":24778.12175465943},"median_abs_dev":{"confidence_interval":{"confidence_level":0.95,"lower_bound":193358.46466720104,"upper_bound":314524.64248482103},"point_estimate":243396.21377885342,"standard_error":30443.150240405426},"slope":null,"std_dev":{"confidence_interval":{"confidence_level":0.95,"lower_bound":231802.95387104212,"upper_bound":349972.25259596},"point_estimate":291660.6141702086,"standard_error":30263.23696910305}}