{"mean":{"confidence_interval":{"confidence_level":0.95,"lower_bound":96924595.195375,"upper_bound":96974644.85374999},"point_estimate":96948639.68,"standard_error":12760.727759376668},"median":{"confidence_interval":{"confidence_level":0.95,"lower_bound":96897086.0,"upper_bound":96955660.5},"point_estimate":96923718.5,"standard_error":14377.275648797864},"median_abs_dev":{"confidence_interval":{"confidence_level":0.95,"lower_bound":84297.6693034172,"upper_bound":136243.89523118734},"point_estimate":111899.97431337833,"standard_error":12901.426407042312},"slope":null,"std_dev":{"confidence_interval":{"confidence_level":0.95,"lower_bound":97106.5797466066,"upper_bound":157798.42673545983},"point_estimate":128285.69462217734,"standard_error":15593.291136094369}}