{"mean":{"confidence_interval":{"confidence_level":0.95,"lower_bound":104469986.80624999,"upper_bound":104653543.3125},"point_estimate":104556892.68,"standard_error":46946.14628482911},"median":{"confidence_interval":{"confidence_level":0.95,"lower_bound":104334171.0,"upper_bound":104428015.0},"point_estimate":104373215.0,"standard_error":22664.125698783286},"median_abs_dev":{"confidence_interval":{"confidence_level":0.95,"lower_bound":119820.7646727562,"upper_bound":253486.7891997099},"point_estimate":161744.24412846565,"standard_error":33831.1435644347},"slope":null,"std_dev":{"confidence_interval":{"confidence_level":0.95,"lower_bound":342798.9616589183,"upper_bound":582057.9127858254},"point_estimate":472016.4086825086,"standard_error":61099.10298836245}}