{"mean":{"confidence_interval":{"confidence_level":0.95,"lower_bound":15603642.2421875,"upper_bound":15659893.1140625},"point_estimate":15631844.6125,"standard_error":14380.75755442487},"median":{"confidence_interval":{"confidence_level":0.95,"lower_bound":15596276.375,"upper_bound":15678061.25},"point_estimate":15647392.625,"standard_error":22227.067976799302},"median_abs_dev":{"confidence_interval":{"confidence_level":0.95,"lower_bound":110941.47343039513,"upper_bound":165839.92655575275},"point_estimate":141223.94854277372,"standard_error":13911.749019388391},"slope":null,"std_dev":{"confidence_interval":{"confidence_level":0.95,"lower_bound":123214.63866644287,"upper_bound":163508.76381329444},"point_estimate":144532.67673597246,"standard_error":10307.765333418192}}