{"mean":{"confidence_interval":{"confidence_level":0.95,"lower_bound":7381254.072203125,"upper_bound":7601770.56540625},"point_estimate":7493561.088125,"standard_error":56268.09615409158},"median":{"confidence_interval":{"confidence_level":0.95,"lower_bound":7865971.4375,"upper_bound":7875791.5625},"point_estimate":7871397.34375,"standard_error":14152.856446468893},"median_abs_dev":{"confidence_interval":{"confidence_level":0.95,"lower_bound":26769.176487252116,"upper_bound":110932.80948679894},"point_estimate":42070.9518218413,"standard_error":31801.797144188393},"slope":null,"std_dev":{"confidence_interval":{"confidence_level":0.95,"lower_bound":506280.60932550684,"upper_bound":601528.5618008956},"point_estimate":565136.1424566167,"standard_error":24500.42541790651}}