{"mean":{"confidence_interval":{"confidence_level":0.95,"lower_bound":764990107.72875,"upper_bound":767552613.3965},"point_estimate":766248540.83,"standard_error":655942.0370076008},"median":{"confidence_interval":{"confidence_level":0.95,"lower_bound":764039309.0,"upper_bound":767631170.5},"point_estimate":765619652.0,"standard_error":855671.7775940192},"median_abs_dev":{"confidence_interval":{"confidence_level":0.95,"lower_bound":4990154.265207052,"upper_bound":7924397.525113821},"point_estimate":6590418.561896682,"standard_error":751135.8392763003},"slope":null,"std_dev":{"confidence_interval":{"confidence_level":0.95,"lower_bound":5578857.252707798,"upper_bound":7560766.993521047},"point_estimate":6608169.363014924,"standard_error":507952.98861049884}}