{"mean":{"confidence_interval":{"confidence_level":0.95,"lower_bound":46875.24262180711,"upper_bound":47006.5278642272},"point_estimate":46928.87767294125,"standard_error":34.51310558571773},"median":{"confidence_interval":{"confidence_level":0.95,"lower_bound":46855.72500224477,"upper_bound":46864.063540885225},"point_estimate":46859.545359312804,"standard_error":2.1443534257098014},"median_abs_dev":{"confidence_interval":{"confidence_level":0.95,"lower_bound":15.275482621080146,"upper_bound":27.962460776799617},"point_estimate":19.55090577746417,"standard_error":3.3942909789978346},"slope":{"confidence_interval":{"confidence_level":0.95,"lower_bound":46869.09151162192,"upper_bound":46906.902013186824},"point_estimate":46885.7948694932,"standard_error":9.710468890519833},"std_dev":{"confidence_interval":{"confidence_level":0.95,"lower_bound":58.59347998121749,"upper_bound":558.7790813537455},"point_estimate":348.3102700742094,"standard_error":137.83978736433582}}