{"mean":{"confidence_interval":{"confidence_level":0.95,"lower_bound":46817.12928130608,"upper_bound":46945.16568617863},"point_estimate":46865.923816311806,"standard_error":34.6083547057199},"median":{"confidence_interval":{"confidence_level":0.95,"lower_bound":46792.170397826005,"upper_bound":46808.709074155326},"point_estimate":46800.463953488375,"standard_error":4.0081165629948785},"median_abs_dev":{"confidence_interval":{"confidence_level":0.95,"lower_bound":26.95044548565397,"upper_bound":51.703722114179854},"point_estimate":38.51455252095626,"standard_error":6.0272172712389604},"slope":{"confidence_interval":{"confidence_level":0.95,"lower_bound":46813.0208854221,"upper_bound":46880.09686344235},"point_estimate":46842.648576298794,"standard_error":17.233539069149852},"std_dev":{"confidence_interval":{"confidence_level":0.95,"lower_bound":66.74245360745961,"upper_bound":580.2793193546606},"point_estimate":348.3679155894449,"standard_error":165.42139304196525}}