{"mean":{"confidence_interval":{"confidence_level":0.95,"lower_bound":66107.02289669239,"upper_bound":66351.31538518984},"point_estimate":66197.15413516665,"standard_error":67.71132535501212},"median":{"confidence_interval":{"confidence_level":0.95,"lower_bound":66079.82150537634,"upper_bound":66111.67548387097},"point_estimate":66091.29052419355,"standard_error":8.443386703128404},"median_abs_dev":{"confidence_interval":{"confidence_level":0.95,"lower_bound":48.205032150521575,"upper_bound":85.04387159601502},"point_estimate":67.1647498046628,"standard_error":9.119738463838127},"slope":{"confidence_interval":{"confidence_level":0.95,"lower_bound":66115.10055801936,"upper_bound":66172.46676952086},"point_estimate":66140.97188757586,"standard_error":14.697188222560694},"std_dev":{"confidence_interval":{"confidence_level":0.95,"lower_bound":90.90756146694072,"upper_bound":1142.3238174766689},"point_estimate":678.2467725335773,"standard_error":344.4309718900765}}