{"mean":{"confidence_interval":{"confidence_level":0.95,"lower_bound":241203.59179889286,"upper_bound":241845.10540601978},"point_estimate":241491.35503055822,"standard_error":164.3890452735699},"median":{"confidence_interval":{"confidence_level":0.95,"lower_bound":240852.69122085048,"upper_bound":240960.6137962963},"point_estimate":240901.4696969697,"standard_error":30.203946386889697},"median_abs_dev":{"confidence_interval":{"confidence_level":0.95,"lower_bound":208.7996246567111,"upper_bound":422.72778145893096},"point_estimate":318.9307814700243,"standard_error":56.340186705858244},"slope":{"confidence_interval":{"confidence_level":0.95,"lower_bound":241047.91193388173,"upper_bound":241470.18283794317},"point_estimate":241243.58069980133,"standard_error":108.18506151995369},"std_dev":{"confidence_interval":{"confidence_level":0.95,"lower_bound":911.3752841991688,"upper_bound":2387.3253755704845},"point_estimate":1651.8243177043626,"standard_error":407.8349324463083}}