{"mean":{"confidence_interval":{"confidence_level":0.95,"lower_bound":4066135.778384618,"upper_bound":4068305.9814038477},"point_estimate":4067176.5153846163,"standard_error":555.1359668433277},"median":{"confidence_interval":{"confidence_level":0.95,"lower_bound":4065016.3846153845,"upper_bound":4066990.346153846},"point_estimate":4066223.0,"standard_error":507.13073510822204},"median_abs_dev":{"confidence_interval":{"confidence_level":0.95,"lower_bound":3221.233558195863,"upper_bound":5155.1141546323815},"point_estimate":4221.418309670308,"standard_error":519.9068727002237},"slope":null,"std_dev":{"confidence_interval":{"confidence_level":0.95,"lower_bound":4168.01290024577,"upper_bound":6824.562105239874},"point_estimate":5568.537026688098,"standard_error":681.4234560976075}}