{"mean":{"confidence_interval":{"confidence_level":0.95,"lower_bound":2115472.323720773,"upper_bound":2120500.6607625224},"point_estimate":2117793.8798556942,"standard_error":1291.01069007468},"median":{"confidence_interval":{"confidence_level":0.95,"lower_bound":2113270.72971549,"upper_bound":2116329.714285714},"point_estimate":2114930.251694277,"standard_error":762.6394749790077},"median_abs_dev":{"confidence_interval":{"confidence_level":0.95,"lower_bound":5021.625698938103,"upper_bound":8627.215117059493},"point_estimate":6390.191211551428,"standard_error":887.0622222969714},"slope":{"confidence_interval":{"confidence_level":0.95,"lower_bound":2115435.901600071,"upper_bound":2120377.5134965223},"point_estimate":2117686.912800355,"standard_error":1258.0107820134056},"std_dev":{"confidence_interval":{"confidence_level":0.95,"lower_bound":7714.218867894466,"upper_bound":17708.83082269075},"point_estimate":13019.896395586173,"standard_error":2576.4127455369085}}