{"mean":{"confidence_interval":{"confidence_level":0.95,"lower_bound":13828327.802125,"upper_bound":13917738.92975},"point_estimate":13871854.045,"standard_error":22804.41603994742},"median":{"confidence_interval":{"confidence_level":0.95,"lower_bound":13732939.0,"upper_bound":13764081.0},"point_estimate":13746500.5,"standard_error":8171.171351746852},"median_abs_dev":{"confidence_interval":{"confidence_level":0.95,"lower_bound":34717.672933638096,"upper_bound":83379.93991971016},"point_estimate":54033.54136571288,"standard_error":12721.549514959594},"slope":null,"std_dev":{"confidence_interval":{"confidence_level":0.95,"lower_bound":199169.49603044832,"upper_bound":251665.57409404026},"point_estimate":230164.8211864234,"standard_error":13484.391645712007}}