{"mean":{"confidence_interval":{"confidence_level":0.95,"lower_bound":30120.86027826903,"upper_bound":30247.798069430504},"point_estimate":30172.48573526412,"standard_error":33.132837637301094},"median":{"confidence_interval":{"confidence_level":0.95,"lower_bound":30095.50203962704,"upper_bound":30108.72147950089},"point_estimate":30099.58694516378,"standard_error":3.3821424217386507},"median_abs_dev":{"confidence_interval":{"confidence_level":0.95,"lower_bound":25.968524766238303,"upper_bound":51.97591655976025},"point_estimate":39.674756748707495,"standard_error":6.904683553595179},"slope":{"confidence_interval":{"confidence_level":0.95,"lower_bound":30124.528732455343,"upper_bound":30211.333389216248},"point_estimate":30162.594730532754,"standard_error":22.384632021870193},"std_dev":{"confidence_interval":{"confidence_level":0.95,"lower_bound":113.10027507741418,"upper_bound":534.1299616302493},"point_estimate":332.44553709921934,"standard_error":132.04662815275753}}