{"mean":{"confidence_interval":{"confidence_level":0.95,"lower_bound":40157.60328338544,"upper_bound":40317.10379990584},"point_estimate":40215.79019444165,"standard_error":45.683396395677214},"median":{"confidence_interval":{"confidence_level":0.95,"lower_bound":40168.86148148148,"upper_bound":40183.12934338953},"point_estimate":40177.08342905405,"standard_error":4.012180647313561},"median_abs_dev":{"confidence_interval":{"confidence_level":0.95,"lower_bound":22.888551413367882,"upper_bound":65.06752483927752},"point_estimate":30.72306563637376,"standard_error":11.457312166707272},"slope":{"confidence_interval":{"confidence_level":0.95,"lower_bound":40103.389912550374,"upper_bound":40154.20320081965},"point_estimate":40126.99773737254,"standard_error":12.96810294979274},"std_dev":{"confidence_interval":{"confidence_level":0.95,"lower_bound":73.144604923512,"upper_bound":775.4909940894528},"point_estimate":457.21766540925677,"standard_error":244.9032967180853}}