{"mean":{"confidence_interval":{"confidence_level":0.95,"lower_bound":52781.404800683675,"upper_bound":52892.51816044315},"point_estimate":52828.62070107854,"standard_error":28.80760890191801},"median":{"confidence_interval":{"confidence_level":0.95,"lower_bound":52720.46495726496,"upper_bound":52771.73650943314},"point_estimate":52734.40464306262,"standard_error":13.94383837164704},"median_abs_dev":{"confidence_interval":{"confidence_level":0.95,"lower_bound":47.86900005138988,"upper_bound":111.33556732236633},"point_estimate":68.91752867085079,"standard_error":16.01292036150152},"slope":{"confidence_interval":{"confidence_level":0.95,"lower_bound":52756.73845291493,"upper_bound":52813.01579366886},"point_estimate":52783.10824385309,"standard_error":14.389831508760695},"std_dev":{"confidence_interval":{"confidence_level":0.95,"lower_bound":129.2665548442696,"upper_bound":449.5056798691404},"point_estimate":289.7334254744571,"standard_error":99.27845466329643}}