{"mean":{"confidence_interval":{"confidence_level":0.95,"lower_bound":73553.73317071125,"upper_bound":73629.59117555412},"point_estimate":73588.79208385228,"standard_error":19.39355753458525},"median":{"confidence_interval":{"confidence_level":0.95,"lower_bound":73519.69528619529,"upper_bound":73552.19044879172},"point_estimate":73531.85500507723,"standard_error":9.8369208557874},"median_abs_dev":{"confidence_interval":{"confidence_level":0.95,"lower_bound":53.450991966213806,"upper_bound":96.51058374635869},"point_estimate":70.68342316736458,"standard_error":11.642420250310712},"slope":{"confidence_interval":{"confidence_level":0.95,"lower_bound":73547.81276631763,"upper_bound":73599.1391117434},"point_estimate":73572.2523734463,"standard_error":13.143194599656008},"std_dev":{"confidence_interval":{"confidence_level":0.95,"lower_bound":115.83427763344729,"upper_bound":264.3866268553642},"point_estimate":195.67468188931653,"standard_error":37.95756748838657}}