{"mean":{"confidence_interval":{"confidence_level":0.95,"lower_bound":4427.1729541126415,"upper_bound":4432.779122963507},"point_estimate":4429.713337613956,"standard_error":1.435655317158911},"median":{"confidence_interval":{"confidence_level":0.95,"lower_bound":4423.278703904164,"upper_bound":4426.743782347611},"point_estimate":4424.991325232028,"standard_error":0.9914943231823056},"median_abs_dev":{"confidence_interval":{"confidence_level":0.95,"lower_bound":2.8605894937882645,"upper_bound":6.893288470616668},"point_estimate":4.78491129112645,"standard_error":1.1857384636638526},"slope":{"confidence_interval":{"confidence_level":0.95,"lower_bound":4427.759856936735,"upper_bound":4432.509937001569},"point_estimate":4430.028035111835,"standard_error":1.2160487231116943},"std_dev":{"confidence_interval":{"confidence_level":0.95,"lower_bound":7.547387677129873,"upper_bound":20.28132610002966},"point_estimate":14.453852189074336,"standard_error":3.354439270615244}}