{"mean":{"confidence_interval":{"confidence_level":0.95,"lower_bound":4350.574965794437,"upper_bound":4362.785956319567},"point_estimate":4355.07192795065,"standard_error":3.415666391679061},"median":{"confidence_interval":{"confidence_level":0.95,"lower_bound":4349.004005671748,"upper_bound":4350.148388278389},"point_estimate":4349.399259121934,"standard_error":0.29739306564981216},"median_abs_dev":{"confidence_interval":{"confidence_level":0.95,"lower_bound":2.1367710192817024,"upper_bound":3.7057976407298923},"point_estimate":2.8199344247293436,"standard_error":0.38058213065119617},"slope":{"confidence_interval":{"confidence_level":0.95,"lower_bound":4349.975693369227,"upper_bound":4353.22894392773},"point_estimate":4351.413843815413,"standard_error":0.830132210251816},"std_dev":{"confidence_interval":{"confidence_level":0.95,"lower_bound":4.221476035660548,"upper_bound":57.904236787818064},"point_estimate":34.3124584297057,"standard_error":17.700829783152518}}