{"mean":{"confidence_interval":{"confidence_level":0.95,"lower_bound":15256.638020286304,"upper_bound":15310.49841028632},"point_estimate":15276.517892073538,"standard_error":15.216428394604733},"median":{"confidence_interval":{"confidence_level":0.95,"lower_bound":15247.168227424749,"upper_bound":15255.369752281616},"point_estimate":15250.246890657236,"standard_error":1.9920342543151497},"median_abs_dev":{"confidence_interval":{"confidence_level":0.95,"lower_bound":8.123807515693597,"upper_bound":16.739729940085166},"point_estimate":11.712362406844527,"standard_error":2.132133113103924},"slope":{"confidence_interval":{"confidence_level":0.95,"lower_bound":15252.719300248618,"upper_bound":15262.423945671297},"point_estimate":15257.11331111389,"standard_error":2.4817339382788295},"std_dev":{"confidence_interval":{"confidence_level":0.95,"lower_bound":21.357833417807118,"upper_bound":260.1559784662522},"point_estimate":153.89869278233857,"standard_error":80.45074448324227}}