{"mean":{"confidence_interval":{"confidence_level":0.95,"lower_bound":10549381.716574999,"upper_bound":10575909.928699996},"point_estimate":10562016.026000004,"standard_error":6781.219249331699},"median":{"confidence_interval":{"confidence_level":0.95,"lower_bound":10530080.3,"upper_bound":10545513.149999999},"point_estimate":10537498.1,"standard_error":3813.5588711989963},"median_abs_dev":{"confidence_interval":{"confidence_level":0.95,"lower_bound":22031.430049112336,"upper_bound":40421.45742237623},"point_estimate":30189.516094028673,"standard_error":4815.412940165609},"slope":null,"std_dev":{"confidence_interval":{"confidence_level":0.95,"lower_bound":52052.39049731804,"upper_bound":80725.465857633},"point_estimate":67885.04378740063,"standard_error":7293.460858038682}}