{"mean":{"confidence_interval":{"confidence_level":0.95,"lower_bound":56452.39763702174,"upper_bound":56583.45670373934},"point_estimate":56514.25534398346,"standard_error":33.52221541957091},"median":{"confidence_interval":{"confidence_level":0.95,"lower_bound":56372.30046432062,"upper_bound":56550.041845878135},"point_estimate":56470.22461170848,"standard_error":49.61409466126742},"median_abs_dev":{"confidence_interval":{"confidence_level":0.95,"lower_bound":220.07151375620936,"upper_bound":340.084786757981},"point_estimate":278.6272844385485,"standard_error":29.77991152132787},"slope":{"confidence_interval":{"confidence_level":0.95,"lower_bound":56415.9106979982,"upper_bound":56539.03037949704},"point_estimate":56475.927807624284,"standard_error":31.42469559813185},"std_dev":{"confidence_interval":{"confidence_level":0.95,"lower_bound":238.6093549421327,"upper_bound":440.66290870114966},"point_estimate":336.33045518130945,"standard_error":53.08480950624947}}