{"mean":{"confidence_interval":{"confidence_level":0.95,"lower_bound":25729516.401375,"upper_bound":25757777.9211875},"point_estimate":25743266.9625,"standard_error":7232.122740184846},"median":{"confidence_interval":{"confidence_level":0.95,"lower_bound":25717878.25,"upper_bound":25744547.25},"point_estimate":25736274.75,"standard_error":7127.459158122185},"median_abs_dev":{"confidence_interval":{"confidence_level":0.95,"lower_bound":43859.755021333694,"upper_bound":75785.87752953172},"point_estimate":58997.656727582216,"standard_error":8028.743823232438},"slope":null,"std_dev":{"confidence_interval":{"confidence_level":0.95,"lower_bound":59177.74246224785,"upper_bound":84143.25014744543},"point_estimate":72388.12881292822,"standard_error":6379.2001691369305}}