{"mean":{"confidence_interval":{"confidence_level":0.95,"lower_bound":232812899.76075,"upper_bound":233696663.08175},"point_estimate":233252703.99,"standard_error":225791.85453742457},"median":{"confidence_interval":{"confidence_level":0.95,"lower_bound":232653432.5,"upper_bound":233998140.0},"point_estimate":233296355.0,"standard_error":356813.46295454964},"median_abs_dev":{"confidence_interval":{"confidence_level":0.95,"lower_bound":1744563.528227806,"upper_bound":2785275.5249089743},"point_estimate":2202637.252995372,"standard_error":269084.83342689014},"slope":null,"std_dev":{"confidence_interval":{"confidence_level":0.95,"lower_bound":1951414.6065620033,"upper_bound":2547541.6614683107},"point_estimate":2266550.998840854,"standard_error":152417.49115486105}}