{"mean":{"confidence_interval":{"confidence_level":0.95,"lower_bound":22892894.96025,"upper_bound":22943742.713749982},"point_estimate":22917196.898000006,"standard_error":12990.795052707344},"median":{"confidence_interval":{"confidence_level":0.95,"lower_bound":22847449.0,"upper_bound":22893756.9},"point_estimate":22861422.6,"standard_error":12103.060286710337},"median_abs_dev":{"confidence_interval":{"confidence_level":0.95,"lower_bound":47997.98806786979,"upper_bound":101854.0251517318},"point_estimate":68014.27379250526,"standard_error":13753.311902445896},"slope":null,"std_dev":{"confidence_interval":{"confidence_level":0.95,"lower_bound":102714.47413056098,"upper_bound":157045.6461029002},"point_estimate":130594.5215360641,"standard_error":13924.382583407967}}