{"mean":{"confidence_interval":{"confidence_level":0.95,"lower_bound":24903746.9005,"upper_bound":24954019.592625},"point_estimate":24928792.625,"standard_error":12817.338954135073},"median":{"confidence_interval":{"confidence_level":0.95,"lower_bound":24889183.5,"upper_bound":24970829.5},"point_estimate":24929857.25,"standard_error":20981.315945074613},"median_abs_dev":{"confidence_interval":{"confidence_level":0.95,"lower_bound":113857.37692862749,"upper_bound":169397.0545426011},"point_estimate":145833.35186094046,"standard_error":14675.746226332134},"slope":null,"std_dev":{"confidence_interval":{"confidence_level":0.95,"lower_bound":112690.45496307813,"upper_bound":142541.61736735437},"point_estimate":128376.70985759248,"standard_error":7625.368080332088}}