{"mean":{"confidence_interval":{"confidence_level":0.95,"lower_bound":9887.860031136745,"upper_bound":9896.390086727584},"point_estimate":9891.98516193627,"standard_error":2.175573968423731},"median":{"confidence_interval":{"confidence_level":0.95,"lower_bound":9879.455905852095,"upper_bound":9885.431954927877},"point_estimate":9881.117562371293,"standard_error":1.6920693285187285},"median_abs_dev":{"confidence_interval":{"confidence_level":0.95,"lower_bound":6.7672608875866604,"upper_bound":17.144770049483757},"point_estimate":9.895772029825203,"standard_error":2.6505342484304335},"slope":{"confidence_interval":{"confidence_level":0.95,"lower_bound":9885.477552596907,"upper_bound":9894.949475128113},"point_estimate":9889.918840186536,"standard_error":2.4259776747684034},"std_dev":{"confidence_interval":{"confidence_level":0.95,"lower_bound":17.811520058181223,"upper_bound":25.294492540639812},"point_estimate":21.832242149198684,"standard_error":1.9053163094521566}}