{"mean":{"confidence_interval":{"confidence_level":0.95,"lower_bound":8764.56446112048,"upper_bound":8782.256178549957},"point_estimate":8771.198378846037,"standard_error":4.879686955380738},"median":{"confidence_interval":{"confidence_level":0.95,"lower_bound":8760.037986725663,"upper_bound":8764.35319137352},"point_estimate":8761.23242775736,"standard_error":1.148201282342226},"median_abs_dev":{"confidence_interval":{"confidence_level":0.95,"lower_bound":5.386097890638744,"upper_bound":12.207233085827784},"point_estimate":8.275070255001374,"standard_error":1.7679342550940977},"slope":{"confidence_interval":{"confidence_level":0.95,"lower_bound":8763.904473668563,"upper_bound":8769.648598888873},"point_estimate":8766.697439604744,"standard_error":1.4644173406866539},"std_dev":{"confidence_interval":{"confidence_level":0.95,"lower_bound":10.952543197474816,"upper_bound":82.3695000099408},"point_estimate":49.108626696384924,"standard_error":24.497244078198786}}