{"mean":{"confidence_interval":{"confidence_level":0.95,"lower_bound":756987.207963024,"upper_bound":759078.9108474068},"point_estimate":757969.2124641001,"standard_error":534.9933698237196},"median":{"confidence_interval":{"confidence_level":0.95,"lower_bound":755378.4466666667,"upper_bound":757358.2976190476},"point_estimate":756643.1739495798,"standard_error":510.1507961324633},"median_abs_dev":{"confidence_interval":{"confidence_level":0.95,"lower_bound":2443.8850778663045,"upper_bound":4529.542808251071},"point_estimate":3398.5472580969385,"standard_error":510.76403484685903},"slope":{"confidence_interval":{"confidence_level":0.95,"lower_bound":754939.1930771864,"upper_bound":756032.8974934185},"point_estimate":755443.3216284912,"standard_error":279.9876958304971},"std_dev":{"confidence_interval":{"confidence_level":0.95,"lower_bound":3692.8013158632484,"upper_bound":7149.733708397765},"point_estimate":5381.041455030795,"standard_error":913.5567686659082}}