{"mean":{"confidence_interval":{"confidence_level":0.95,"lower_bound":909057.1733983357,"upper_bound":1039400.0456814785},"point_estimate":961249.7450024697,"standard_error":35444.87241471551},"median":{"confidence_interval":{"confidence_level":0.95,"lower_bound":905234.0502450981,"upper_bound":912952.0674603174},"point_estimate":907972.5825066138,"standard_error":1862.2534936294003},"median_abs_dev":{"confidence_interval":{"confidence_level":0.95,"lower_bound":11961.682480970974,"upper_bound":17723.929048585283},"point_estimate":15033.332495502484,"standard_error":1485.192265447478},"slope":{"confidence_interval":{"confidence_level":0.95,"lower_bound":916929.0790515504,"upper_bound":1075064.4928317554},"point_estimate":971356.8541746712,"standard_error":44224.08314089133},"std_dev":{"confidence_interval":{"confidence_level":0.95,"lower_bound":14098.218561696614,"upper_bound":562298.9462730888},"point_estimate":357244.2561513109,"standard_error":150171.31959792788}}