{"mean":{"confidence_interval":{"confidence_level":0.95,"lower_bound":1180.730615315822,"upper_bound":1182.9649195103832},"point_estimate":1181.5752330123757,"standard_error":0.6073030646834485},"median":{"confidence_interval":{"confidence_level":0.95,"lower_bound":1180.109556817344,"upper_bound":1180.7936978863681},"point_estimate":1180.3462513857332,"standard_error":0.20612871997176194},"median_abs_dev":{"confidence_interval":{"confidence_level":0.95,"lower_bound":0.5957453805538673,"upper_bound":1.293678642804383},"point_estimate":0.8498646862303113,"standard_error":0.17849417092756245},"slope":{"confidence_interval":{"confidence_level":0.95,"lower_bound":1180.7084944750018,"upper_bound":1181.4496171526291},"point_estimate":1181.0576013917248,"standard_error":0.18868647825190035},"std_dev":{"confidence_interval":{"confidence_level":0.95,"lower_bound":1.3637614463418721,"upper_bound":10.173818585674319},"point_estimate":6.095749390518559,"standard_error":2.9403149616923567}}