{"mean":{"confidence_interval":{"confidence_level":0.95,"lower_bound":39578.36877164071,"upper_bound":39651.025184304504},"point_estimate":39605.76232204479,"standard_error":19.88196384121451},"median":{"confidence_interval":{"confidence_level":0.95,"lower_bound":39560.48976034858,"upper_bound":39576.35467006668},"point_estimate":39567.6628260991,"standard_error":4.132335663805857},"median_abs_dev":{"confidence_interval":{"confidence_level":0.95,"lower_bound":19.846197467776634,"upper_bound":38.71807269920656},"point_estimate":26.572560165757107,"standard_error":4.833725971566709},"slope":{"confidence_interval":{"confidence_level":0.95,"lower_bound":39577.18431366912,"upper_bound":39615.95359686634},"point_estimate":39594.93375915994,"standard_error":10.005781261974276},"std_dev":{"confidence_interval":{"confidence_level":0.95,"lower_bound":44.23679776115699,"upper_bound":333.70362588849656},"point_estimate":199.63577139538842,"standard_error":98.11118792200826}}