{"mean":{"confidence_interval":{"confidence_level":0.95,"lower_bound":104611191.98924999,"upper_bound":104761885.0505},"point_estimate":104683662.62,"standard_error":38409.754104151056},"median":{"confidence_interval":{"confidence_level":0.95,"lower_bound":104471067.0,"upper_bound":104615447.0},"point_estimate":104505729.5,"standard_error":35758.447947807625},"median_abs_dev":{"confidence_interval":{"confidence_level":0.95,"lower_bound":141866.58150136474,"upper_bound":357496.3664531708},"point_estimate":209308.2751840353,"standard_error":57962.3936249184},"slope":null,"std_dev":{"confidence_interval":{"confidence_level":0.95,"lower_bound":310802.2993032269,"upper_bound":454972.4874326542},"point_estimate":386452.7928367564,"standard_error":36975.48482977277}}