{"mean":{"confidence_interval":{"confidence_level":0.95,"lower_bound":2210050.2405957812,"upper_bound":2219332.05439358},"point_estimate":2214375.9603766836,"standard_error":2388.0236457899737},"median":{"confidence_interval":{"confidence_level":0.95,"lower_bound":2205539.506024096,"upper_bound":2208472.04},"point_estimate":2206983.906951744,"standard_error":641.9311205873578},"median_abs_dev":{"confidence_interval":{"confidence_level":0.95,"lower_bound":4327.380321855644,"upper_bound":7603.9159319553},"point_estimate":5707.9097667486485,"standard_error":838.8777425405317},"slope":{"confidence_interval":{"confidence_level":0.95,"lower_bound":2209094.822213262,"upper_bound":2223670.7599514723},"point_estimate":2215904.1865169206,"standard_error":3733.46369345822},"std_dev":{"confidence_interval":{"confidence_level":0.95,"lower_bound":15980.93187001191,"upper_bound":30205.4587497864},"point_estimate":23929.8843716575,"standard_error":3636.896546635169}}