{"mean":{"confidence_interval":{"confidence_level":0.95,"lower_bound":5717.035887898229,"upper_bound":5736.22233696127},"point_estimate":5724.898992114342,"standard_error":5.007667026712501},"median":{"confidence_interval":{"confidence_level":0.95,"lower_bound":5713.601475853638,"upper_bound":5720.676112712135},"point_estimate":5717.46180858146,"standard_error":1.8734396574669163},"median_abs_dev":{"confidence_interval":{"confidence_level":0.95,"lower_bound":11.362453722463977,"upper_bound":16.513398032879255},"point_estimate":14.888025236283951,"standard_error":1.3166235122845023},"slope":{"confidence_interval":{"confidence_level":0.95,"lower_bound":5714.221174110407,"upper_bound":5722.988007807569},"point_estimate":5718.191416447594,"standard_error":2.2383882206715024},"std_dev":{"confidence_interval":{"confidence_level":0.95,"lower_bound":13.379281171644715,"upper_bound":80.34493959282847},"point_estimate":50.151940649247464,"standard_error":19.05676792663758}}