{"mean":{"confidence_interval":{"confidence_level":0.95,"lower_bound":73351088.26099999,"upper_bound":73483815.718},"point_estimate":73413454.365,"standard_error":33936.10367271132},"median":{"confidence_interval":{"confidence_level":0.95,"lower_bound":73262440.5,"upper_bound":73379099.0},"point_estimate":73319307.75,"standard_error":29812.354790558733},"median_abs_dev":{"confidence_interval":{"confidence_level":0.95,"lower_bound":148099.8765707016,"upper_bound":254415.758544467},"point_estimate":200579.0971890092,"standard_error":26417.92802608656},"slope":null,"std_dev":{"confidence_interval":{"confidence_level":0.95,"lower_bound":227611.08550268505,"upper_bound":441423.4486821143},"point_estimate":340220.20575913356,"standard_error":54779.72769082278}}