{"mean":{"confidence_interval":{"confidence_level":0.95,"lower_bound":6491868.130859375,"upper_bound":6500211.775953125},"point_estimate":6495918.16125,"standard_error":2133.9784722527306},"median":{"confidence_interval":{"confidence_level":0.95,"lower_bound":6484378.0625,"upper_bound":6492589.0625},"point_estimate":6486726.625,"standard_error":2107.165480350007},"median_abs_dev":{"confidence_interval":{"confidence_level":0.95,"lower_bound":9015.968427434564,"upper_bound":19254.43319566548},"point_estimate":12666.639206372201,"standard_error":2466.8324359571384},"slope":null,"std_dev":{"confidence_interval":{"confidence_level":0.95,"lower_bound":17301.842711302495,"upper_bound":25110.775538514717},"point_estimate":21546.321105973493,"standard_error":1993.695150218364}}