{"mean":{"confidence_interval":{"confidence_level":0.95,"lower_bound":6567148.89290625,"upper_bound":6572360.065234375},"point_estimate":6569496.82,"standard_error":1334.2088604562625},"median":{"confidence_interval":{"confidence_level":0.95,"lower_bound":6564996.5,"upper_bound":6567151.71875},"point_estimate":6565987.8125,"standard_error":552.8024444272},"median_abs_dev":{"confidence_interval":{"confidence_level":0.95,"lower_bound":3849.895150400698,"upper_bound":6466.094538797622},"point_estimate":4894.711150601506,"standard_error":664.5427071388265},"slope":null,"std_dev":{"confidence_interval":{"confidence_level":0.95,"lower_bound":7725.019738990231,"upper_bound":19221.619711348387},"point_estimate":13403.367696659054,"standard_error":3230.3840485671403}}