{"mean":{"confidence_interval":{"confidence_level":0.95,"lower_bound":6590324.27721875,"upper_bound":6595555.66340625},"point_estimate":6592846.33875,"standard_error":1341.115657728234},"median":{"confidence_interval":{"confidence_level":0.95,"lower_bound":6586712.875,"upper_bound":6590528.84375},"point_estimate":6588020.03125,"standard_error":916.8502802278831},"median_abs_dev":{"confidence_interval":{"confidence_level":0.95,"lower_bound":5749.198379181325,"upper_bound":10328.470169445493},"point_estimate":8044.3094696849585,"standard_error":1112.295004350562},"slope":null,"std_dev":{"confidence_interval":{"confidence_level":0.95,"lower_bound":10654.31061426891,"upper_bound":15805.675578109775},"point_estimate":13438.491323452916,"standard_error":1314.361059979104}}