{"mean":{"confidence_interval":{"confidence_level":0.95,"lower_bound":12375.927819460108,"upper_bound":12390.776072706585},"point_estimate":12382.932598534437,"standard_error":3.799878434904846},"median":{"confidence_interval":{"confidence_level":0.95,"lower_bound":12364.313611111113,"upper_bound":12370.141431451613},"point_estimate":12367.087362557872,"standard_error":1.5191150560685782},"median_abs_dev":{"confidence_interval":{"confidence_level":0.95,"lower_bound":7.580283892466157,"upper_bound":16.539935282227937},"point_estimate":11.48584075583835,"standard_error":2.324822559176467},"slope":{"confidence_interval":{"confidence_level":0.95,"lower_bound":12370.886406800375,"upper_bound":12381.297731821083},"point_estimate":12375.780851355845,"standard_error":2.658963931358819},"std_dev":{"confidence_interval":{"confidence_level":0.95,"lower_bound":27.384462086528053,"upper_bound":47.096853246346164},"point_estimate":38.1228102918895,"standard_error":5.065011093229427}}