{"mean":{"confidence_interval":{"confidence_level":0.95,"lower_bound":751240.7916000675,"upper_bound":883357.3271187919},"point_estimate":804339.8507914533,"standard_error":35921.378359852555},"median":{"confidence_interval":{"confidence_level":0.95,"lower_bound":746519.0481481482,"upper_bound":751755.4659090909},"point_estimate":747699.211489899,"standard_error":1462.4675101176433},"median_abs_dev":{"confidence_interval":{"confidence_level":0.95,"lower_bound":5507.025949778317,"upper_bound":10113.939971501508},"point_estimate":7833.710844147794,"standard_error":1139.5811328407005},"slope":{"confidence_interval":{"confidence_level":0.95,"lower_bound":750664.8482738882,"upper_bound":910600.2318776606},"point_estimate":806822.0238244422,"standard_error":44578.53202142746},"std_dev":{"confidence_interval":{"confidence_level":0.95,"lower_bound":15650.533090675199,"upper_bound":566965.4275694701},"point_estimate":360526.39467068075,"standard_error":150643.8814170862}}