{"mean":{"confidence_interval":{"confidence_level":0.95,"lower_bound":22192349.636799995,"upper_bound":22232603.28045001},"point_estimate":22210921.796000008,"standard_error":10253.898531720184},"median":{"confidence_interval":{"confidence_level":0.95,"lower_bound":22181055.0,"upper_bound":22223521.4},"point_estimate":22200359.0,"standard_error":10749.699009476146},"median_abs_dev":{"confidence_interval":{"confidence_level":0.95,"lower_bound":52597.26893470969,"upper_bound":95488.92694473598},"point_estimate":69944.02591824476,"standard_error":11122.253684585266},"slope":null,"std_dev":{"confidence_interval":{"confidence_level":0.95,"lower_bound":66996.49002697287,"upper_bound":145006.00777814517},"point_estimate":102754.87895857535,"standard_error":22884.875087475815}}