{"mean":{"confidence_interval":{"confidence_level":0.95,"lower_bound":7221142.016232144,"upper_bound":7230996.862839283},"point_estimate":7226036.656428572,"standard_error":2513.7521995552947},"median":{"confidence_interval":{"confidence_level":0.95,"lower_bound":7218167.785714285,"upper_bound":7228737.0},"point_estimate":7219928.071428571,"standard_error":2950.604074755465},"median_abs_dev":{"confidence_interval":{"confidence_level":0.95,"lower_bound":17498.33323934357,"upper_bound":28770.023252978815},"point_estimate":25685.620943988775,"standard_error":2905.8606404217808},"slope":null,"std_dev":{"confidence_interval":{"confidence_level":0.95,"lower_bound":21565.836991970442,"upper_bound":28486.32873241699},"point_estimate":25243.92998826231,"standard_error":1764.1030684910777}}