{"mean":{"confidence_interval":{"confidence_level":0.95,"lower_bound":4169.3233299824815,"upper_bound":4181.274226729605},"point_estimate":4174.192143533989,"standard_error":3.1268680799922093},"median":{"confidence_interval":{"confidence_level":0.95,"lower_bound":4167.162821357943,"upper_bound":4168.613242613243},"point_estimate":4167.603799441009,"standard_error":0.342674704698766},"median_abs_dev":{"confidence_interval":{"confidence_level":0.95,"lower_bound":1.7705670312326838,"upper_bound":3.5793500643317335},"point_estimate":2.5066431028349476,"standard_error":0.4417841182554075},"slope":{"confidence_interval":{"confidence_level":0.95,"lower_bound":4169.214666912668,"upper_bound":4172.241883720527},"point_estimate":4170.6484436548035,"standard_error":0.7736228662227023},"std_dev":{"confidence_interval":{"confidence_level":0.95,"lower_bound":5.243800264406181,"upper_bound":50.637408342876256},"point_estimate":31.40196142581459,"standard_error":12.290782920159605}}