{"mean":{"confidence_interval":{"confidence_level":0.95,"lower_bound":31638833.2133125,"upper_bound":31661050.315562498},"point_estimate":31649703.075,"standard_error":5649.514865541264},"median":{"confidence_interval":{"confidence_level":0.95,"lower_bound":31625460.25,"upper_bound":31659227.75},"point_estimate":31642145.5,"standard_error":8365.196443512063},"median_abs_dev":{"confidence_interval":{"confidence_level":0.95,"lower_bound":44751.538905501366,"upper_bound":68391.41016080976},"point_estimate":58225.40746629238,"standard_error":6009.7019955303385},"slope":null,"std_dev":{"confidence_interval":{"confidence_level":0.95,"lower_bound":47477.72337099915,"upper_bound":65583.8732688868},"point_estimate":56942.62922553534,"standard_error":4622.285177571054}}