{"mean":{"confidence_interval":{"confidence_level":0.95,"lower_bound":8590348.913124999,"upper_bound":8598035.66445833},"point_estimate":8594035.28333333,"standard_error":1965.2754979665622},"median":{"confidence_interval":{"confidence_level":0.95,"lower_bound":8585332.0,"upper_bound":8589716.333333334},"point_estimate":8587298.916666668,"standard_error":1079.732191458417},"median_abs_dev":{"confidence_interval":{"confidence_level":0.95,"lower_bound":8088.308712656463,"upper_bound":14951.409162060323},"point_estimate":11557.237444820781,"standard_error":1896.5615287795406},"slope":null,"std_dev":{"confidence_interval":{"confidence_level":0.95,"lower_bound":15296.208636338484,"upper_bound":23521.082019411606},"point_estimate":19773.652412812058,"standard_error":2101.549054134788}}