{"mean":{"confidence_interval":{"confidence_level":0.95,"lower_bound":78141.0709893239,"upper_bound":78322.81061053039},"point_estimate":78232.55923249882,"standard_error":46.45659508203103},"median":{"confidence_interval":{"confidence_level":0.95,"lower_bound":78188.97485207101,"upper_bound":78327.02797202797},"point_estimate":78257.44910113528,"standard_error":35.178802030544894},"median_abs_dev":{"confidence_interval":{"confidence_level":0.95,"lower_bound":255.9041517075513,"upper_bound":430.015608968256},"point_estimate":372.20742034071907,"standard_error":46.56047323563679},"slope":{"confidence_interval":{"confidence_level":0.95,"lower_bound":78150.01015636248,"upper_bound":78332.38629801138},"point_estimate":78241.77175239568,"standard_error":46.329370193388264},"std_dev":{"confidence_interval":{"confidence_level":0.95,"lower_bound":368.2336435629249,"upper_bound":558.04173932595},"point_estimate":467.04252917133374,"standard_error":48.59540695819598}}