{"mean":{"confidence_interval":{"confidence_level":0.95,"lower_bound":234641.87937099618,"upper_bound":235031.38971931543},"point_estimate":234795.61732671605,"standard_error":103.00151927056469},"median":{"confidence_interval":{"confidence_level":0.95,"lower_bound":234522.68475452196,"upper_bound":234591.92592592593},"point_estimate":234543.39555814557,"standard_error":20.28066617106442},"median_abs_dev":{"confidence_interval":{"confidence_level":0.95,"lower_bound":102.13538382725717,"upper_bound":203.37611903893716},"point_estimate":132.39549001621083,"standard_error":26.334894335702263},"slope":{"confidence_interval":{"confidence_level":0.95,"lower_bound":234593.07092909788,"upper_bound":234766.5891368711},"point_estimate":234672.48206295256,"standard_error":44.394916764766144},"std_dev":{"confidence_interval":{"confidence_level":0.95,"lower_bound":303.8194385986905,"upper_bound":1688.9663794878427},"point_estimate":1033.9359918761395,"standard_error":445.75586940042376}}