{"mean":{"confidence_interval":{"confidence_level":0.95,"lower_bound":570115.2813913823,"upper_bound":571228.559935974},"point_estimate":570648.8344420816,"standard_error":284.6222785257109},"median":{"confidence_interval":{"confidence_level":0.95,"lower_bound":569524.747016524,"upper_bound":570339.7583333333},"point_estimate":570020.8967391304,"standard_error":219.97779296983944},"median_abs_dev":{"confidence_interval":{"confidence_level":0.95,"lower_bound":1287.6562542216363,"upper_bound":2147.001265216379},"point_estimate":1814.0920039346695,"standard_error":215.64719735279567},"slope":{"confidence_interval":{"confidence_level":0.95,"lower_bound":569642.3198573943,"upper_bound":570541.9816285883},"point_estimate":570076.8779621694,"standard_error":230.22643585423899},"std_dev":{"confidence_interval":{"confidence_level":0.95,"lower_bound":2137.595158384828,"upper_bound":3507.166133078581},"point_estimate":2866.014990012096,"standard_error":350.36192068326346}}