{"mean":{"confidence_interval":{"confidence_level":0.95,"lower_bound":450114.8375640166,"upper_bound":452537.92268089624},"point_estimate":451272.8332704632,"standard_error":619.7558941106843},"median":{"confidence_interval":{"confidence_level":0.95,"lower_bound":449119.75,"upper_bound":450241.5460992908},"point_estimate":449636.65370370366,"standard_error":332.66947758748887},"median_abs_dev":{"confidence_interval":{"confidence_level":0.95,"lower_bound":2267.253961013376,"upper_bound":3867.0459694507967},"point_estimate":3278.7777309179955,"standard_error":392.56403134610315},"slope":{"confidence_interval":{"confidence_level":0.95,"lower_bound":451086.6481553564,"upper_bound":455525.7803494141},"point_estimate":453252.8561785134,"standard_error":1134.6007958339171},"std_dev":{"confidence_interval":{"confidence_level":0.95,"lower_bound":4518.551597301306,"upper_bound":7589.476760810071},"point_estimate":6234.170001511618,"standard_error":783.1246235759971}}