{"mean":{"confidence_interval":{"confidence_level":0.95,"lower_bound":250618026.0635,"upper_bound":251692690.55275},"point_estimate":251131447.91,"standard_error":273801.8314220062},"median":{"confidence_interval":{"confidence_level":0.95,"lower_bound":250441078.5,"upper_bound":251401301.0},"point_estimate":250915122.5,"standard_error":237850.31691755852},"median_abs_dev":{"confidence_interval":{"confidence_level":0.95,"lower_bound":1646916.5287613869,"upper_bound":3000073.8492630413},"point_estimate":2220815.411272645,"standard_error":342996.7616279032},"slope":null,"std_dev":{"confidence_interval":{"confidence_level":0.95,"lower_bound":2020563.0133354818,"upper_bound":3560676.5722498163},"point_estimate":2750771.6205415763,"standard_error":411544.48308017536}}