{"mean":{"confidence_interval":{"confidence_level":0.95,"lower_bound":330244616.49375004,"upper_bound":331525238.0345},"point_estimate":330863156.44,"standard_error":326923.6156256123},"median":{"confidence_interval":{"confidence_level":0.95,"lower_bound":329435915.0,"upper_bound":330561904.5},"point_estimate":329922384.0,"standard_error":285788.78831287264},"median_abs_dev":{"confidence_interval":{"confidence_level":0.95,"lower_bound":1941226.7082363379,"upper_bound":3362479.660204053},"point_estimate":2659816.2286788225,"standard_error":362266.42962193856},"slope":null,"std_dev":{"confidence_interval":{"confidence_level":0.95,"lower_bound":2664321.1185711226,"upper_bound":3840806.4949487885},"point_estimate":3292961.174982415,"standard_error":300183.59012804995}}