{"mean":{"confidence_interval":{"confidence_level":0.95,"lower_bound":4299722.093822916,"upper_bound":4308950.384999999},"point_estimate":4303996.831666666,"standard_error":2356.0334455117077},"median":{"confidence_interval":{"confidence_level":0.95,"lower_bound":4294859.375,"upper_bound":4304718.770833334},"point_estimate":4299630.208333333,"standard_error":2346.404108688997},"median_abs_dev":{"confidence_interval":{"confidence_level":0.95,"lower_bound":13035.69849356963,"upper_bound":21054.896426200405},"point_estimate":17293.725617974535,"standard_error":2028.0782007540472},"slope":null,"std_dev":{"confidence_interval":{"confidence_level":0.95,"lower_bound":14964.126768322125,"upper_bound":32184.804600832333},"point_estimate":23693.481288149796,"standard_error":4520.5110379054895}}