{"mean":{"confidence_interval":{"confidence_level":0.95,"lower_bound":10811458.165899996,"upper_bound":10828338.614474999},"point_estimate":10819917.091999998,"standard_error":4309.420513111722},"median":{"confidence_interval":{"confidence_level":0.95,"lower_bound":10809559.350000001,"upper_bound":10826881.75},"point_estimate":10817152.1,"standard_error":4543.993415691587},"median_abs_dev":{"confidence_interval":{"confidence_level":0.95,"lower_bound":30253.697846886273,"upper_bound":50798.915938139515},"point_estimate":43812.8307321676,"standard_error":5255.792434680091},"slope":null,"std_dev":{"confidence_interval":{"confidence_level":0.95,"lower_bound":36064.719013561524,"upper_bound":50141.232935106076},"point_estimate":43331.112657357226,"standard_error":3601.6111432453677}}