{"mean":{"confidence_interval":{"confidence_level":0.95,"lower_bound":129044.87119709858,"upper_bound":129600.6616176673},"point_estimate":129265.15458398667,"standard_error":147.35481538786487},"median":{"confidence_interval":{"confidence_level":0.95,"lower_bound":128902.857421875,"upper_bound":129069.05523255814},"point_estimate":129003.78683035714,"standard_error":42.85861453546163},"median_abs_dev":{"confidence_interval":{"confidence_level":0.95,"lower_bound":214.64595840518783,"upper_bound":401.0867455677546},"point_estimate":304.4512427199149,"standard_error":48.1019776382673},"slope":{"confidence_interval":{"confidence_level":0.95,"lower_bound":129063.63077157171,"upper_bound":129368.3379743965},"point_estimate":129208.5530700458,"standard_error":78.09321485088955},"std_dev":{"confidence_interval":{"confidence_level":0.95,"lower_bound":436.95341338297385,"upper_bound":2429.9964565075243},"point_estimate":1485.0110580005817,"standard_error":646.3816679741825}}