{"mean":{"confidence_interval":{"confidence_level":0.95,"lower_bound":85673.62923838035,"upper_bound":85906.32395251257},"point_estimate":85760.92230098849,"standard_error":64.67940526976248},"median":{"confidence_interval":{"confidence_level":0.95,"lower_bound":85619.298125,"upper_bound":85681.6393678161},"point_estimate":85648.41214115234,"standard_error":16.477870352303572},"median_abs_dev":{"confidence_interval":{"confidence_level":0.95,"lower_bound":74.25992980103649,"upper_bound":144.86289929705012},"point_estimate":103.65252280265831,"standard_error":17.86594254526519},"slope":{"confidence_interval":{"confidence_level":0.95,"lower_bound":85660.58996523045,"upper_bound":85715.10105490674},"point_estimate":85686.51477193242,"standard_error":13.826528143297248},"std_dev":{"confidence_interval":{"confidence_level":0.95,"lower_bound":134.07186502310913,"upper_bound":1100.5284544990047},"point_estimate":654.5404459626631,"standard_error":332.34852211443956}}