{"mean":{"confidence_interval":{"confidence_level":0.95,"lower_bound":812372425.6895,"upper_bound":814724953.6295},"point_estimate":813487073.86,"standard_error":600475.6562529383},"median":{"confidence_interval":{"confidence_level":0.95,"lower_bound":811114099.0,"upper_bound":813875069.0},"point_estimate":812753494.5,"standard_error":692828.0674679176},"median_abs_dev":{"confidence_interval":{"confidence_level":0.95,"lower_bound":2286815.573000908,"upper_bound":4995684.363108873},"point_estimate":3217190.051883459,"standard_error":685360.3465369759},"slope":null,"std_dev":{"confidence_interval":{"confidence_level":0.95,"lower_bound":2970065.4294277364,"upper_bound":5618174.659145888},"point_estimate":4289129.084070812,"standard_error":706085.9220975306}}