{"mean":{"confidence_interval":{"confidence_level":0.95,"lower_bound":795193329.23,"upper_bound":796228706.5615},"point_estimate":795669757.0,"standard_error":264107.3491440688},"median":{"confidence_interval":{"confidence_level":0.95,"lower_bound":794976494.0,"upper_bound":795658584.0},"point_estimate":795207481.0,"standard_error":215443.35923928715},"median_abs_dev":{"confidence_interval":{"confidence_level":0.95,"lower_bound":668267.4086558823,"upper_bound":1355010.3851437569},"point_estimate":951298.4123110771,"standard_error":171304.02417255874},"slope":null,"std_dev":{"confidence_interval":{"confidence_level":0.95,"lower_bound":1120455.591599593,"upper_bound":2590535.664861734},"point_estimate":1889398.4490287604,"standard_error":387850.9943209381}}