{"mean":{"confidence_interval":{"confidence_level":0.95,"lower_bound":28620010.4356875,"upper_bound":28659383.5464375},"point_estimate":28639207.7575,"standard_error":10080.247957535841},"median":{"confidence_interval":{"confidence_level":0.95,"lower_bound":28595293.0,"upper_bound":28627764.5},"point_estimate":28610781.375,"standard_error":7650.0769116236825},"median_abs_dev":{"confidence_interval":{"confidence_level":0.95,"lower_bound":55544.49606388807,"upper_bound":93638.96649632594},"point_estimate":74840.5347213149,"standard_error":9682.791050493322},"slope":null,"std_dev":{"confidence_interval":{"confidence_level":0.95,"lower_bound":82825.864009506,"upper_bound":116291.50324965244},"point_estimate":101093.44252730759,"standard_error":8570.559994040106}}