{"mean":{"confidence_interval":{"confidence_level":0.95,"lower_bound":26618074.186625,"upper_bound":26644331.43425},"point_estimate":26630813.4625,"standard_error":6703.548705683927},"median":{"confidence_interval":{"confidence_level":0.95,"lower_bound":26600504.25,"upper_bound":26620134.75},"point_estimate":26608454.125,"standard_error":4904.970007707451},"median_abs_dev":{"confidence_interval":{"confidence_level":0.95,"lower_bound":39216.066578775644,"upper_bound":66412.84343093631},"point_estimate":51286.654264479876,"standard_error":6497.519258423028},"slope":null,"std_dev":{"confidence_interval":{"confidence_level":0.95,"lower_bound":55543.28183205057,"upper_bound":77759.82220412705},"point_estimate":67430.09072358106,"standard_error":5671.294724083223}}