{"mean":{"confidence_interval":{"confidence_level":0.95,"lower_bound":52077.85531573658,"upper_bound":52260.66526550514},"point_estimate":52150.32076721293,"standard_error":48.43696707896159},"median":{"confidence_interval":{"confidence_level":0.95,"lower_bound":52020.043123543124,"upper_bound":52100.167277167275},"point_estimate":52068.87471785974,"standard_error":18.5651143151336},"median_abs_dev":{"confidence_interval":{"confidence_level":0.95,"lower_bound":101.6384735801706,"upper_bound":166.46981351515788},"point_estimate":131.04184695714812,"standard_error":16.426271330530174},"slope":{"confidence_interval":{"confidence_level":0.95,"lower_bound":52055.685161644426,"upper_bound":52159.610164986036},"point_estimate":52102.46851765544,"standard_error":26.719836190979358},"std_dev":{"confidence_interval":{"confidence_level":0.95,"lower_bound":147.59793208049496,"upper_bound":797.3338612783814},"point_estimate":487.66437947320225,"standard_error":211.95772402045466}}