{"mean":{"confidence_interval":{"confidence_level":0.95,"lower_bound":62760.15150762654,"upper_bound":62874.616974077886},"point_estimate":62813.13071488046,"standard_error":29.295443417350334},"median":{"confidence_interval":{"confidence_level":0.95,"lower_bound":62685.14012096774,"upper_bound":62771.394570707074},"point_estimate":62718.716198979586,"standard_error":19.834197192826224},"median_abs_dev":{"confidence_interval":{"confidence_level":0.95,"lower_bound":95.9474984768795,"upper_bound":190.3781494135909},"point_estimate":139.92340281551415,"standard_error":22.847598009133645},"slope":{"confidence_interval":{"confidence_level":0.95,"lower_bound":62750.707682488304,"upper_bound":62826.07183823115},"point_estimate":62787.08119744717,"standard_error":19.19952608036477},"std_dev":{"confidence_interval":{"confidence_level":0.95,"lower_bound":174.80649264390257,"upper_bound":393.1803136651258},"point_estimate":294.53357986058626,"standard_error":54.94726187161401}}