{"mean":{"confidence_interval":{"confidence_level":0.95,"lower_bound":373894636.03249997,"upper_bound":375894954.082},"point_estimate":374881780.63,"standard_error":508321.48297427554},"median":{"confidence_interval":{"confidence_level":0.95,"lower_bound":372579868.0,"upper_bound":375872166.0},"point_estimate":374521842.0,"standard_error":821048.1798127742},"median_abs_dev":{"confidence_interval":{"confidence_level":0.95,"lower_bound":3977001.7819941044,"upper_bound":6412909.832248092},"point_estimate":5070633.49827826,"standard_error":621838.7071938964},"slope":null,"std_dev":{"confidence_interval":{"confidence_level":0.95,"lower_bound":4397904.121281879,"upper_bound":5706909.647487105},"point_estimate":5095229.325329943,"standard_error":333334.61735540867}}