{"mean":{"confidence_interval":{"confidence_level":0.95,"lower_bound":1272034.1207619593,"upper_bound":1275253.4323164222},"point_estimate":1273505.5753941243,"standard_error":824.8564612680723},"median":{"confidence_interval":{"confidence_level":0.95,"lower_bound":1270639.5714285714,"upper_bound":1272483.6721311475},"point_estimate":1271289.1914663462,"standard_error":539.6499641212223},"median_abs_dev":{"confidence_interval":{"confidence_level":0.95,"lower_bound":3596.524949970979,"upper_bound":6069.835070431301},"point_estimate":4799.106318626381,"standard_error":602.0593794798601},"slope":{"confidence_interval":{"confidence_level":0.95,"lower_bound":1270571.2425000586,"upper_bound":1272480.7747874865},"point_estimate":1271498.985504655,"standard_error":487.63379233685635},"std_dev":{"confidence_interval":{"confidence_level":0.95,"lower_bound":5053.438020010049,"upper_bound":11643.03367763569},"point_estimate":8278.0735817373,"standard_error":1782.4054187758197}}