{"mean":{"confidence_interval":{"confidence_level":0.95,"lower_bound":20563746.477450006,"upper_bound":20602197.6302},"point_estimate":20582802.808,"standard_error":9811.329448142425},"median":{"confidence_interval":{"confidence_level":0.95,"lower_bound":20553844.2,"upper_bound":20606758.2},"point_estimate":20577716.5,"standard_error":13747.532806109768},"median_abs_dev":{"confidence_interval":{"confidence_level":0.95,"lower_bound":76788.15217673557,"upper_bound":126379.34217631155},"point_estimate":99720.56378960554,"standard_error":12673.04810793377},"slope":null,"std_dev":{"confidence_interval":{"confidence_level":0.95,"lower_bound":84676.23537854291,"upper_bound":110705.09555084223},"point_estimate":98274.4491570742,"standard_error":6637.384610431684}}