{"mean":{"confidence_interval":{"confidence_level":0.95,"lower_bound":21087381.096800003,"upper_bound":21136432.724600017},"point_estimate":21111353.96,"standard_error":12504.452147495611},"median":{"confidence_interval":{"confidence_level":0.95,"lower_bound":21063012.8,"upper_bound":21145767.8},"point_estimate":21094894.299999997,"standard_error":21122.219747148276},"median_abs_dev":{"confidence_interval":{"confidence_level":0.95,"lower_bound":100140.7326221466,"upper_bound":148566.30252241757},"point_estimate":126068.29270184095,"standard_error":12162.488507952463},"slope":null,"std_dev":{"confidence_interval":{"confidence_level":0.95,"lower_bound":104157.72206159902,"upper_bound":147163.91697944366},"point_estimate":125596.31716621126,"standard_error":11041.940307408951}}