{"mean":{"confidence_interval":{"confidence_level":0.95,"lower_bound":2221692600.2145,"upper_bound":2228905896.96925},"point_estimate":2225268696.15,"standard_error":1838965.1234279347},"median":{"confidence_interval":{"confidence_level":0.95,"lower_bound":2217138672.0,"upper_bound":2230706702.5},"point_estimate":2225720005.0,"standard_error":3684435.6340017305},"median_abs_dev":{"confidence_interval":{"confidence_level":0.95,"lower_bound":16394461.522740126,"upper_bound":24045137.73421347},"point_estimate":20215116.46580994,"standard_error":1904934.0000315986},"slope":null,"std_dev":{"confidence_interval":{"confidence_level":0.95,"lower_bound":15903753.281592775,"upper_bound":20792557.069431458},"point_estimate":18456354.379886407,"standard_error":1259857.6846236703}}