{"mean":{"confidence_interval":{"confidence_level":0.95,"lower_bound":5229365.760125003,"upper_bound":5755401.659600001},"point_estimate":5424256.044000003,"standard_error":146775.379278758},"median":{"confidence_interval":{"confidence_level":0.95,"lower_bound":5134953.1,"upper_bound":5150745.5},"point_estimate":5141519.95,"standard_error":4038.5351137582757},"median_abs_dev":{"confidence_interval":{"confidence_level":0.95,"lower_bound":25127.030223906317,"upper_bound":52762.248953283386},"point_estimate":36143.04454833255,"standard_error":7219.056736644224},"slope":null,"std_dev":{"confidence_interval":{"confidence_level":0.95,"lower_bound":291724.3814729649,"upper_bound":2485580.6093265256},"point_estimate":1477845.606012019,"standard_error":757826.239305367}}