{"mean":{"confidence_interval":{"confidence_level":0.95,"lower_bound":52677.42875980525,"upper_bound":52713.93721197843},"point_estimate":52694.80898830866,"standard_error":9.34539989467404},"median":{"confidence_interval":{"confidence_level":0.95,"lower_bound":52642.82911825017,"upper_bound":52680.184651984106},"point_estimate":52660.723864455664,"standard_error":8.64552975584716},"median_abs_dev":{"confidence_interval":{"confidence_level":0.95,"lower_bound":28.237737836170332,"upper_bound":66.99329595474568},"point_estimate":48.344961138610074,"standard_error":9.364278570120032},"slope":{"confidence_interval":{"confidence_level":0.95,"lower_bound":52665.59050818317,"upper_bound":52702.97421811644},"point_estimate":52683.07906450032,"standard_error":9.539345322198223},"std_dev":{"confidence_interval":{"confidence_level":0.95,"lower_bound":70.69204977819777,"upper_bound":114.55163453481421},"point_estimate":93.924387311534,"standard_error":11.211247711114831}}