{"mean":{"confidence_interval":{"confidence_level":0.95,"lower_bound":102977258.891,"upper_bound":103085667.73075},"point_estimate":103028073.28,"standard_error":27692.088967394826},"median":{"confidence_interval":{"confidence_level":0.95,"lower_bound":102905521.0,"upper_bound":102965562.0},"point_estimate":102928280.5,"standard_error":16481.06398240191},"median_abs_dev":{"confidence_interval":{"confidence_level":0.95,"lower_bound":80561.79535724227,"upper_bound":149804.86654043198},"point_estimate":108633.06527137756,"standard_error":17745.843078258695},"slope":null,"std_dev":{"confidence_interval":{"confidence_level":0.95,"lower_bound":190333.49460217924,"upper_bound":357092.3982918038},"point_estimate":278091.22626762587,"standard_error":42686.95788378525}}