{"mean":{"confidence_interval":{"confidence_level":0.95,"lower_bound":102798404.86625001,"upper_bound":102942428.68375},"point_estimate":102866281.97,"standard_error":36630.971708567304},"median":{"confidence_interval":{"confidence_level":0.95,"lower_bound":102677332.0,"upper_bound":102728469.0},"point_estimate":102707772.0,"standard_error":12432.596379519655},"median_abs_dev":{"confidence_interval":{"confidence_level":0.95,"lower_bound":69886.05625927448,"upper_bound":149976.8481373787},"point_estimate":107400.28339326382,"standard_error":20009.88040073484},"slope":null,"std_dev":{"confidence_interval":{"confidence_level":0.95,"lower_bound":268404.6965558882,"upper_bound":468468.62627871445},"point_estimate":367563.4740612688,"standard_error":52277.60919156964}}