{"mean":{"confidence_interval":{"confidence_level":0.95,"lower_bound":87041.92429836582,"upper_bound":87319.7200268523},"point_estimate":87162.74066984632,"standard_error":71.63887794016331},"median":{"confidence_interval":{"confidence_level":0.95,"lower_bound":86938.26397515528,"upper_bound":86994.00604838709},"point_estimate":86963.0703050043,"standard_error":16.63082301117751},"median_abs_dev":{"confidence_interval":{"confidence_level":0.95,"lower_bound":82.57693164827626,"upper_bound":167.7204194599207},"point_estimate":122.20303771362465,"standard_error":23.285511376194872},"slope":{"confidence_interval":{"confidence_level":0.95,"lower_bound":87006.9641938938,"upper_bound":87121.94099391198},"point_estimate":87059.17752507373,"standard_error":29.406788778937596},"std_dev":{"confidence_interval":{"confidence_level":0.95,"lower_bound":272.05322403921997,"upper_bound":1101.9833524715702},"point_estimate":721.2844470251366,"standard_error":220.95803179288842}}