{"mean":{"confidence_interval":{"confidence_level":0.95,"lower_bound":333056879.88925004,"upper_bound":334805967.278},"point_estimate":333930370.94,"standard_error":446534.7384205694},"median":{"confidence_interval":{"confidence_level":0.95,"lower_bound":332511542.0,"upper_bound":335562175.0},"point_estimate":334028505.5,"standard_error":827389.3156001265},"median_abs_dev":{"confidence_interval":{"confidence_level":0.95,"lower_bound":3654368.012621999,"upper_bound":5259577.521523833},"point_estimate":4428207.362383604,"standard_error":407012.6532107756},"slope":null,"std_dev":{"confidence_interval":{"confidence_level":0.95,"lower_bound":3747485.536520426,"upper_bound":5190989.072330563},"point_estimate":4478460.783615875,"standard_error":368914.15207647206}}