{"mean":{"confidence_interval":{"confidence_level":0.95,"lower_bound":88244309.5105,"upper_bound":88762389.69833334},"point_estimate":88513076.79333334,"standard_error":132758.98329550045},"median":{"confidence_interval":{"confidence_level":0.95,"lower_bound":88741956.33333333,"upper_bound":88984312.33333333},"point_estimate":88854434.0,"standard_error":66767.9520192808},"median_abs_dev":{"confidence_interval":{"confidence_level":0.95,"lower_bound":258958.07730256775,"upper_bound":737819.1077335958},"point_estimate":443435.7681274451,"standard_error":136037.64510478213},"slope":null,"std_dev":{"confidence_interval":{"confidence_level":0.95,"lower_bound":748826.7096901617,"upper_bound":1079896.3993040496},"point_estimate":946139.7278241423,"standard_error":84698.5728481247}}