{"mean":{"confidence_interval":{"confidence_level":0.95,"lower_bound":24359814.38740001,"upper_bound":24398649.503400005},"point_estimate":24378485.527999993,"standard_error":9923.264410091953},"median":{"confidence_interval":{"confidence_level":0.95,"lower_bound":24333829.2,"upper_bound":24354289.6},"point_estimate":24345412.6,"standard_error":5073.134282096243},"median_abs_dev":{"confidence_interval":{"confidence_level":0.95,"lower_bound":40308.335044386215,"upper_bound":72939.19662407305},"point_estimate":55584.00735318992,"standard_error":7694.714599793024},"slope":null,"std_dev":{"confidence_interval":{"confidence_level":0.95,"lower_bound":78355.46151634527,"upper_bound":117646.04948005469},"point_estimate":99741.89744477907,"standard_error":10030.447415480525}}