{"mean":{"confidence_interval":{"confidence_level":0.95,"lower_bound":18838496.434166674,"upper_bound":18859596.022375006},"point_estimate":18848595.570000008,"standard_error":5383.762056805488},"median":{"confidence_interval":{"confidence_level":0.95,"lower_bound":18826861.333333332,"upper_bound":18839328.0},"point_estimate":18834422.0,"standard_error":3253.400914759091},"median_abs_dev":{"confidence_interval":{"confidence_level":0.95,"lower_bound":24355.0404176116,"upper_bound":44258.3273142613},"point_estimate":35725.47026574612,"standard_error":5311.614145931442},"slope":null,"std_dev":{"confidence_interval":{"confidence_level":0.95,"lower_bound":40369.74714642847,"upper_bound":67152.47270989329},"point_estimate":54017.16978745127,"standard_error":6883.870640302948}}