{"mean":{"confidence_interval":{"confidence_level":0.95,"lower_bound":44143413.67433334,"upper_bound":44206224.25508332},"point_estimate":44173871.86666666,"standard_error":16056.767984757971},"median":{"confidence_interval":{"confidence_level":0.95,"lower_bound":44108551.0,"upper_bound":44188457.83333333},"point_estimate":44149355.0,"standard_error":19831.486616158254},"median_abs_dev":{"confidence_interval":{"confidence_level":0.95,"lower_bound":112733.74529607955,"upper_bound":174455.31500279903},"point_estimate":146414.16040062904,"standard_error":15920.28431466145},"slope":null,"std_dev":{"confidence_interval":{"confidence_level":0.95,"lower_bound":126719.46821411753,"upper_bound":197395.30713691114},"point_estimate":161679.4220451821,"standard_error":18334.759400248524}}