{"mean":{"confidence_interval":{"confidence_level":0.95,"lower_bound":159971.28333814838,"upper_bound":160276.1117235388},"point_estimate":160087.87607794107,"standard_error":82.58081085227484},"median":{"confidence_interval":{"confidence_level":0.95,"lower_bound":159905.47819368134,"upper_bound":159945.72596153844},"point_estimate":159916.24674149536,"standard_error":10.161016073073112},"median_abs_dev":{"confidence_interval":{"confidence_level":0.95,"lower_bound":62.11722884451928,"upper_bound":105.30689061968447},"point_estimate":80.56470212610049,"standard_error":10.761518830838543},"slope":{"confidence_interval":{"confidence_level":0.95,"lower_bound":159976.7214465933,"upper_bound":160109.07817382558},"point_estimate":160038.1840861193,"standard_error":33.808383031222306},"std_dev":{"confidence_interval":{"confidence_level":0.95,"lower_bound":178.08837107326016,"upper_bound":1384.9937098144414},"point_estimate":832.2194097207962,"standard_error":395.033521945779}}