{"mean":{"confidence_interval":{"confidence_level":0.95,"lower_bound":162367.17191161716,"upper_bound":162517.25370551946},"point_estimate":162436.41981796958,"standard_error":38.49061819821976},"median":{"confidence_interval":{"confidence_level":0.95,"lower_bound":162301.8051661618,"upper_bound":162370.82631612575},"point_estimate":162320.80849673203,"standard_error":19.33900762875983},"median_abs_dev":{"confidence_interval":{"confidence_level":0.95,"lower_bound":111.91297039077179,"upper_bound":255.5310303778745},"point_estimate":183.66135312888025,"standard_error":39.311296328961724},"slope":{"confidence_interval":{"confidence_level":0.95,"lower_bound":162360.95650567158,"upper_bound":162492.87170102246},"point_estimate":162423.7435689034,"standard_error":33.76757866618786},"std_dev":{"confidence_interval":{"confidence_level":0.95,"lower_bound":239.0162335371421,"upper_bound":544.4509719090523},"point_estimate":389.2446274314274,"standard_error":83.43537546411119}}