{"mean":{"confidence_interval":{"confidence_level":0.95,"lower_bound":5810485.340319441,"upper_bound":5818431.977916667},"point_estimate":5814292.727222222,"standard_error":2026.629769354717},"median":{"confidence_interval":{"confidence_level":0.95,"lower_bound":5802913.166666667,"upper_bound":5809689.777777778},"point_estimate":5805381.694444444,"standard_error":1892.985147654966},"median_abs_dev":{"confidence_interval":{"confidence_level":0.95,"lower_bound":6318.0997878313065,"upper_bound":14983.525983989239},"point_estimate":9585.173563162332,"standard_error":2194.6686483177714},"slope":null,"std_dev":{"confidence_interval":{"confidence_level":0.95,"lower_bound":15381.488878172137,"upper_bound":24907.54215779625},"point_estimate":20192.50620060875,"standard_error":2453.671485498203}}