{"mean":{"confidence_interval":{"confidence_level":0.95,"lower_bound":7074923.5380714275,"upper_bound":7089873.928785717},"point_estimate":7082264.004285712,"standard_error":3801.3640400412924},"median":{"confidence_interval":{"confidence_level":0.95,"lower_bound":7073615.571428572,"upper_bound":7091857.178571429},"point_estimate":7081555.035714285,"standard_error":4907.582561727507},"median_abs_dev":{"confidence_interval":{"confidence_level":0.95,"lower_bound":27467.123662361668,"upper_bound":45987.321724810856},"point_estimate":35643.34481720502,"standard_error":4601.154205729387},"slope":null,"std_dev":{"confidence_interval":{"confidence_level":0.95,"lower_bound":32540.488468774074,"upper_bound":43497.34184616131},"point_estimate":38217.928279169544,"standard_error":2798.189264462384}}