{"mean":{"confidence_interval":{"confidence_level":0.95,"lower_bound":122855.04719273436,"upper_bound":122985.15627272542},"point_estimate":122917.90560123701,"standard_error":33.3345050990397},"median":{"confidence_interval":{"confidence_level":0.95,"lower_bound":122755.1679805943,"upper_bound":122850.68818681317},"point_estimate":122772.91235842163,"standard_error":26.712343920117444},"median_abs_dev":{"confidence_interval":{"confidence_level":0.95,"lower_bound":106.37783618448182,"upper_bound":245.98703706143266},"point_estimate":169.45892467565227,"standard_error":34.51467883974393},"slope":{"confidence_interval":{"confidence_level":0.95,"lower_bound":122849.6758585922,"upper_bound":123007.12620229511},"point_estimate":122921.9077026052,"standard_error":40.38270654992231},"std_dev":{"confidence_interval":{"confidence_level":0.95,"lower_bound":266.348185303869,"upper_bound":395.992352536021},"point_estimate":335.7657255840645,"standard_error":33.10932709775684}}