{"mean":{"confidence_interval":{"confidence_level":0.95,"lower_bound":55025579.863749996,"upper_bound":55117171.55325},"point_estimate":55070538.605,"standard_error":23371.120679332776},"median":{"confidence_interval":{"confidence_level":0.95,"lower_bound":54981310.0,"upper_bound":55124097.0},"point_estimate":55066889.25,"standard_error":41659.266915936096},"median_abs_dev":{"confidence_interval":{"confidence_level":0.95,"lower_bound":173155.81612586975,"upper_bound":278003.8036644459},"point_estimate":209777.51807570457,"standard_error":28807.865072961053},"slope":null,"std_dev":{"confidence_interval":{"confidence_level":0.95,"lower_bound":198656.67105981294,"upper_bound":266956.3240832227},"point_estimate":234691.10780848778,"standard_error":17426.420706756537}}