{"mean":{"confidence_interval":{"confidence_level":0.95,"lower_bound":158707186.70725,"upper_bound":158915205.85525},"point_estimate":158803471.21,"standard_error":53269.91563456487},"median":{"confidence_interval":{"confidence_level":0.95,"lower_bound":158600001.0,"upper_bound":158697198.5},"point_estimate":158630165.5,"standard_error":22291.25427289376},"median_abs_dev":{"confidence_interval":{"confidence_level":0.95,"lower_bound":159149.69417452812,"upper_bound":270469.2305982113},"point_estimate":222718.39194595814,"standard_error":28346.77989504584},"slope":null,"std_dev":{"confidence_interval":{"confidence_level":0.95,"lower_bound":347961.2362447565,"upper_bound":687649.9947128715},"point_estimate":535687.032817761,"standard_error":86577.8270269161}}