{"mean":{"confidence_interval":{"confidence_level":0.95,"lower_bound":158682538.54525,"upper_bound":158853396.9145},"point_estimate":158764995.01,"standard_error":43687.9593558619},"median":{"confidence_interval":{"confidence_level":0.95,"lower_bound":158533524.5,"upper_bound":158671710.0},"point_estimate":158582077.5,"standard_error":33866.28772709733},"median_abs_dev":{"confidence_interval":{"confidence_level":0.95,"lower_bound":165882.1806550026,"upper_bound":352101.92644894123},"point_estimate":243762.41597235203,"standard_error":44358.12263583443},"slope":null,"std_dev":{"confidence_interval":{"confidence_level":0.95,"lower_bound":345753.5339969807,"upper_bound":519928.7307307969},"point_estimate":438947.81386759557,"standard_error":44648.19728203695}}