{"mean":{"confidence_interval":{"confidence_level":0.95,"lower_bound":126835951.00125,"upper_bound":126944603.148},"point_estimate":126888649.43,"standard_error":27715.11839498055},"median":{"confidence_interval":{"confidence_level":0.95,"lower_bound":126764451.0,"upper_bound":126855135.0},"point_estimate":126794658.0,"standard_error":22145.573686719043},"median_abs_dev":{"confidence_interval":{"confidence_level":0.95,"lower_bound":140388.13280761242,"upper_bound":260584.73657369614},"point_estimate":187519.98597085476,"standard_error":30976.15061320814},"slope":null,"std_dev":{"confidence_interval":{"confidence_level":0.95,"lower_bound":223950.12905581514,"upper_bound":328235.9716226826},"point_estimate":278962.9374953335,"standard_error":26625.1525167459}}