{"mean":{"confidence_interval":{"confidence_level":0.95,"lower_bound":-0.10137979227525977,"upper_bound":-0.09866286351849085},"point_estimate":-0.09999446752195795,"standard_error":0.0006937324844748918},"median":{"confidence_interval":{"confidence_level":0.95,"lower_bound":-0.09999714744796995,"upper_bound":-0.09726606341941796},"point_estimate":-0.09856327662942399,"standard_error":0.0007166190235467001}}