{"mean":{"confidence_interval":{"confidence_level":0.95,"lower_bound":122380091.422,"upper_bound":122691396.67575},"point_estimate":122525159.05,"standard_error":79562.77077851894},"median":{"confidence_interval":{"confidence_level":0.95,"lower_bound":122197012.5,"upper_bound":122422845.5},"point_estimate":122336741.5,"standard_error":65164.661428612744},"median_abs_dev":{"confidence_interval":{"confidence_level":0.95,"lower_bound":368820.46505212784,"upper_bound":720032.8315168619},"point_estimate":537392.0820593834,"standard_error":90161.78630655866},"slope":null,"std_dev":{"confidence_interval":{"confidence_level":0.95,"lower_bound":547708.1099834661,"upper_bound":1076704.955564656},"point_estimate":797438.1163758466,"standard_error":146492.90633402017}}