{"mean":{"confidence_interval":{"confidence_level":0.95,"lower_bound":106740074.58125,"upper_bound":106845196.02074999},"point_estimate":106790851.44,"standard_error":26838.59579380986},"median":{"confidence_interval":{"confidence_level":0.95,"lower_bound":106606927.0,"upper_bound":106855956.0},"point_estimate":106659316.5,"standard_error":70289.64842928866},"median_abs_dev":{"confidence_interval":{"confidence_level":0.95,"lower_bound":91549.06577467918,"upper_bound":348943.247205019},"point_estimate":178725.20292699337,"standard_error":74020.96704154325},"slope":null,"std_dev":{"confidence_interval":{"confidence_level":0.95,"lower_bound":213627.98804201584,"upper_bound":325046.7073635402},"point_estimate":269866.02950391604,"standard_error":28575.53763776496}}