{"mean":{"confidence_interval":{"confidence_level":0.95,"lower_bound":111515434.509,"upper_bound":112060896.9665},"point_estimate":111718579.32,"standard_error":152500.5709840984},"median":{"confidence_interval":{"confidence_level":0.95,"lower_bound":111403034.0,"upper_bound":111561582.0},"point_estimate":111482574.0,"standard_error":41918.391333412124},"median_abs_dev":{"confidence_interval":{"confidence_level":0.95,"lower_bound":210183.3983509988,"upper_bound":354270.970210433},"point_estimate":273842.8868383169,"standard_error":36872.71882400322},"slope":null,"std_dev":{"confidence_interval":{"confidence_level":0.95,"lower_bound":316251.583632536,"upper_bound":2574747.897852476},"point_estimate":1528955.1380331065,"standard_error":783261.3290744846}}