{"mean":{"confidence_interval":{"confidence_level":0.95,"lower_bound":21535.609295089063,"upper_bound":21597.88822983167},"point_estimate":21558.440225344366,"standard_error":17.484545310695967},"median":{"confidence_interval":{"confidence_level":0.95,"lower_bound":21525.028789659224,"upper_bound":21541.96566414886},"point_estimate":21534.7595766129,"standard_error":4.3321739527408205},"median_abs_dev":{"confidence_interval":{"confidence_level":0.95,"lower_bound":22.430762549732442,"upper_bound":36.403762622865514},"point_estimate":28.675766480032323,"standard_error":3.4647710102582177},"slope":{"confidence_interval":{"confidence_level":0.95,"lower_bound":21526.242394205357,"upper_bound":21541.634832620814},"point_estimate":21533.43986006258,"standard_error":3.9432631115024033},"std_dev":{"confidence_interval":{"confidence_level":0.95,"lower_bound":29.288043231592326,"upper_bound":296.7157764467607},"point_estimate":175.64396169788733,"standard_error":91.28352622814059}}