{"mean":{"confidence_interval":{"confidence_level":0.95,"lower_bound":750230486.53675,"upper_bound":759053011.39975},"point_estimate":754573036.53,"standard_error":2245140.8604844846},"median":{"confidence_interval":{"confidence_level":0.95,"lower_bound":745795474.0,"upper_bound":756742161.0},"point_estimate":751970318.0,"standard_error":2424274.676540302},"median_abs_dev":{"confidence_interval":{"confidence_level":0.95,"lower_bound":15053845.700740814,"upper_bound":27074550.569030643},"point_estimate":21411153.586176038,"standard_error":3203834.6769111655},"slope":null,"std_dev":{"confidence_interval":{"confidence_level":0.95,"lower_bound":18765098.543824222,"upper_bound":26264911.571107402},"point_estimate":22535774.70345224,"standard_error":1918031.370197346}}