{"mean":{"confidence_interval":{"confidence_level":0.95,"lower_bound":744427407.48725,"upper_bound":752372531.92675},"point_estimate":748354534.52,"standard_error":2020438.9399077904},"median":{"confidence_interval":{"confidence_level":0.95,"lower_bound":741740097.0,"upper_bound":749983114.0},"point_estimate":745028428.5,"standard_error":1982332.9482897632},"median_abs_dev":{"confidence_interval":{"confidence_level":0.95,"lower_bound":11047937.667059898,"upper_bound":21598210.11139511},"point_estimate":16692208.368954062,"standard_error":2683128.8398897834},"slope":null,"std_dev":{"confidence_interval":{"confidence_level":0.95,"lower_bound":17358926.05129523,"upper_bound":22831860.138914514},"point_estimate":20297763.486246847,"standard_error":1396943.8644808251}}