{"mean":{"confidence_interval":{"confidence_level":0.95,"lower_bound":522859.33627428487,"upper_bound":524620.3580057276},"point_estimate":523542.1404411828,"standard_error":469.9165919968931},"median":{"confidence_interval":{"confidence_level":0.95,"lower_bound":522450.6369863014,"upper_bound":522887.65425531915},"point_estimate":522696.01936026936,"standard_error":119.65686537935083},"median_abs_dev":{"confidence_interval":{"confidence_level":0.95,"lower_bound":531.6682403137495,"upper_bound":1022.71851859445},"point_estimate":764.1386480736098,"standard_error":126.31648644329117},"slope":{"confidence_interval":{"confidence_level":0.95,"lower_bound":522639.95695169567,"upper_bound":523147.34805743187},"point_estimate":522874.95115265256,"standard_error":129.19400533444804},"std_dev":{"confidence_interval":{"confidence_level":0.95,"lower_bound":942.1509294639268,"upper_bound":7855.715375414596},"point_estimate":4744.921512273663,"standard_error":2162.6829735116507}}