{"mean":{"confidence_interval":{"confidence_level":0.95,"lower_bound":783889.7490855969,"upper_bound":787241.7412498216},"point_estimate":785371.3015761198,"standard_error":861.1151567804407},"median":{"confidence_interval":{"confidence_level":0.95,"lower_bound":783343.7837837838,"upper_bound":783930.7249312329},"point_estimate":783707.4408973253,"standard_error":162.00506858504392},"median_abs_dev":{"confidence_interval":{"confidence_level":0.95,"lower_bound":1262.6113314582865,"upper_bound":2316.0206148537595},"point_estimate":1869.4030867415036,"standard_error":273.9864144282814},"slope":{"confidence_interval":{"confidence_level":0.95,"lower_bound":782494.5862431142,"upper_bound":785731.6912230676},"point_estimate":783806.1154800256,"standard_error":843.0556603714329},"std_dev":{"confidence_interval":{"confidence_level":0.95,"lower_bound":3985.4782925382215,"upper_bound":12804.263375174085},"point_estimate":8666.812678727569,"standard_error":2330.5278363674497}}