{"mean":{"confidence_interval":{"confidence_level":0.95,"lower_bound":102934230.244,"upper_bound":103081919.4075},"point_estimate":103005741.17,"standard_error":37734.49951651487},"median":{"confidence_interval":{"confidence_level":0.95,"lower_bound":102785261.0,"upper_bound":102902245.0},"point_estimate":102845137.5,"standard_error":31358.84491310958},"median_abs_dev":{"confidence_interval":{"confidence_level":0.95,"lower_bound":131147.8284716606,"upper_bound":293582.18582287413},"point_estimate":214523.32059144974,"standard_error":44493.757516301295},"slope":null,"std_dev":{"confidence_interval":{"confidence_level":0.95,"lower_bound":306053.5474758285,"upper_bound":452447.4919324677},"point_estimate":380751.757049795,"standard_error":37613.73591281751}}