{"mean":{"confidence_interval":{"confidence_level":0.95,"lower_bound":11052502.728899999,"upper_bound":11079945.528700002},"point_estimate":11065279.98,"standard_error":7017.6856836238785},"median":{"confidence_interval":{"confidence_level":0.95,"lower_bound":11031996.2,"upper_bound":11041316.2},"point_estimate":11035255.0,"standard_error":2118.4387999184864},"median_abs_dev":{"confidence_interval":{"confidence_level":0.95,"lower_bound":12069.846385717392,"upper_bound":26159.1570215821},"point_estimate":17256.87065362875,"standard_error":3554.04840674165},"slope":null,"std_dev":{"confidence_interval":{"confidence_level":0.95,"lower_bound":45294.59621167358,"upper_bound":93555.05611414237},"point_estimate":70697.76551975639,"standard_error":12401.461291981492}}