{"mean":{"confidence_interval":{"confidence_level":0.95,"lower_bound":69110.27480041524,"upper_bound":69327.51154190904},"point_estimate":69215.31961091077,"standard_error":55.6674458312082},"median":{"confidence_interval":{"confidence_level":0.95,"lower_bound":69055.38759029575,"upper_bound":69220.51483244696},"point_estimate":69170.55824587707,"standard_error":44.14444561873654},"median_abs_dev":{"confidence_interval":{"confidence_level":0.95,"lower_bound":270.98744074682116,"upper_bound":428.1831090649065},"point_estimate":370.11837013364556,"standard_error":38.644581043829845},"slope":{"confidence_interval":{"confidence_level":0.95,"lower_bound":69119.93918391703,"upper_bound":69315.1077948563},"point_estimate":69211.24705125787,"standard_error":50.009810802228735},"std_dev":{"confidence_interval":{"confidence_level":0.95,"lower_bound":390.46031581043053,"upper_bound":725.7599976626212},"point_estimate":559.444015546233,"standard_error":86.40013965803863}}