{"mean":{"confidence_interval":{"confidence_level":0.95,"lower_bound":97054.56550110874,"upper_bound":97322.07630563181},"point_estimate":97187.25145875315,"standard_error":68.1287565523704},"median":{"confidence_interval":{"confidence_level":0.95,"lower_bound":96946.6510770975,"upper_bound":97245.6761904762},"point_estimate":97136.7144345238,"standard_error":76.23393624054837},"median_abs_dev":{"confidence_interval":{"confidence_level":0.95,"lower_bound":414.1259511358783,"upper_bound":762.5184242403737},"point_estimate":560.5714747885022,"standard_error":91.09829397959855},"slope":{"confidence_interval":{"confidence_level":0.95,"lower_bound":97194.67351734842,"upper_bound":97477.35582134976},"point_estimate":97335.62272400374,"standard_error":72.17643281901312},"std_dev":{"confidence_interval":{"confidence_level":0.95,"lower_bound":575.1590078673764,"upper_bound":782.0140628090953},"point_estimate":683.6788463848193,"standard_error":52.744900275272634}}