{"mean":{"confidence_interval":{"confidence_level":0.95,"lower_bound":41686260.88975,"upper_bound":41709069.08475001},"point_estimate":41697246.76333334,"standard_error":5841.087953320581},"median":{"confidence_interval":{"confidence_level":0.95,"lower_bound":41668095.333333336,"upper_bound":41699388.16666667},"point_estimate":41681471.0,"standard_error":7510.205879751487},"median_abs_dev":{"confidence_interval":{"confidence_level":0.95,"lower_bound":32758.046418439466,"upper_bound":59117.68555044944},"point_estimate":45804.43198681062,"standard_error":6382.4302025746665},"slope":null,"std_dev":{"confidence_interval":{"confidence_level":0.95,"lower_bound":45228.21592307489,"upper_bound":72001.5483213941},"point_estimate":58617.869965454,"standard_error":6931.652804687046}}