{"mean":{"confidence_interval":{"confidence_level":0.95,"lower_bound":1619502.899298386,"upper_bound":1625705.9916657878},"point_estimate":1621981.9786017758,"standard_error":1631.259508224786},"median":{"confidence_interval":{"confidence_level":0.95,"lower_bound":1617388.4318181819,"upper_bound":1620823.3484693877},"point_estimate":1619306.0746391753,"standard_error":771.0800486617319},"median_abs_dev":{"confidence_interval":{"confidence_level":0.95,"lower_bound":3821.5068876118057,"upper_bound":6239.040065475859},"point_estimate":4717.558986246517,"standard_error":578.6608302011895},"slope":{"confidence_interval":{"confidence_level":0.95,"lower_bound":1617037.6770609654,"upper_bound":1618308.7389926405},"point_estimate":1617665.8839086744,"standard_error":323.6757024556441},"std_dev":{"confidence_interval":{"confidence_level":0.95,"lower_bound":5186.851719761686,"upper_bound":26736.81736069272},"point_estimate":16438.744397608796,"standard_error":6867.1332107072185}}