{"mean":{"confidence_interval":{"confidence_level":0.95,"lower_bound":4764264.5245625,"upper_bound":4773847.2423875},"point_estimate":4768939.010500002,"standard_error":2442.9911140887684},"median":{"confidence_interval":{"confidence_level":0.95,"lower_bound":4760282.85,"upper_bound":4771149.4},"point_estimate":4766139.1,"standard_error":2516.667625473475},"median_abs_dev":{"confidence_interval":{"confidence_level":0.95,"lower_bound":18445.471052528534,"upper_bound":31436.197346895657},"point_estimate":24961.68326184195,"standard_error":3413.0364729751445},"slope":null,"std_dev":{"confidence_interval":{"confidence_level":0.95,"lower_bound":20915.778073088695,"upper_bound":27716.087798697823},"point_estimate":24568.13797798628,"standard_error":1737.0369341235187}}