{"mean":{"confidence_interval":{"confidence_level":0.95,"lower_bound":5203485.860649997,"upper_bound":5216311.4049625},"point_estimate":5209527.243500001,"standard_error":3268.7140835954788},"median":{"confidence_interval":{"confidence_level":0.95,"lower_bound":5198169.199999999,"upper_bound":5210631.45},"point_estimate":5203453.975,"standard_error":2969.679726867095},"median_abs_dev":{"confidence_interval":{"confidence_level":0.95,"lower_bound":17783.377116031417,"upper_bound":30123.28094020486},"point_estimate":23996.844263970714,"standard_error":3259.0842044959845},"slope":null,"std_dev":{"confidence_interval":{"confidence_level":0.95,"lower_bound":23047.572552653117,"upper_bound":44378.8419022078},"point_estimate":32927.253265742365,"standard_error":5883.3956452478515}}