{"mean":{"confidence_interval":{"confidence_level":0.95,"lower_bound":122823.88560071994,"upper_bound":123323.22334262266},"point_estimate":123001.854784766,"standard_error":148.5966868998435},"median":{"confidence_interval":{"confidence_level":0.95,"lower_bound":122783.45891075615,"upper_bound":122811.8792942559},"point_estimate":122795.48080757726,"standard_error":8.596321114597533},"median_abs_dev":{"confidence_interval":{"confidence_level":0.95,"lower_bound":43.93055949778345,"upper_bound":111.65312720669928},"point_estimate":81.83774040092459,"standard_error":19.03168721314817},"slope":{"confidence_interval":{"confidence_level":0.95,"lower_bound":122837.69396941537,"upper_bound":122909.70030795567},"point_estimate":122871.77081963509,"standard_error":18.3957625991093},"std_dev":{"confidence_interval":{"confidence_level":0.95,"lower_bound":138.7851716315171,"upper_bound":2545.460816568805},"point_estimate":1493.1426725553742,"standard_error":841.0750437801879}}