{"mean":{"confidence_interval":{"confidence_level":0.95,"lower_bound":169136711.5735,"upper_bound":169433008.68574998},"point_estimate":169282132.63,"standard_error":75537.56809147075},"median":{"confidence_interval":{"confidence_level":0.95,"lower_bound":168837428.0,"upper_bound":169211626.0},"point_estimate":168988260.5,"standard_error":90135.05891912368},"median_abs_dev":{"confidence_interval":{"confidence_level":0.95,"lower_bound":327548.5882848501,"upper_bound":778359.0557813644},"point_estimate":533180.7568341494,"standard_error":113031.73277981742},"slope":null,"std_dev":{"confidence_interval":{"confidence_level":0.95,"lower_bound":642820.9865900661,"upper_bound":864612.9562525332},"point_estimate":760091.4602824826,"standard_error":56528.77249798156}}