{"mean":{"confidence_interval":{"confidence_level":0.95,"lower_bound":4108.7399277660625,"upper_bound":4115.336004960092},"point_estimate":4111.624374611889,"standard_error":1.7011900821001897},"median":{"confidence_interval":{"confidence_level":0.95,"lower_bound":4107.043700191003,"upper_bound":4109.067397260991},"point_estimate":4108.274283593531,"standard_error":0.5387259516041087},"median_abs_dev":{"confidence_interval":{"confidence_level":0.95,"lower_bound":3.6905350815089872,"upper_bound":6.436251149408895},"point_estimate":5.163306759061978,"standard_error":0.7173345084108924},"slope":{"confidence_interval":{"confidence_level":0.95,"lower_bound":4107.8287580182805,"upper_bound":4113.251165637287},"point_estimate":4110.164205348509,"standard_error":1.4072105153935976},"std_dev":{"confidence_interval":{"confidence_level":0.95,"lower_bound":5.975739342502401,"upper_bound":25.382015099106347},"point_estimate":17.127355280988027,"standard_error":4.963393935823462}}