{"mean":{"confidence_interval":{"confidence_level":0.95,"lower_bound":25818010.7661875,"upper_bound":25848546.8695},"point_estimate":25832745.3475,"standard_error":7816.105432058507},"median":{"confidence_interval":{"confidence_level":0.95,"lower_bound":25809905.125,"upper_bound":25829919.875},"point_estimate":25818580.0,"standard_error":4779.848624389257},"median_abs_dev":{"confidence_interval":{"confidence_level":0.95,"lower_bound":25817.810616642237,"upper_bound":57111.97488605976},"point_estimate":36775.52169710398,"standard_error":8204.359538331932},"slope":null,"std_dev":{"confidence_interval":{"confidence_level":0.95,"lower_bound":57234.196206125,"upper_bound":99549.90757499961},"point_estimate":78729.07515054698,"standard_error":10950.05680667663}}