{"mean":{"confidence_interval":{"confidence_level":0.95,"lower_bound":26445605.440625,"upper_bound":26470170.81575},"point_estimate":26456480.515,"standard_error":6317.025277864753},"median":{"confidence_interval":{"confidence_level":0.95,"lower_bound":26439567.0,"upper_bound":26451057.5},"point_estimate":26444333.375,"standard_error":3329.820977634284},"median_abs_dev":{"confidence_interval":{"confidence_level":0.95,"lower_bound":20235.409367624674,"upper_bound":36951.58044397831},"point_estimate":26234.0505592525,"standard_error":4465.3677371085405},"slope":null,"std_dev":{"confidence_interval":{"confidence_level":0.95,"lower_bound":33012.59442362913,"upper_bound":95489.42532355736},"point_estimate":63244.95378855885,"standard_error":19042.23486828711}}