{"mean":{"confidence_interval":{"confidence_level":0.95,"lower_bound":25860457.030125,"upper_bound":25895063.1830625},"point_estimate":25877114.07,"standard_error":8851.897918141221},"median":{"confidence_interval":{"confidence_level":0.95,"lower_bound":25846823.125,"upper_bound":25870463.25},"point_estimate":25856541.875,"standard_error":6292.431100039713},"median_abs_dev":{"confidence_interval":{"confidence_level":0.95,"lower_bound":41732.33988722787,"upper_bound":65791.8795975856},"point_estimate":56236.499601602554,"standard_error":6195.013717166172},"slope":null,"std_dev":{"confidence_interval":{"confidence_level":0.95,"lower_bound":71451.24217347811,"upper_bound":103244.2664434823},"point_estimate":88608.67799904666,"standard_error":8123.971476192938}}