{"mean":{"confidence_interval":{"confidence_level":0.95,"lower_bound":1127377.9970715344,"upper_bound":1338204.6104170731},"point_estimate":1211365.8752922204,"standard_error":57795.63044383333},"median":{"confidence_interval":{"confidence_level":0.95,"lower_bound":1124134.6422222222,"upper_bound":1128585.5093905032},"point_estimate":1126807.7564102565,"standard_error":1178.4348607235245},"median_abs_dev":{"confidence_interval":{"confidence_level":0.95,"lower_bound":9798.681095813548,"upper_bound":14653.201356444035},"point_estimate":12659.773031435467,"standard_error":1156.0155248703122},"slope":{"confidence_interval":{"confidence_level":0.95,"lower_bound":1125113.967161578,"upper_bound":1499622.6247447974},"point_estimate":1255227.4023333825,"standard_error":105051.92407615074},"std_dev":{"confidence_interval":{"confidence_level":0.95,"lower_bound":12637.517553561205,"upper_bound":916732.1609738024},"point_estimate":582597.431729658,"standard_error":248619.37683161997}}