{"mean":{"confidence_interval":{"confidence_level":0.95,"lower_bound":18475501.180083334,"upper_bound":18491453.70991667},"point_estimate":18483381.48166666,"standard_error":4064.3034615663682},"median":{"confidence_interval":{"confidence_level":0.95,"lower_bound":18466850.0,"upper_bound":18487596.083333336},"point_estimate":18480843.0,"standard_error":5537.583939774744},"median_abs_dev":{"confidence_interval":{"confidence_level":0.95,"lower_bound":31974.73943233674,"upper_bound":53362.23245263468},"point_estimate":41586.06441170161,"standard_error":5481.043747559625},"slope":null,"std_dev":{"confidence_interval":{"confidence_level":0.95,"lower_bound":35888.07292825166,"upper_bound":45289.35749219842},"point_estimate":40947.503102124385,"standard_error":2401.698309373691}}