{"mean":{"confidence_interval":{"confidence_level":0.95,"lower_bound":18254548.309708327,"upper_bound":18266726.27154165},"point_estimate":18260303.586666666,"standard_error":3108.7543279384518},"median":{"confidence_interval":{"confidence_level":0.95,"lower_bound":18248059.75,"upper_bound":18257660.666666668},"point_estimate":18251131.0,"standard_error":2334.202844805318},"median_abs_dev":{"confidence_interval":{"confidence_level":0.95,"lower_bound":14478.811887953296,"upper_bound":26473.552229999576},"point_estimate":19547.83355295474,"standard_error":3145.6358392457296},"slope":null,"std_dev":{"confidence_interval":{"confidence_level":0.95,"lower_bound":22318.89357018838,"upper_bound":39629.322736544535},"point_estimate":31292.213003300607,"standard_error":4458.402968139114}}