{"mean":{"confidence_interval":{"confidence_level":0.95,"lower_bound":88580.51834720702,"upper_bound":88980.33773859986},"point_estimate":88769.49946432639,"standard_error":101.70317901162221},"median":{"confidence_interval":{"confidence_level":0.95,"lower_bound":88390.61078695861,"upper_bound":89042.73602484472},"point_estimate":88527.86594202899,"standard_error":190.4310488322453},"median_abs_dev":{"confidence_interval":{"confidence_level":0.95,"lower_bound":594.4984335828448,"upper_bound":1208.678198007638},"point_estimate":1011.8164325976685,"standard_error":145.31491941744198},"slope":{"confidence_interval":{"confidence_level":0.95,"lower_bound":88410.17523115888,"upper_bound":88797.18399242005},"point_estimate":88603.71407868106,"standard_error":98.80842569018664},"std_dev":{"confidence_interval":{"confidence_level":0.95,"lower_bound":722.3807387715283,"upper_bound":1386.14530504142},"point_estimate":1020.6058942210196,"standard_error":192.33182062409983}}