{"mean":{"confidence_interval":{"confidence_level":0.95,"lower_bound":180752712.77475,"upper_bound":180893404.1485},"point_estimate":180819975.81,"standard_error":35879.1946698436},"median":{"confidence_interval":{"confidence_level":0.95,"lower_bound":180654975.0,"upper_bound":180763615.5},"point_estimate":180713600.0,"standard_error":24563.600746132703},"median_abs_dev":{"confidence_interval":{"confidence_level":0.95,"lower_bound":186334.64729189873,"upper_bound":308032.698583826},"point_estimate":246157.5562298298,"standard_error":31403.8153695761},"slope":null,"std_dev":{"confidence_interval":{"confidence_level":0.95,"lower_bound":269725.57214895316,"upper_bound":439283.92754272127},"point_estimate":361461.55957308086,"standard_error":43457.1367442639}}