{"mean":{"confidence_interval":{"confidence_level":0.95,"lower_bound":26312.990286414042,"upper_bound":26394.737945436587},"point_estimate":26342.68588304924,"standard_error":23.36027280847222},"median":{"confidence_interval":{"confidence_level":0.95,"lower_bound":26303.956140350878,"upper_bound":26310.927977839336},"point_estimate":26307.006813909775,"standard_error":1.617778668251954},"median_abs_dev":{"confidence_interval":{"confidence_level":0.95,"lower_bound":12.864757349103714,"upper_bound":24.26848566364581},"point_estimate":17.52961655481642,"standard_error":2.9875475963198417},"slope":{"confidence_interval":{"confidence_level":0.95,"lower_bound":26304.183170118387,"upper_bound":26327.21844631229},"point_estimate":26314.275591920545,"standard_error":5.959321687951344},"std_dev":{"confidence_interval":{"confidence_level":0.95,"lower_bound":33.99375150932936,"upper_bound":394.98714950077203},"point_estimate":233.33260176275675,"standard_error":124.44735900371737}}