{"mean":{"confidence_interval":{"confidence_level":0.95,"lower_bound":65937.42199647542,"upper_bound":66040.91334506714},"point_estimate":65980.2745274917,"standard_error":26.97125494171665},"median":{"confidence_interval":{"confidence_level":0.95,"lower_bound":65922.78387096775,"upper_bound":65966.58724340177},"point_estimate":65938.40130301673,"standard_error":11.027160237264292},"median_abs_dev":{"confidence_interval":{"confidence_level":0.95,"lower_bound":75.78713105988939,"upper_bound":121.51179378603089},"point_estimate":91.8130346238689,"standard_error":11.467699999976414},"slope":{"confidence_interval":{"confidence_level":0.95,"lower_bound":65937.61996752128,"upper_bound":65994.82951443504},"point_estimate":65964.98818669349,"standard_error":14.572435710413568},"std_dev":{"confidence_interval":{"confidence_level":0.95,"lower_bound":105.737336980695,"upper_bound":434.88636015684085},"point_estimate":271.8565407607415,"standard_error":105.45216060311571}}