{"mean":{"confidence_interval":{"confidence_level":0.95,"lower_bound":194431.0737139114,"upper_bound":194853.75155399463},"point_estimate":194632.13271290853,"standard_error":107.73150116157497},"median":{"confidence_interval":{"confidence_level":0.95,"lower_bound":193969.8134175029,"upper_bound":194460.39242424243},"point_estimate":194175.56400267466,"standard_error":128.05395670780592},"median_abs_dev":{"confidence_interval":{"confidence_level":0.95,"lower_bound":274.61470679925947,"upper_bound":908.3101642103535},"point_estimate":531.8927506738846,"standard_error":162.58449171314643},"slope":{"confidence_interval":{"confidence_level":0.95,"lower_bound":194260.17608671906,"upper_bound":194603.17697597126},"point_estimate":194427.67452906485,"standard_error":87.76266911537193},"std_dev":{"confidence_interval":{"confidence_level":0.95,"lower_bound":798.0171475160769,"upper_bound":1348.8303476565525},"point_estimate":1085.5975638809234,"standard_error":141.19512373104757}}