{"mean":{"confidence_interval":{"confidence_level":0.95,"lower_bound":243921.57690049746,"upper_bound":244654.14874529926},"point_estimate":244210.90318258185,"standard_error":194.37704376178317},"median":{"confidence_interval":{"confidence_level":0.95,"lower_bound":243768.14899749373,"upper_bound":243911.19010989013},"point_estimate":243851.10555555555,"standard_error":37.82736226944259},"median_abs_dev":{"confidence_interval":{"confidence_level":0.95,"lower_bound":233.40667329210214,"upper_bound":464.5766896867112},"point_estimate":314.8311097579198,"standard_error":58.0846202074689},"slope":{"confidence_interval":{"confidence_level":0.95,"lower_bound":243876.01639527042,"upper_bound":245704.66809976043},"point_estimate":244529.5435117482,"standard_error":521.1285885703169},"std_dev":{"confidence_interval":{"confidence_level":0.95,"lower_bound":527.7028008690509,"upper_bound":3205.9310052903024},"point_estimate":1954.1475442716205,"standard_error":853.7193866650699}}