{"mean":{"confidence_interval":{"confidence_level":0.95,"lower_bound":1395172.215448192,"upper_bound":1398277.7726825043},"point_estimate":1396473.940282971,"standard_error":802.9448475395706},"median":{"confidence_interval":{"confidence_level":0.95,"lower_bound":1394260.664874552,"upper_bound":1395311.7564429129},"point_estimate":1394835.0027472528,"standard_error":302.10621145911836},"median_abs_dev":{"confidence_interval":{"confidence_level":0.95,"lower_bound":1849.9385247841908,"upper_bound":3500.8271687247766},"point_estimate":2519.458832543424,"standard_error":429.0335593067489},"slope":{"confidence_interval":{"confidence_level":0.95,"lower_bound":1394548.2569846755,"upper_bound":1396044.4625226369},"point_estimate":1395269.1257115414,"standard_error":382.88786194578364},"std_dev":{"confidence_interval":{"confidence_level":0.95,"lower_bound":3526.3398665545737,"upper_bound":12549.74586054598},"point_estimate":8016.816714640404,"standard_error":2875.63944810945}}