{"mean":{"confidence_interval":{"confidence_level":0.95,"lower_bound":3938274.7801346164,"upper_bound":3951075.601211539},"point_estimate":3944633.64923077,"standard_error":3260.649139604726},"median":{"confidence_interval":{"confidence_level":0.95,"lower_bound":3929240.0,"upper_bound":3947571.3076923075},"point_estimate":3939888.076923077,"standard_error":5260.92852013771},"median_abs_dev":{"confidence_interval":{"confidence_level":0.95,"lower_bound":24304.432437740998,"upper_bound":41692.764090575234},"point_estimate":36910.52382932267,"standard_error":4161.855614968247},"slope":null,"std_dev":{"confidence_interval":{"confidence_level":0.95,"lower_bound":28857.466386867283,"upper_bound":36104.78141534756},"point_estimate":32740.80735220245,"standard_error":1846.3172985467224}}