{"mean":{"confidence_interval":{"confidence_level":0.95,"lower_bound":56823.08599005799,"upper_bound":57683.77744575694},"point_estimate":57127.44365445532,"standard_error":257.36096469444766},"median":{"confidence_interval":{"confidence_level":0.95,"lower_bound":56769.76138996139,"upper_bound":56856.32331707317},"point_estimate":56817.26209273183,"standard_error":23.684779230656627},"median_abs_dev":{"confidence_interval":{"confidence_level":0.95,"lower_bound":147.11458102378415,"upper_bound":267.9047867692392},"point_estimate":208.42857524608047,"standard_error":30.40922328610914},"slope":{"confidence_interval":{"confidence_level":0.95,"lower_bound":56791.57725938387,"upper_bound":56901.91349031953},"point_estimate":56843.53787574152,"standard_error":28.236900976417417},"std_dev":{"confidence_interval":{"confidence_level":0.95,"lower_bound":239.23494895986232,"upper_bound":4417.8244977936065},"point_estimate":2588.4028435915834,"standard_error":1470.27248157674}}