{"mean":{"confidence_interval":{"confidence_level":0.95,"lower_bound":13797657.9830625,"upper_bound":13825215.60725},"point_estimate":13810481.50875,"standard_error":7026.927658635811},"median":{"confidence_interval":{"confidence_level":0.95,"lower_bound":13783597.125,"upper_bound":13801212.25},"point_estimate":13792440.75,"standard_error":4382.174954082389},"median_abs_dev":{"confidence_interval":{"confidence_level":0.95,"lower_bound":22373.337062168877,"upper_bound":37873.01632761955},"point_estimate":28401.241070777178,"standard_error":3982.130841409703},"slope":null,"std_dev":{"confidence_interval":{"confidence_level":0.95,"lower_bound":48472.622725964626,"upper_bound":90248.39266351101},"point_estimate":70773.41973690905,"standard_error":10668.746080095876}}