{"mean":{"confidence_interval":{"confidence_level":0.95,"lower_bound":52536.961215257346,"upper_bound":52679.476369533906},"point_estimate":52591.359459082974,"standard_error":38.53697993926585},"median":{"confidence_interval":{"confidence_level":0.95,"lower_bound":52477.21104536489,"upper_bound":52573.1858974359},"point_estimate":52527.10327635328,"standard_error":23.55990067451742},"median_abs_dev":{"confidence_interval":{"confidence_level":0.95,"lower_bound":74.85689388678401,"upper_bound":161.4869617769966},"point_estimate":124.87218250547949,"standard_error":24.72086292009498},"slope":{"confidence_interval":{"confidence_level":0.95,"lower_bound":52530.16829165923,"upper_bound":52583.96746981723},"point_estimate":52556.629084357344,"standard_error":13.688856788152153},"std_dev":{"confidence_interval":{"confidence_level":0.95,"lower_bound":107.43711063399694,"upper_bound":642.6992923861817},"point_estimate":386.5920543023237,"standard_error":183.7226821086575}}