{"mean":{"confidence_interval":{"confidence_level":0.95,"lower_bound":31023479.0290625,"upper_bound":31057003.2681875},"point_estimate":31039391.7275,"standard_error":8587.039652232022},"median":{"confidence_interval":{"confidence_level":0.95,"lower_bound":31001625.75,"upper_bound":31030895.25},"point_estimate":31009816.375,"standard_error":7532.724081519733},"median_abs_dev":{"confidence_interval":{"confidence_level":0.95,"lower_bound":37619.491732120514,"upper_bound":68241.85288846493},"point_estimate":46184.65710505843,"standard_error":7762.294984100336},"slope":null,"std_dev":{"confidence_interval":{"confidence_level":0.95,"lower_bound":63134.01005503484,"upper_bound":106717.10202629596},"point_estimate":86263.6225114436,"standard_error":11157.491898376762}}