{"mean":{"confidence_interval":{"confidence_level":0.95,"lower_bound":88180230.728875,"upper_bound":88290386.928875},"point_estimate":88231422.9,"standard_error":28134.15187993064},"median":{"confidence_interval":{"confidence_level":0.95,"lower_bound":88120151.25,"upper_bound":88185606.5},"point_estimate":88158257.0,"standard_error":18030.272860653906},"median_abs_dev":{"confidence_interval":{"confidence_level":0.95,"lower_bound":111807.68246501684,"upper_bound":193158.31367075443},"point_estimate":155717.4752354622,"standard_error":21245.594137782093},"slope":null,"std_dev":{"confidence_interval":{"confidence_level":0.95,"lower_bound":175067.92684897562,"upper_bound":377986.2795966678},"point_estimate":284026.54206813464,"standard_error":51865.89773936392}}