{"mean":{"confidence_interval":{"confidence_level":0.95,"lower_bound":46406.09772328675,"upper_bound":46470.61757372559},"point_estimate":46434.23287122229,"standard_error":16.642155171467024},"median":{"confidence_interval":{"confidence_level":0.95,"lower_bound":46379.027182120204,"upper_bound":46392.93023255814},"point_estimate":46382.76926496366,"standard_error":3.666437744230842},"median_abs_dev":{"confidence_interval":{"confidence_level":0.95,"lower_bound":16.625762942757845,"upper_bound":37.12275724328451},"point_estimate":24.01449353590507,"standard_error":5.469084157882083},"slope":{"confidence_interval":{"confidence_level":0.95,"lower_bound":46397.73208420384,"upper_bound":46440.16713499216},"point_estimate":46417.03346754599,"standard_error":10.92019488771877},"std_dev":{"confidence_interval":{"confidence_level":0.95,"lower_bound":61.751019623704,"upper_bound":250.83020498703414},"point_estimate":168.0162023623175,"standard_error":49.8879173302263}}