{"mean":{"confidence_interval":{"confidence_level":0.95,"lower_bound":130162.78529565831,"upper_bound":130315.49089413419},"point_estimate":130233.55854514783,"standard_error":38.96254659576237},"median":{"confidence_interval":{"confidence_level":0.95,"lower_bound":130075.93014367815,"upper_bound":130160.39726027397},"point_estimate":130119.43721064815,"standard_error":22.99383683898117},"median_abs_dev":{"confidence_interval":{"confidence_level":0.95,"lower_bound":122.35633791400525,"upper_bound":242.10515221579126},"point_estimate":174.5679960327362,"standard_error":30.999817163437672},"slope":{"confidence_interval":{"confidence_level":0.95,"lower_bound":130203.42144149274,"upper_bound":130483.55272132708},"point_estimate":130326.98273016108,"standard_error":72.17812807125947},"std_dev":{"confidence_interval":{"confidence_level":0.95,"lower_bound":262.096039374426,"upper_bound":522.5829528413565},"point_estimate":391.0695002796209,"standard_error":68.57892205108237}}