{"mean":{"confidence_interval":{"confidence_level":0.95,"lower_bound":4827.1580862966275,"upper_bound":4833.180270881578},"point_estimate":4829.89377425569,"standard_error":1.538780481874326},"median":{"confidence_interval":{"confidence_level":0.95,"lower_bound":4823.474005919444,"upper_bound":4825.779915068846},"point_estimate":4824.408652540071,"standard_error":0.5636529800333189},"median_abs_dev":{"confidence_interval":{"confidence_level":0.95,"lower_bound":3.1257285420399152,"upper_bound":6.384252308863282},"point_estimate":3.977406513247884,"standard_error":0.8460710187552307},"slope":{"confidence_interval":{"confidence_level":0.95,"lower_bound":4826.934841487967,"upper_bound":4833.13465394067},"point_estimate":4829.838675334745,"standard_error":1.5912853884145344},"std_dev":{"confidence_interval":{"confidence_level":0.95,"lower_bound":9.219773687529315,"upper_bound":21.74561402298974},"point_estimate":15.487624897887668,"standard_error":3.3513172266803934}}