{"mean":{"confidence_interval":{"confidence_level":0.95,"lower_bound":4617925.92756818,"upper_bound":4621447.3665681835},"point_estimate":4619564.088181818,"standard_error":899.7923784269763},"median":{"confidence_interval":{"confidence_level":0.95,"lower_bound":4616375.318181818,"upper_bound":4618706.545454546},"point_estimate":4617320.522727273,"standard_error":522.0640782138124},"median_abs_dev":{"confidence_interval":{"confidence_level":0.95,"lower_bound":3217.1745519740157,"upper_bound":5932.940531941067},"point_estimate":4789.404433151637,"standard_error":688.7094693741358},"slope":null,"std_dev":{"confidence_interval":{"confidence_level":0.95,"lower_bound":5924.391549879663,"upper_bound":11964.358978613016},"point_estimate":9036.513224206872,"standard_error":1564.5968772428655}}