{"mean":{"confidence_interval":{"confidence_level":0.95,"lower_bound":62969.472563472365,"upper_bound":63098.966618496466},"point_estimate":63026.558582386475,"standard_error":33.15563695695882},"median":{"confidence_interval":{"confidence_level":0.95,"lower_bound":62886.41225530741,"upper_bound":62937.754736303126},"point_estimate":62900.55668202765,"standard_error":14.024238414432734},"median_abs_dev":{"confidence_interval":{"confidence_level":0.95,"lower_bound":61.88621385243045,"upper_bound":144.7473718709119},"point_estimate":88.29910884568511,"standard_error":20.903028895950285},"slope":{"confidence_interval":{"confidence_level":0.95,"lower_bound":62980.339841372464,"upper_bound":63095.31962051001},"point_estimate":63036.11718710821,"standard_error":29.491629678702864},"std_dev":{"confidence_interval":{"confidence_level":0.95,"lower_bound":183.4710620559018,"upper_bound":495.7727977053213},"point_estimate":333.3402062702825,"standard_error":96.68592097943421}}