{"mean":{"confidence_interval":{"confidence_level":0.95,"lower_bound":47453.49569929245,"upper_bound":47502.88537692474},"point_estimate":47475.80152400757,"standard_error":12.685069435936166},"median":{"confidence_interval":{"confidence_level":0.95,"lower_bound":47434.10300207039,"upper_bound":47450.52380952381},"point_estimate":47439.62826587015,"standard_error":3.6204521031887094},"median_abs_dev":{"confidence_interval":{"confidence_level":0.95,"lower_bound":30.804260389146833,"upper_bound":56.657234025821374},"point_estimate":42.50615681889723,"standard_error":6.457124788441625},"slope":{"confidence_interval":{"confidence_level":0.95,"lower_bound":47434.97949516741,"upper_bound":47465.16908135557},"point_estimate":47448.784554455444,"standard_error":7.709700628763204},"std_dev":{"confidence_interval":{"confidence_level":0.95,"lower_bound":67.39500515167853,"upper_bound":181.5575380290623},"point_estimate":127.67203066571668,"standard_error":29.869853338047548}}