{"mean":{"confidence_interval":{"confidence_level":0.95,"lower_bound":750771.6986667607,"upper_bound":752013.577624894},"point_estimate":751370.5481311196,"standard_error":318.60025543763686},"median":{"confidence_interval":{"confidence_level":0.95,"lower_bound":749707.7450980392,"upper_bound":750607.4954954955},"point_estimate":750113.0091324201,"standard_error":233.3284718493895},"median_abs_dev":{"confidence_interval":{"confidence_level":0.95,"lower_bound":1240.7397651519236,"upper_bound":2591.733469046469},"point_estimate":1798.4040639052691,"standard_error":350.20536169056663},"slope":{"confidence_interval":{"confidence_level":0.95,"lower_bound":750996.5574731873,"upper_bound":752669.5602175891},"point_estimate":751803.1064991872,"standard_error":429.1562482925913},"std_dev":{"confidence_interval":{"confidence_level":0.95,"lower_bound":2600.6853980681867,"upper_bound":3704.3002823465836},"point_estimate":3205.5458920958217,"standard_error":282.2377382832804}}