{"mean":{"confidence_interval":{"confidence_level":0.95,"lower_bound":1188000.8440791413,"upper_bound":1191355.575620197},"point_estimate":1189577.3992859062,"standard_error":853.2782454014248},"median":{"confidence_interval":{"confidence_level":0.95,"lower_bound":1189378.347368421,"upper_bound":1190547.4736111113},"point_estimate":1189817.3192982457,"standard_error":294.93897990004484},"median_abs_dev":{"confidence_interval":{"confidence_level":0.95,"lower_bound":2083.456925763743,"upper_bound":4863.62056054769},"point_estimate":3139.643183494993,"standard_error":733.0136783575081},"slope":{"confidence_interval":{"confidence_level":0.95,"lower_bound":1188952.022873312,"upper_bound":1191214.704418733},"point_estimate":1190061.7471553124,"standard_error":577.2901027245928},"std_dev":{"confidence_interval":{"confidence_level":0.95,"lower_bound":5465.008566053791,"upper_bound":12144.563400836374},"point_estimate":8592.88292575681,"standard_error":1886.8671017237564}}