{"mean":{"confidence_interval":{"confidence_level":0.95,"lower_bound":257501182.8325,"upper_bound":258597796.17725},"point_estimate":258028694.53,"standard_error":280355.15014709416},"median":{"confidence_interval":{"confidence_level":0.95,"lower_bound":256810369.0,"upper_bound":257840325.0},"point_estimate":257198164.0,"standard_error":253872.83706548373},"median_abs_dev":{"confidence_interval":{"confidence_level":0.95,"lower_bound":1470479.7188937664,"upper_bound":2435914.9258113652},"point_estimate":1895339.4977509975,"standard_error":245578.3297916892},"slope":null,"std_dev":{"confidence_interval":{"confidence_level":0.95,"lower_bound":2189252.7222194322,"upper_bound":3360449.093478832},"point_estimate":2821189.376562997,"standard_error":300007.7144335386}}