{"mean":{"confidence_interval":{"confidence_level":0.95,"lower_bound":242259600.4495,"upper_bound":242612296.35425},"point_estimate":242431148.7,"standard_error":90158.10654259473},"median":{"confidence_interval":{"confidence_level":0.95,"lower_bound":242036630.0,"upper_bound":242258274.5},"point_estimate":242101982.0,"standard_error":52363.323645952325},"median_abs_dev":{"confidence_interval":{"confidence_level":0.95,"lower_bound":291634.8278224468,"upper_bound":630293.2790100574},"point_estimate":380052.6424527168,"standard_error":91437.55320476275},"slope":null,"std_dev":{"confidence_interval":{"confidence_level":0.95,"lower_bound":730439.8997461221,"upper_bound":1063960.2796984082},"point_estimate":909001.9119481564,"standard_error":85480.12556366767}}