{"mean":{"confidence_interval":{"confidence_level":0.95,"lower_bound":216357503.0765,"upper_bound":216737815.09550002},"point_estimate":216542186.41,"standard_error":96952.80884532945},"median":{"confidence_interval":{"confidence_level":0.95,"lower_bound":216127624.0,"upper_bound":216393481.0},"point_estimate":216235040.0,"standard_error":63108.048728387446},"median_abs_dev":{"confidence_interval":{"confidence_level":0.95,"lower_bound":459208.6550474167,"upper_bound":750258.5971802473},"point_estimate":597337.3054951429,"standard_error":77406.9563022863},"slope":null,"std_dev":{"confidence_interval":{"confidence_level":0.95,"lower_bound":778783.8247971581,"upper_bound":1136036.40374941},"point_estimate":976384.7685202415,"standard_error":91247.44644547894}}