{"mean":{"confidence_interval":{"confidence_level":0.95,"lower_bound":127919.32088531576,"upper_bound":128307.30064720829},"point_estimate":128062.70703143103,"standard_error":109.1203839627563},"median":{"confidence_interval":{"confidence_level":0.95,"lower_bound":127846.89738051471,"upper_bound":127877.32182835821},"point_estimate":127861.16295498084,"standard_error":8.075727825033155},"median_abs_dev":{"confidence_interval":{"confidence_level":0.95,"lower_bound":40.639935267761324,"upper_bound":78.76343821219844},"point_estimate":60.37859546722406,"standard_error":9.815159808374931},"slope":{"confidence_interval":{"confidence_level":0.95,"lower_bound":127887.49490260972,"upper_bound":128022.80746683084},"point_estimate":127946.90150990098,"standard_error":34.818554573981466},"std_dev":{"confidence_interval":{"confidence_level":0.95,"lower_bound":183.5113853889104,"upper_bound":1846.5418607873319},"point_estimate":1095.2103588033456,"standard_error":566.4044950994896}}