{"mean":{"confidence_interval":{"confidence_level":0.95,"lower_bound":134898.51883105742,"upper_bound":135161.3952036496},"point_estimate":135023.80161080215,"standard_error":67.1065581709826},"median":{"confidence_interval":{"confidence_level":0.95,"lower_bound":134665.16555555555,"upper_bound":134769.03624140087},"point_estimate":134695.62804232806,"standard_error":29.368518721827048},"median_abs_dev":{"confidence_interval":{"confidence_level":0.95,"lower_bound":103.8993103871344,"upper_bound":263.09817602296016},"point_estimate":137.80778972102007,"standard_error":44.87120067790227},"slope":{"confidence_interval":{"confidence_level":0.95,"lower_bound":134925.83078448602,"upper_bound":135259.87811649666},"point_estimate":135084.06314073197,"standard_error":85.43083771520568},"std_dev":{"confidence_interval":{"confidence_level":0.95,"lower_bound":502.4725301009417,"upper_bound":823.1957158534619},"point_estimate":674.291136739507,"standard_error":81.98926702749084}}