{"mean":{"confidence_interval":{"confidence_level":0.95,"lower_bound":1723404.9357675177,"upper_bound":1732475.4669109588},"point_estimate":1727138.9198976327,"standard_error":2357.6430432494767},"median":{"confidence_interval":{"confidence_level":0.95,"lower_bound":1720996.384057971,"upper_bound":1722872.980263158},"point_estimate":1721523.3509936028,"standard_error":570.4340248763699},"median_abs_dev":{"confidence_interval":{"confidence_level":0.95,"lower_bound":2893.0276951445235,"upper_bound":6254.285542588711},"point_estimate":4610.898468280094,"standard_error":879.0226949148167},"slope":{"confidence_interval":{"confidence_level":0.95,"lower_bound":1723428.8814912424,"upper_bound":1726784.022745591},"point_estimate":1725066.7901492538,"standard_error":855.7825659405978},"std_dev":{"confidence_interval":{"confidence_level":0.95,"lower_bound":6963.8097360683,"upper_bound":37597.45401923269},"point_estimate":23605.098554331733,"standard_error":8692.708309698095}}