{"mean":{"confidence_interval":{"confidence_level":0.95,"lower_bound":4100712.8475500005,"upper_bound":4117025.891830002},"point_estimate":4108768.147199999,"standard_error":4165.02229394652},"median":{"confidence_interval":{"confidence_level":0.95,"lower_bound":4098263.46,"upper_bound":4119434.46},"point_estimate":4108971.52,"standard_error":5877.031919986438},"median_abs_dev":{"confidence_interval":{"confidence_level":0.95,"lower_bound":31688.11332142331,"upper_bound":56108.81809186919},"point_estimate":46464.1494390963,"standard_error":6095.873226768067},"slope":null,"std_dev":{"confidence_interval":{"confidence_level":0.95,"lower_bound":36401.78364582613,"upper_bound":46709.30961291278},"point_estimate":41829.50640349868,"standard_error":2632.674059035626}}