{"mean":{"confidence_interval":{"confidence_level":0.95,"lower_bound":4243249.013312499,"upper_bound":4255186.023135416},"point_estimate":4249040.376250001,"standard_error":3045.60627664831},"median":{"confidence_interval":{"confidence_level":0.95,"lower_bound":4237918.791666667,"upper_bound":4248528.625},"point_estimate":4241952.9375,"standard_error":2194.224767860823},"median_abs_dev":{"confidence_interval":{"confidence_level":0.95,"lower_bound":18709.330605342522,"upper_bound":31060.315011069408},"point_estimate":26500.547904521227,"standard_error":3188.5854317654307},"slope":null,"std_dev":{"confidence_interval":{"confidence_level":0.95,"lower_bound":25255.673850631152,"upper_bound":35155.362713658316},"point_estimate":30604.358237834418,"standard_error":2528.013260622493}}