{"mean":{"confidence_interval":{"confidence_level":0.95,"lower_bound":479416.4651958515,"upper_bound":481503.5601923195},"point_estimate":480266.23284971615,"standard_error":545.4234775330772},"median":{"confidence_interval":{"confidence_level":0.95,"lower_bound":478858.70472972974,"upper_bound":479731.0773993808},"point_estimate":479316.6810714286,"standard_error":236.56991831991252},"median_abs_dev":{"confidence_interval":{"confidence_level":0.95,"lower_bound":1263.6651522624556,"upper_bound":2189.755866074198},"point_estimate":1659.2023230872514,"standard_error":239.34188066382785},"slope":{"confidence_interval":{"confidence_level":0.95,"lower_bound":479493.7377549298,"upper_bound":480586.49805615883},"point_estimate":480007.8784459879,"standard_error":278.97284564970266},"std_dev":{"confidence_interval":{"confidence_level":0.95,"lower_bound":1927.6723388982393,"upper_bound":8890.863411194072},"point_estimate":5516.7437430688215,"standard_error":2222.8060186010566}}