{"mean":{"confidence_interval":{"confidence_level":0.95,"lower_bound":146086.1170618934,"upper_bound":146489.55738345007},"point_estimate":146277.2641050335,"standard_error":103.4208220692096},"median":{"confidence_interval":{"confidence_level":0.95,"lower_bound":145692.21181478404,"upper_bound":146005.05255624495},"point_estimate":145804.65787337662,"standard_error":81.23606756519358},"median_abs_dev":{"confidence_interval":{"confidence_level":0.95,"lower_bound":211.10685843602585,"upper_bound":635.5367875893961},"point_estimate":373.54080575656184,"standard_error":111.0686616821234},"slope":{"confidence_interval":{"confidence_level":0.95,"lower_bound":145984.89816531705,"upper_bound":146359.38847848467},"point_estimate":146159.87209736326,"standard_error":95.61972380938789},"std_dev":{"confidence_interval":{"confidence_level":0.95,"lower_bound":731.2573738180505,"upper_bound":1327.3000667011486},"point_estimate":1045.0825979557183,"standard_error":152.88007947284243}}