{"mean":{"confidence_interval":{"confidence_level":0.95,"lower_bound":25644256.0098125,"upper_bound":25689635.5633125},"point_estimate":25666090.0975,"standard_error":11592.217413667031},"median":{"confidence_interval":{"confidence_level":0.95,"lower_bound":25623827.25,"upper_bound":25655801.0},"point_estimate":25635483.875,"standard_error":8343.651887563943},"median_abs_dev":{"confidence_interval":{"confidence_level":0.95,"lower_bound":52845.52937367932,"upper_bound":104526.26334428787},"point_estimate":78179.90583702922,"standard_error":14053.673977698676},"slope":null,"std_dev":{"confidence_interval":{"confidence_level":0.95,"lower_bound":87465.94069367678,"upper_bound":141775.96108444847},"point_estimate":116549.95674215023,"standard_error":13895.260594421241}}