{"mean":{"confidence_interval":{"confidence_level":0.95,"lower_bound":238949.374818562,"upper_bound":239465.15762307824},"point_estimate":239150.93995716778,"standard_error":137.2873876979828},"median":{"confidence_interval":{"confidence_level":0.95,"lower_bound":238896.44323071832,"upper_bound":239083.45679012345},"point_estimate":239020.21943371944,"standard_error":41.981876368047374},"median_abs_dev":{"confidence_interval":{"confidence_level":0.95,"lower_bound":248.1672157593642,"upper_bound":513.8933761671527},"point_estimate":384.9073535174032,"standard_error":61.53052570125764},"slope":{"confidence_interval":{"confidence_level":0.95,"lower_bound":238998.93459977253,"upper_bound":239297.35750973827},"point_estimate":239128.62402180515,"standard_error":76.70523735349644},"std_dev":{"confidence_interval":{"confidence_level":0.95,"lower_bound":365.9339346823159,"upper_bound":2280.7172484806297},"point_estimate":1383.5374907670302,"standard_error":619.1797697678086}}