{"mean":{"confidence_interval":{"confidence_level":0.95,"lower_bound":4219159.2458333345,"upper_bound":4226793.300708334},"point_estimate":4222699.034999999,"standard_error":1956.0567259157451},"median":{"confidence_interval":{"confidence_level":0.95,"lower_bound":4215182.583333334,"upper_bound":4217860.375},"point_estimate":4216735.8125,"standard_error":729.9122091464452},"median_abs_dev":{"confidence_interval":{"confidence_level":0.95,"lower_bound":4614.190880582197,"upper_bound":9010.902877525416},"point_estimate":7141.282535716661,"standard_error":1121.5287136994768},"slope":null,"std_dev":{"confidence_interval":{"confidence_level":0.95,"lower_bound":12604.046980445595,"upper_bound":25390.312859191254},"point_estimate":19690.725722141375,"standard_error":3272.768300856661}}