{"mean":{"confidence_interval":{"confidence_level":0.95,"lower_bound":4727764.169193181,"upper_bound":4734748.922397727},"point_estimate":4731086.040909093,"standard_error":1779.9105653046122},"median":{"confidence_interval":{"confidence_level":0.95,"lower_bound":4723854.636363637,"upper_bound":4732071.818181818},"point_estimate":4725875.159090909,"standard_error":2025.9998722696334},"median_abs_dev":{"confidence_interval":{"confidence_level":0.95,"lower_bound":11053.288235582962,"upper_bound":16892.306901578628},"point_estimate":13735.446369783194,"standard_error":1453.699519623215},"slope":null,"std_dev":{"confidence_interval":{"confidence_level":0.95,"lower_bound":13457.648572308246,"upper_bound":21802.775941562},"point_estimate":17852.193581420892,"standard_error":2133.9572046070584}}