{"mean":{"confidence_interval":{"confidence_level":0.95,"lower_bound":3981820.299298077,"upper_bound":3989190.032644231},"point_estimate":3985115.9288461544,"standard_error":1889.695436391088},"median":{"confidence_interval":{"confidence_level":0.95,"lower_bound":3979081.0384615385,"upper_bound":3980812.596153846},"point_estimate":3979728.0384615385,"standard_error":488.58274358214436},"median_abs_dev":{"confidence_interval":{"confidence_level":0.95,"lower_bound":2727.9625679151363,"upper_bound":5602.004000544548},"point_estimate":3765.205190846686,"standard_error":768.1404072617713},"slope":null,"std_dev":{"confidence_interval":{"confidence_level":0.95,"lower_bound":8625.751661505949,"upper_bound":27086.796556341462},"point_estimate":19015.31400973938,"standard_error":4672.52360001673}}