{"mean":{"confidence_interval":{"confidence_level":0.95,"lower_bound":39523933.083624996,"upper_bound":39722527.8805},"point_estimate":39621327.23,"standard_error":50755.14328033622},"median":{"confidence_interval":{"confidence_level":0.95,"lower_bound":39322039.5,"upper_bound":39412888.75},"point_estimate":39366018.5,"standard_error":23922.549690429565},"median_abs_dev":{"confidence_interval":{"confidence_level":0.95,"lower_bound":117436.00261509418,"upper_bound":264101.09306126833},"point_estimate":174817.0693963766,"standard_error":39263.95694508499},"slope":null,"std_dev":{"confidence_interval":{"confidence_level":0.95,"lower_bound":438074.3426825809,"upper_bound":560358.909158032},"point_estimate":509176.3261485787,"standard_error":31188.08334321092}}