{"mean":{"confidence_interval":{"confidence_level":0.95,"lower_bound":5422174.737000001,"upper_bound":5440396.115276313},"point_estimate":5431015.448947369,"standard_error":4664.430122553988},"median":{"confidence_interval":{"confidence_level":0.95,"lower_bound":5407808.368421053,"upper_bound":5426753.2894736845},"point_estimate":5414313.631578947,"standard_error":5314.212890072409},"median_abs_dev":{"confidence_interval":{"confidence_level":0.95,"lower_bound":23706.57850017666,"upper_bound":46127.74282317467},"point_estimate":33160.728374437065,"standard_error":5732.443414813222},"slope":null,"std_dev":{"confidence_interval":{"confidence_level":0.95,"lower_bound":37027.00003110954,"upper_bound":55628.60870970877},"point_estimate":46808.087086751584,"standard_error":4754.992409029469}}