{"mean":{"confidence_interval":{"confidence_level":0.95,"lower_bound":3992930.916900001,"upper_bound":3999805.147509999},"point_estimate":3996214.134800002,"standard_error":1752.8230896275563},"median":{"confidence_interval":{"confidence_level":0.95,"lower_bound":3991093.96,"upper_bound":3996545.26},"point_estimate":3994350.26,"standard_error":1475.800905598645},"median_abs_dev":{"confidence_interval":{"confidence_level":0.95,"lower_bound":12193.91035151472,"upper_bound":18590.64724194965},"point_estimate":15915.32524144648,"standard_error":1576.8405392477223},"slope":null,"std_dev":{"confidence_interval":{"confidence_level":0.95,"lower_bound":13297.396912493205,"upper_bound":22007.60675183938},"point_estimate":17665.57032702115,"standard_error":2255.8688891534125}}