{"mean":{"confidence_interval":{"confidence_level":0.95,"lower_bound":38353.26740028282,"upper_bound":38511.93623540656},"point_estimate":38428.14822967655,"standard_error":40.31559603016874},"median":{"confidence_interval":{"confidence_level":0.95,"lower_bound":38564.13793297346,"upper_bound":38576.1707760989},"point_estimate":38570.21742429082,"standard_error":5.638118602197524},"median_abs_dev":{"confidence_interval":{"confidence_level":0.95,"lower_bound":19.540795567915275,"upper_bound":268.8851644901449},"point_estimate":35.57684098660742,"standard_error":68.71512960732291},"slope":{"confidence_interval":{"confidence_level":0.95,"lower_bound":38112.705919808584,"upper_bound":38251.537174264384},"point_estimate":38174.81512617794,"standard_error":35.41936603307839},"std_dev":{"confidence_interval":{"confidence_level":0.95,"lower_bound":290.66506521020995,"upper_bound":553.0454812786974},"point_estimate":405.2275812353453,"standard_error":78.00183254053923}}