{"mean":{"confidence_interval":{"confidence_level":0.95,"lower_bound":114525.25294649886,"upper_bound":114974.35008007134},"point_estimate":114684.8142320823,"standard_error":133.83504301994557},"median":{"confidence_interval":{"confidence_level":0.95,"lower_bound":114481.31186868687,"upper_bound":114536.10317460318},"point_estimate":114516.1792512943,"standard_error":12.31291836221368},"median_abs_dev":{"confidence_interval":{"confidence_level":0.95,"lower_bound":94.95187852323882,"upper_bound":151.4702837746571},"point_estimate":124.96693706252678,"standard_error":14.591712007400565},"slope":{"confidence_interval":{"confidence_level":0.95,"lower_bound":114471.15340476506,"upper_bound":114553.65192106861},"point_estimate":114509.12551598443,"standard_error":21.12878220440069},"std_dev":{"confidence_interval":{"confidence_level":0.95,"lower_bound":142.63457154641068,"upper_bound":2293.6955550689254},"point_estimate":1344.6218524459343,"standard_error":761.4670465984017}}