{"mean":{"confidence_interval":{"confidence_level":0.95,"lower_bound":56074149.670625,"upper_bound":56365926.598375},"point_estimate":56218286.375,"standard_error":74479.92824920891},"median":{"confidence_interval":{"confidence_level":0.95,"lower_bound":55947116.5,"upper_bound":56365503.5},"point_estimate":56175473.25,"standard_error":111558.03124870609},"median_abs_dev":{"confidence_interval":{"confidence_level":0.95,"lower_bound":628082.3517993093,"upper_bound":981173.5430806875},"point_estimate":815649.0396693349,"standard_error":89800.98389643444},"slope":null,"std_dev":{"confidence_interval":{"confidence_level":0.95,"lower_bound":639643.1997194034,"upper_bound":854463.4609404118},"point_estimate":750778.3286939473,"standard_error":54861.26777372887}}