{"mean":{"confidence_interval":{"confidence_level":0.95,"lower_bound":73366006.193,"upper_bound":73462720.0705},"point_estimate":73413745.96,"standard_error":24726.602595919052},"median":{"confidence_interval":{"confidence_level":0.95,"lower_bound":73320021.5,"upper_bound":73447455.0},"point_estimate":73393247.5,"standard_error":31607.799106460694},"median_abs_dev":{"confidence_interval":{"confidence_level":0.95,"lower_bound":208157.03630447388,"upper_bound":350377.66267955303},"point_estimate":313432.7539354563,"standard_error":39736.958956280956},"slope":null,"std_dev":{"confidence_interval":{"confidence_level":0.95,"lower_bound":214302.51806672706,"upper_bound":281424.9715730527},"point_estimate":247707.7114952634,"standard_error":17254.643250863704}}