{"mean":{"confidence_interval":{"confidence_level":0.95,"lower_bound":94757.41813871544,"upper_bound":94933.79049297303},"point_estimate":94841.14150776077,"standard_error":44.88960286877165},"median":{"confidence_interval":{"confidence_level":0.95,"lower_bound":94613.54907407408,"upper_bound":94764.50468975469},"point_estimate":94678.79072681704,"standard_error":44.54569848271844},"median_abs_dev":{"confidence_interval":{"confidence_level":0.95,"lower_bound":166.81275903631482,"upper_bound":372.7513161433346},"point_estimate":258.98260341952516,"standard_error":55.01441787871264},"slope":{"confidence_interval":{"confidence_level":0.95,"lower_bound":94753.5014790753,"upper_bound":94952.7452720533},"point_estimate":94850.85474593089,"standard_error":50.69395827472412},"std_dev":{"confidence_interval":{"confidence_level":0.95,"lower_bound":327.14174079675774,"upper_bound":571.2893239837873},"point_estimate":450.38671472353275,"standard_error":63.27348654123794}}