{"mean":{"confidence_interval":{"confidence_level":0.95,"lower_bound":3647144.845839284,"upper_bound":3650713.812},"point_estimate":3648869.3871428557,"standard_error":911.841216449179},"median":{"confidence_interval":{"confidence_level":0.95,"lower_bound":3644071.9285714286,"upper_bound":3647229.9285714286},"point_estimate":3645370.214285714,"standard_error":719.5241375022825},"median_abs_dev":{"confidence_interval":{"confidence_level":0.95,"lower_bound":3585.668036341667,"upper_bound":7153.333073002458},"point_estimate":5147.057608621264,"standard_error":908.304473707022},"slope":null,"std_dev":{"confidence_interval":{"confidence_level":0.95,"lower_bound":7256.462087746072,"upper_bound":10794.840337023492},"point_estimate":9189.55325379009,"standard_error":904.1530118350181}}