{"mean":{"confidence_interval":{"confidence_level":0.95,"lower_bound":160776401.54625,"upper_bound":160969373.2415},"point_estimate":160868984.03,"standard_error":49292.330724720894},"median":{"confidence_interval":{"confidence_level":0.95,"lower_bound":160622260.0,"upper_bound":160753708.0},"point_estimate":160693643.5,"standard_error":37062.87757315895},"median_abs_dev":{"confidence_interval":{"confidence_level":0.95,"lower_bound":219180.90840876102,"upper_bound":450527.2909015417},"point_estimate":317248.96626770496,"standard_error":58142.46968847042},"slope":null,"std_dev":{"confidence_interval":{"confidence_level":0.95,"lower_bound":391844.78792144574,"upper_bound":585379.675264078},"point_estimate":494046.97231705167,"standard_error":49481.56541616063}}