{"mean":{"confidence_interval":{"confidence_level":0.95,"lower_bound":161565377.44599998,"upper_bound":161817548.6195},"point_estimate":161670526.39,"standard_error":65405.92877959285},"median":{"confidence_interval":{"confidence_level":0.95,"lower_bound":161455780.0,"upper_bound":161521741.5},"point_estimate":161489589.0,"standard_error":18082.375407912918},"median_abs_dev":{"confidence_interval":{"confidence_level":0.95,"lower_bound":102976.20507180691,"upper_bound":236075.87640881538},"point_estimate":160129.69275712967,"standard_error":35756.20818601988},"slope":null,"std_dev":{"confidence_interval":{"confidence_level":0.95,"lower_bound":274726.49563603895,"upper_bound":1032063.1026091031},"point_estimate":656474.1270951439,"standard_error":236277.63359716928}}