{"mean":{"confidence_interval":{"confidence_level":0.95,"lower_bound":16475448.092714291,"upper_bound":16500774.137750002},"point_estimate":16487810.377142858,"standard_error":6458.598195831392},"median":{"confidence_interval":{"confidence_level":0.95,"lower_bound":16467359.07142857,"upper_bound":16492773.714285715},"point_estimate":16474705.57142857,"standard_error":6018.108062773272},"median_abs_dev":{"confidence_interval":{"confidence_level":0.95,"lower_bound":44342.23541276874,"upper_bound":68127.3749904983},"point_estimate":54755.382227897644,"standard_error":5952.826256824473},"slope":null,"std_dev":{"confidence_interval":{"confidence_level":0.95,"lower_bound":52347.989826912635,"upper_bound":76773.17334720075},"point_estimate":65010.55011249244,"standard_error":6285.428418093657}}