{"mean":{"confidence_interval":{"confidence_level":0.95,"lower_bound":14482841.759142868,"upper_bound":14505855.151750004},"point_estimate":14494240.14285715,"standard_error":5873.261506598772},"median":{"confidence_interval":{"confidence_level":0.95,"lower_bound":14457992.857142856,"upper_bound":14512077.285714285},"point_estimate":14485567.857142858,"standard_error":13220.228902340401},"median_abs_dev":{"confidence_interval":{"confidence_level":0.95,"lower_bound":45587.831190654804,"upper_bound":85501.11688205076},"point_estimate":70778.68734342494,"standard_error":9784.187772418101},"slope":null,"std_dev":{"confidence_interval":{"confidence_level":0.95,"lower_bound":52577.68274930524,"upper_bound":64331.405922745886},"point_estimate":58907.05156191743,"standard_error":2990.3914036632027}}