{"mean":{"confidence_interval":{"confidence_level":0.95,"lower_bound":39963625.57016667,"upper_bound":39998329.50583335},"point_estimate":39980413.44,"standard_error":8860.372661837593},"median":{"confidence_interval":{"confidence_level":0.95,"lower_bound":39957391.166666664,"upper_bound":39997450.16666667},"point_estimate":39982834.66666667,"standard_error":11123.452981452561},"median_abs_dev":{"confidence_interval":{"confidence_level":0.95,"lower_bound":59445.34014463793,"upper_bound":104643.63584221146},"point_estimate":77572.84292279753,"standard_error":11711.67387294683},"slope":null,"std_dev":{"confidence_interval":{"confidence_level":0.95,"lower_bound":69614.93104917841,"upper_bound":109409.71430800964},"point_estimate":88803.244644983,"standard_error":10370.262585363851}}