{"mean":{"confidence_interval":{"confidence_level":0.95,"lower_bound":926176.4147716676,"upper_bound":931462.4565407482},"point_estimate":928586.1203697304,"standard_error":1347.7454958535625},"median":{"confidence_interval":{"confidence_level":0.95,"lower_bound":923457.7266666667,"upper_bound":925360.4074074074},"point_estimate":924502.1913436693,"standard_error":528.6805929898974},"median_abs_dev":{"confidence_interval":{"confidence_level":0.95,"lower_bound":3097.7286162881996,"upper_bound":5820.064013733508},"point_estimate":4376.641574276835,"standard_error":690.4853615450091},"slope":{"confidence_interval":{"confidence_level":0.95,"lower_bound":925770.1773420109,"upper_bound":931233.9476879702},"point_estimate":928255.5824934732,"standard_error":1401.016254854861},"std_dev":{"confidence_interval":{"confidence_level":0.95,"lower_bound":8072.767400492814,"upper_bound":18064.953886845},"point_estimate":13476.483633816659,"standard_error":2557.82245287934}}