{"mean":{"confidence_interval":{"confidence_level":0.95,"lower_bound":5070815.6691499995,"upper_bound":5469600.498124998},"point_estimate":5206509.865999997,"standard_error":128336.70928444095},"median":{"confidence_interval":{"confidence_level":0.95,"lower_bound":5065721.1,"upper_bound":5077333.95},"point_estimate":5072497.15,"standard_error":3289.5911260092093},"median_abs_dev":{"confidence_interval":{"confidence_level":0.95,"lower_bound":21769.75671350956,"upper_bound":36426.962443292694},"point_estimate":28743.388079702025,"standard_error":3762.7898968189174},"slope":null,"std_dev":{"confidence_interval":{"confidence_level":0.95,"lower_bound":34870.156097399886,"upper_bound":2197341.137228647},"point_estimate":1281872.5619329691,"standard_error":783441.2048529553}}