{"mean":{"confidence_interval":{"confidence_level":0.95,"lower_bound":7273.4912384252375,"upper_bound":7295.647521678637},"point_estimate":7283.285111451445,"standard_error":5.69256179072722},"median":{"confidence_interval":{"confidence_level":0.95,"lower_bound":7265.696730942014,"upper_bound":7272.44887057387},"point_estimate":7269.042826847339,"standard_error":1.8174724718937463},"median_abs_dev":{"confidence_interval":{"confidence_level":0.95,"lower_bound":15.563741446379902,"upper_bound":30.919161937051438},"point_estimate":23.201892524493537,"standard_error":3.963149974395767},"slope":{"confidence_interval":{"confidence_level":0.95,"lower_bound":7266.099770686782,"upper_bound":7274.667247957627},"point_estimate":7270.246701851422,"standard_error":2.1871744583963086},"std_dev":{"confidence_interval":{"confidence_level":0.95,"lower_bound":27.287119669494214,"upper_bound":85.58301719631908},"point_estimate":57.29551922414393,"standard_error":15.796496209637521}}