{"mean":{"confidence_interval":{"confidence_level":0.95,"lower_bound":13775846.7564375,"upper_bound":13793483.85521875},"point_estimate":13784205.9875,"standard_error":4516.925547868762},"median":{"confidence_interval":{"confidence_level":0.95,"lower_bound":13762877.4375,"upper_bound":13770418.6875},"point_estimate":13766512.9375,"standard_error":2214.3378473314133},"median_abs_dev":{"confidence_interval":{"confidence_level":0.95,"lower_bound":12140.084559470415,"upper_bound":23222.148712724447},"point_estimate":17342.43520461023,"standard_error":2917.776691903514},"slope":null,"std_dev":{"confidence_interval":{"confidence_level":0.95,"lower_bound":33578.80411542169,"upper_bound":55311.632823481115},"point_estimate":45558.841658078316,"standard_error":5546.479450165106}}