{"mean":{"confidence_interval":{"confidence_level":0.95,"lower_bound":159301.0067288467,"upper_bound":159466.63639960357},"point_estimate":159380.754223982,"standard_error":42.223640762582114},"median":{"confidence_interval":{"confidence_level":0.95,"lower_bound":159210.1923076923,"upper_bound":159337.3212058212},"point_estimate":159282.06878698224,"standard_error":27.475994093118494},"median_abs_dev":{"confidence_interval":{"confidence_level":0.95,"lower_bound":183.57227079510668,"upper_bound":323.36523011230594},"point_estimate":244.24752183896564,"standard_error":34.4773681946912},"slope":{"confidence_interval":{"confidence_level":0.95,"lower_bound":159301.8345796257,"upper_bound":159520.45936685172},"point_estimate":159403.8747157586,"standard_error":55.79038403089456},"std_dev":{"confidence_interval":{"confidence_level":0.95,"lower_bound":323.8509943548439,"upper_bound":515.7391502436462},"point_estimate":424.56218682617305,"standard_error":49.0247384408524}}