{"mean":{"confidence_interval":{"confidence_level":0.95,"lower_bound":145395.2528232186,"upper_bound":145521.27881002217},"point_estimate":145452.78877270975,"standard_error":32.20118062475195},"median":{"confidence_interval":{"confidence_level":0.95,"lower_bound":145349.0458553792,"upper_bound":145454.66696428572},"point_estimate":145417.94074198423,"standard_error":24.851596443994048},"median_abs_dev":{"confidence_interval":{"confidence_level":0.95,"lower_bound":141.15985797777162,"upper_bound":239.4072785889412},"point_estimate":176.21597379450716,"standard_error":24.345650291823723},"slope":{"confidence_interval":{"confidence_level":0.95,"lower_bound":145370.72883418476,"upper_bound":145471.12828410402},"point_estimate":145418.1782159218,"standard_error":25.573704252328294},"std_dev":{"confidence_interval":{"confidence_level":0.95,"lower_bound":191.35417483600187,"upper_bound":463.00774434376456},"point_estimate":323.96964194835385,"standard_error":74.82436666084493}}