{"mean":{"confidence_interval":{"confidence_level":0.95,"lower_bound":51936316.522,"upper_bound":51992521.136125},"point_estimate":51962676.4,"standard_error":14352.520397917106},"median":{"confidence_interval":{"confidence_level":0.95,"lower_bound":51907841.75,"upper_bound":51938177.0},"point_estimate":51923841.0,"standard_error":7836.204954043031},"median_abs_dev":{"confidence_interval":{"confidence_level":0.95,"lower_bound":54215.71583747864,"upper_bound":98029.5102596283},"point_estimate":74814.21857178211,"standard_error":12011.218629674418},"slope":null,"std_dev":{"confidence_interval":{"confidence_level":0.95,"lower_bound":97825.89899003798,"upper_bound":190437.86991601123},"point_estimate":144175.25931520312,"standard_error":24150.910548473992}}