{"mean":{"confidence_interval":{"confidence_level":0.95,"lower_bound":41069843.71341666,"upper_bound":41112138.28708333},"point_estimate":41090317.42333333,"standard_error":10815.383932839557},"median":{"confidence_interval":{"confidence_level":0.95,"lower_bound":41037719.666666664,"upper_bound":41081825.166666664},"point_estimate":41062319.16666667,"standard_error":11068.281883439358},"median_abs_dev":{"confidence_interval":{"confidence_level":0.95,"lower_bound":64389.069756869045,"upper_bound":112369.21720504761},"point_estimate":90646.16239071445,"standard_error":12417.962175824807},"slope":null,"std_dev":{"confidence_interval":{"confidence_level":0.95,"lower_bound":87429.29266684639,"upper_bound":127646.64356039555},"point_estimate":108520.3557438502,"standard_error":10285.59464349458}}