{"mean":{"confidence_interval":{"confidence_level":0.95,"lower_bound":51995219.825,"upper_bound":52066552.120375},"point_estimate":52030340.185,"standard_error":18140.12896162435},"median":{"confidence_interval":{"confidence_level":0.95,"lower_bound":51911873.5,"upper_bound":52083777.5},"point_estimate":52003368.0,"standard_error":46753.142273919475},"median_abs_dev":{"confidence_interval":{"confidence_level":0.95,"lower_bound":128066.24442636967,"upper_bound":256430.49144744873},"point_estimate":206683.70258063078,"standard_error":32925.620458235906},"slope":null,"std_dev":{"confidence_interval":{"confidence_level":0.95,"lower_bound":157689.48368664167,"upper_bound":205560.37485729976},"point_estimate":182209.2195596414,"standard_error":12246.834706707197}}