{"mean":{"confidence_interval":{"confidence_level":0.95,"lower_bound":440860.2911506516,"upper_bound":441158.4982477822},"point_estimate":441001.52388916345,"standard_error":75.94946176737992},"median":{"confidence_interval":{"confidence_level":0.95,"lower_bound":440647.23192239855,"upper_bound":440857.2611111111},"point_estimate":440737.46557328606,"standard_error":55.9350831158207},"median_abs_dev":{"confidence_interval":{"confidence_level":0.95,"lower_bound":251.33364220462366,"upper_bound":479.0162986721983},"point_estimate":358.14721815141104,"standard_error":58.057108080076354},"slope":{"confidence_interval":{"confidence_level":0.95,"lower_bound":440699.8992006533,"upper_bound":441051.93678720173},"point_estimate":440856.22930003447,"standard_error":90.58052658058367},"std_dev":{"confidence_interval":{"confidence_level":0.95,"lower_bound":553.3229002668047,"upper_bound":942.4203059555571},"point_estimate":764.6817153014039,"standard_error":99.49993253804035}}