{"mean":{"confidence_interval":{"confidence_level":0.95,"lower_bound":6092939.134999997,"upper_bound":6103978.555544117},"point_estimate":6098294.794705886,"standard_error":2811.2474613863806},"median":{"confidence_interval":{"confidence_level":0.95,"lower_bound":6085762.852941176,"upper_bound":6100492.647058823},"point_estimate":6092730.55882353,"standard_error":3770.5876120898406},"median_abs_dev":{"confidence_interval":{"confidence_level":0.95,"lower_bound":20344.236838817596,"upper_bound":31742.291012931622},"point_estimate":26743.966836964708,"standard_error":2956.3048959440284},"slope":null,"std_dev":{"confidence_interval":{"confidence_level":0.95,"lower_bound":22996.676884292207,"upper_bound":33260.24869470942},"point_estimate":28260.990790688735,"standard_error":2627.6689880979825}}