{"mean":{"confidence_interval":{"confidence_level":0.95,"lower_bound":64183.695522236674,"upper_bound":64399.32719969145},"point_estimate":64280.01113828987,"standard_error":55.52850098990807},"median":{"confidence_interval":{"confidence_level":0.95,"lower_bound":64037.4930875576,"upper_bound":64174.02969208211},"point_estimate":64092.97730925205,"standard_error":37.359293716350436},"median_abs_dev":{"confidence_interval":{"confidence_level":0.95,"lower_bound":118.2384262768341,"upper_bound":282.24261529265283},"point_estimate":184.36565162965013,"standard_error":43.8706594356978},"slope":{"confidence_interval":{"confidence_level":0.95,"lower_bound":64092.50681212859,"upper_bound":64272.2341617428},"point_estimate":64170.82021584826,"standard_error":46.140897162121306},"std_dev":{"confidence_interval":{"confidence_level":0.95,"lower_bound":285.94863082623067,"upper_bound":817.1790665417595},"point_estimate":558.6757604934976,"standard_error":142.290309883587}}