{"mean":{"confidence_interval":{"confidence_level":0.95,"lower_bound":127732592.565,"upper_bound":127825829.60525},"point_estimate":127775054.24,"standard_error":23775.441959265827},"median":{"confidence_interval":{"confidence_level":0.95,"lower_bound":127695577.0,"upper_bound":127788261.0},"point_estimate":127736287.5,"standard_error":24166.46472740714},"median_abs_dev":{"confidence_interval":{"confidence_level":0.95,"lower_bound":131191.56517088413,"upper_bound":223525.66763162613},"point_estimate":158330.5576890707,"standard_error":22911.33359827807},"slope":null,"std_dev":{"confidence_interval":{"confidence_level":0.95,"lower_bound":151588.79288464438,"upper_bound":340989.0035963902},"point_estimate":238802.8665317064,"standard_error":57150.12989255215}}