{"mean":{"confidence_interval":{"confidence_level":0.95,"lower_bound":2746.9982282240912,"upper_bound":2749.4695640193927},"point_estimate":2748.1610578146187,"standard_error":0.6293072907373202},"median":{"confidence_interval":{"confidence_level":0.95,"lower_bound":2745.442866168389,"upper_bound":2747.1097907949793},"point_estimate":2746.0529368542648,"standard_error":0.4331386235717283},"median_abs_dev":{"confidence_interval":{"confidence_level":0.95,"lower_bound":1.928490859467457,"upper_bound":3.5092218774291672},"point_estimate":2.298288432000401,"standard_error":0.3844073848746413},"slope":{"confidence_interval":{"confidence_level":0.95,"lower_bound":2747.607187313919,"upper_bound":2750.9769585468985},"point_estimate":2749.1749774966256,"standard_error":0.8622045265758216},"std_dev":{"confidence_interval":{"confidence_level":0.95,"lower_bound":4.477804692950291,"upper_bound":7.862853893087892},"point_estimate":6.3219314028970075,"standard_error":0.862248982221818}}