{"mean":{"confidence_interval":{"confidence_level":0.95,"lower_bound":40762150.058875,"upper_bound":41339668.951125},"point_estimate":41043975.705,"standard_error":147471.96900389978},"median":{"confidence_interval":{"confidence_level":0.95,"lower_bound":40661016.5,"upper_bound":41580895.5},"point_estimate":40987294.25,"standard_error":236055.2296747355},"median_abs_dev":{"confidence_interval":{"confidence_level":0.95,"lower_bound":1216056.297160685,"upper_bound":1857236.7803562055},"point_estimate":1623956.9855690002,"standard_error":166574.25637963598},"slope":null,"std_dev":{"confidence_interval":{"confidence_level":0.95,"lower_bound":1202807.6133553241,"upper_bound":1813337.2842896618},"point_estimate":1483714.9520249686,"standard_error":162141.9042210859}}