{"mean":{"confidence_interval":{"confidence_level":0.95,"lower_bound":832195.1848173818,"upper_bound":836857.5072874591},"point_estimate":834307.7598816864,"standard_error":1194.5055655202405},"median":{"confidence_interval":{"confidence_level":0.95,"lower_bound":830625.0950557762,"upper_bound":832220.25},"point_estimate":831509.731060606,"standard_error":429.7536730492838},"median_abs_dev":{"confidence_interval":{"confidence_level":0.95,"lower_bound":2482.6060075915375,"upper_bound":4261.408535972822},"point_estimate":3317.1552190776893,"standard_error":466.11152861965735},"slope":{"confidence_interval":{"confidence_level":0.95,"lower_bound":831648.7310682749,"upper_bound":840027.0556918554},"point_estimate":835403.8101581202,"standard_error":2145.7993403221926},"std_dev":{"confidence_interval":{"confidence_level":0.95,"lower_bound":6215.65508974788,"upper_bound":16746.349212209203},"point_estimate":12041.528222482992,"standard_error":2683.515895233504}}