{"mean":{"confidence_interval":{"confidence_level":0.95,"lower_bound":118680.02218437173,"upper_bound":118874.83309997137},"point_estimate":118764.09318483151,"standard_error":50.2342267348069},"median":{"confidence_interval":{"confidence_level":0.95,"lower_bound":118592.41990412463,"upper_bound":118665.33737024221},"point_estimate":118617.84842324027,"standard_error":15.665087440635329},"median_abs_dev":{"confidence_interval":{"confidence_level":0.95,"lower_bound":82.89486638299256,"upper_bound":164.34997907156506},"point_estimate":109.32270498393709,"standard_error":18.849745822081896},"slope":{"confidence_interval":{"confidence_level":0.95,"lower_bound":118697.41489809491,"upper_bound":118821.50053926102},"point_estimate":118755.24654873565,"standard_error":31.677395741144718},"std_dev":{"confidence_interval":{"confidence_level":0.95,"lower_bound":203.40607365266976,"upper_bound":767.9320473537313},"point_estimate":504.1656985809317,"standard_error":153.40109231639835}}