{"mean":{"confidence_interval":{"confidence_level":0.95,"lower_bound":1366662.69755116,"upper_bound":1565227.5882437164},"point_estimate":1446366.142436115,"standard_error":54734.222513853805},"median":{"confidence_interval":{"confidence_level":0.95,"lower_bound":1365444.8385885884,"upper_bound":1372351.1234375},"point_estimate":1370270.5435205784,"standard_error":1674.5400970843355},"median_abs_dev":{"confidence_interval":{"confidence_level":0.95,"lower_bound":11245.894244360788,"upper_bound":20010.74051667968},"point_estimate":16206.724766305328,"standard_error":2240.2488888852254},"slope":{"confidence_interval":{"confidence_level":0.95,"lower_bound":1370274.2674319874,"upper_bound":1713585.160374486},"point_estimate":1491643.841832422,"standard_error":96215.85845271403},"std_dev":{"confidence_interval":{"confidence_level":0.95,"lower_bound":17515.813945096328,"upper_bound":859282.249371105},"point_estimate":548682.2005739085,"standard_error":232336.68650471166}}