{"mean":{"confidence_interval":{"confidence_level":0.95,"lower_bound":104839078.221,"upper_bound":104941732.54325},"point_estimate":104889626.76,"standard_error":26109.328597468866},"median":{"confidence_interval":{"confidence_level":0.95,"lower_bound":104757027.0,"upper_bound":104846801.0},"point_estimate":104790059.0,"standard_error":21445.77786467117},"median_abs_dev":{"confidence_interval":{"confidence_level":0.95,"lower_bound":129044.0191090107,"upper_bound":267828.75711008906},"point_estimate":169636.12378835678,"standard_error":36494.99677951039},"slope":null,"std_dev":{"confidence_interval":{"confidence_level":0.95,"lower_bound":228136.60428118444,"upper_bound":291199.12264868175},"point_estimate":262471.79202283657,"standard_error":16119.19920611368}}