{"mean":{"confidence_interval":{"confidence_level":0.95,"lower_bound":103014206.517,"upper_bound":103097489.20099999},"point_estimate":103054456.2,"standard_error":21270.307724503436},"median":{"confidence_interval":{"confidence_level":0.95,"lower_bound":102938584.0,"upper_bound":103027893.0},"point_estimate":102970224.0,"standard_error":21225.192558965933},"median_abs_dev":{"confidence_interval":{"confidence_level":0.95,"lower_bound":91248.83928000927,"upper_bound":196555.69151043892},"point_estimate":126112.17766106129,"standard_error":26896.73114953723},"slope":null,"std_dev":{"confidence_interval":{"confidence_level":0.95,"lower_bound":172478.99841419005,"upper_bound":248756.88872143123},"point_estimate":213438.0515529203,"standard_error":19474.767135945254}}