{"mean":{"confidence_interval":{"confidence_level":0.95,"lower_bound":105706737.58250001,"upper_bound":105784222.3735},"point_estimate":105743436.08,"standard_error":19823.524487450915},"median":{"confidence_interval":{"confidence_level":0.95,"lower_bound":105657129.0,"upper_bound":105705179.0},"point_estimate":105674461.5,"standard_error":14566.199831994894},"median_abs_dev":{"confidence_interval":{"confidence_level":0.95,"lower_bound":56055.62240481377,"upper_bound":129651.14379823208},"point_estimate":83660.15131473541,"standard_error":17951.841816224187},"slope":null,"std_dev":{"confidence_interval":{"confidence_level":0.95,"lower_bound":140060.10245351214,"upper_bound":253083.669272338},"point_estimate":199072.26706849833,"standard_error":29046.81403449094}}