{"mean":{"confidence_interval":{"confidence_level":0.95,"lower_bound":603197.8121485772,"upper_bound":604411.7965445353},"point_estimate":603712.2588620889,"standard_error":314.61465683552984},"median":{"confidence_interval":{"confidence_level":0.95,"lower_bound":602816.7085253457,"upper_bound":603269.186746988},"point_estimate":602995.0865384615,"standard_error":108.26391335818843},"median_abs_dev":{"confidence_interval":{"confidence_level":0.95,"lower_bound":648.7336196323902,"upper_bound":1026.3298317790031},"point_estimate":871.2200771798089,"standard_error":98.06040426265847},"slope":{"confidence_interval":{"confidence_level":0.95,"lower_bound":603296.5462550748,"upper_bound":605177.2881997569},"point_estimate":604011.4800221664,"standard_error":504.68685570620534},"std_dev":{"confidence_interval":{"confidence_level":0.95,"lower_bound":1372.1084493791495,"upper_bound":4955.509339380771},"point_estimate":3172.1541634850023,"standard_error":1126.7078694454299}}