{"mean":{"confidence_interval":{"confidence_level":0.95,"lower_bound":40086.91506451844,"upper_bound":40219.411563765156},"point_estimate":40134.40324530144,"standard_error":39.33862395464134},"median":{"confidence_interval":{"confidence_level":0.95,"lower_bound":40069.964583333334,"upper_bound":40080.8193939394},"point_estimate":40073.045973863234,"standard_error":2.495265430349246},"median_abs_dev":{"confidence_interval":{"confidence_level":0.95,"lower_bound":13.766896570971603,"upper_bound":28.67039271559671},"point_estimate":18.90703746052921,"standard_error":3.5302226183414662},"slope":{"confidence_interval":{"confidence_level":0.95,"lower_bound":40087.41260063196,"upper_bound":40112.0558727044},"point_estimate":40099.02556169647,"standard_error":6.290365519872406},"std_dev":{"confidence_interval":{"confidence_level":0.95,"lower_bound":43.796381565755766,"upper_bound":675.8866347791361},"point_estimate":396.55118286089515,"standard_error":223.05216229941274}}