{"mean":{"confidence_interval":{"confidence_level":0.95,"lower_bound":39720.49004410617,"upper_bound":39847.72742728648},"point_estimate":39765.84767989941,"standard_error":37.648739962393805},"median":{"confidence_interval":{"confidence_level":0.95,"lower_bound":39700.573829531815,"upper_bound":39714.503642533935},"point_estimate":39704.42440231907,"standard_error":3.3031134636874735},"median_abs_dev":{"confidence_interval":{"confidence_level":0.95,"lower_bound":12.159028569572685,"upper_bound":29.722342140806543},"point_estimate":18.72879999339786,"standard_error":4.380684374969246},"slope":{"confidence_interval":{"confidence_level":0.95,"lower_bound":39728.04782253832,"upper_bound":39759.271028228846},"point_estimate":39742.993900097645,"standard_error":7.948656312415044},"std_dev":{"confidence_interval":{"confidence_level":0.95,"lower_bound":42.47799996724847,"upper_bound":643.6919430873047},"point_estimate":377.8044388526154,"standard_error":211.79027011359508}}