{"mean":{"confidence_interval":{"confidence_level":0.95,"lower_bound":54814.64362853636,"upper_bound":54901.6126624443},"point_estimate":54856.30314596302,"standard_error":22.096447380758182},"median":{"confidence_interval":{"confidence_level":0.95,"lower_bound":54759.48412989554,"upper_bound":54809.4706959707},"point_estimate":54777.46660917888,"standard_error":12.489345067294623},"median_abs_dev":{"confidence_interval":{"confidence_level":0.95,"lower_bound":86.50656790458363,"upper_bound":193.83617050744147},"point_estimate":135.2791859246175,"standard_error":26.789466299889753},"slope":{"confidence_interval":{"confidence_level":0.95,"lower_bound":54815.01366685365,"upper_bound":54891.42032610712},"point_estimate":54851.17393941185,"standard_error":19.527952334601835},"std_dev":{"confidence_interval":{"confidence_level":0.95,"lower_bound":169.91104157112508,"upper_bound":270.03750410348414},"point_estimate":222.44579947275142,"standard_error":25.576307510985938}}