{"mean":{"confidence_interval":{"confidence_level":0.95,"lower_bound":1406856977.2919998,"upper_bound":1411026110.3925002},"point_estimate":1408932643.94,"standard_error":1063029.0072752705},"median":{"confidence_interval":{"confidence_level":0.95,"lower_bound":1405479675.0,"upper_bound":1411320927.0},"point_estimate":1408403125.5,"standard_error":1662493.9003819507},"median_abs_dev":{"confidence_interval":{"confidence_level":0.95,"lower_bound":7302463.88605535,"upper_bound":12853353.769907355},"point_estimate":9437074.26315844,"standard_error":1391802.4808529087},"slope":null,"std_dev":{"confidence_interval":{"confidence_level":0.95,"lower_bound":9147267.525431402,"upper_bound":12086890.9929386},"point_estimate":10690453.374066709,"standard_error":751995.979166863}}