{"mean":{"confidence_interval":{"confidence_level":0.95,"lower_bound":4496863.477386361,"upper_bound":4971447.522420454},"point_estimate":4675341.172272726,"standard_error":129929.57107125358},"median":{"confidence_interval":{"confidence_level":0.95,"lower_bound":4481789.136363637,"upper_bound":4496887.5227272725},"point_estimate":4489648.272727273,"standard_error":3593.5321458257945},"median_abs_dev":{"confidence_interval":{"confidence_level":0.95,"lower_bound":22818.965758518487,"upper_bound":39955.732336098125},"point_estimate":32040.097381175947,"standard_error":4095.030920424502},"slope":null,"std_dev":{"confidence_interval":{"confidence_level":0.95,"lower_bound":48306.30413862033,"upper_bound":2153914.3411769494},"point_estimate":1299462.326761332,"standard_error":619529.2891330043}}