{"mean":{"confidence_interval":{"confidence_level":0.95,"lower_bound":164269094.87324998,"upper_bound":164415887.5985},"point_estimate":164338996.94,"standard_error":37666.74659564342},"median":{"confidence_interval":{"confidence_level":0.95,"lower_bound":164159000.0,"upper_bound":164326210.0},"point_estimate":164219667.0,"standard_error":39470.75613486886},"median_abs_dev":{"confidence_interval":{"confidence_level":0.95,"lower_bound":185198.97571206093,"upper_bound":340424.2277562618},"point_estimate":246378.4636259079,"standard_error":39848.16202773337},"slope":null,"std_dev":{"confidence_interval":{"confidence_level":0.95,"lower_bound":283379.39517436444,"upper_bound":461247.92448195507},"point_estimate":378153.05193240783,"standard_error":45475.7247905493}}