{"mean":{"confidence_interval":{"confidence_level":0.95,"lower_bound":1826.1029360643859,"upper_bound":1829.3436825450856},"point_estimate":1827.5688362961318,"standard_error":0.8290734228311564},"median":{"confidence_interval":{"confidence_level":0.95,"lower_bound":1823.729530377095,"upper_bound":1826.835567970205},"point_estimate":1824.802075019952,"standard_error":0.7010980561917125},"median_abs_dev":{"confidence_interval":{"confidence_level":0.95,"lower_bound":2.6260302542299474,"upper_bound":5.684701436165081},"point_estimate":3.7957992588227447,"standard_error":0.7651117212387438},"slope":{"confidence_interval":{"confidence_level":0.95,"lower_bound":1827.089380862248,"upper_bound":1830.1663934764356},"point_estimate":1828.580885381709,"standard_error":0.7862406280200185},"std_dev":{"confidence_interval":{"confidence_level":0.95,"lower_bound":4.765976054912267,"upper_bound":12.09745154734781},"point_estimate":8.322359656524748,"standard_error":2.1273839480053978}}