{"mean":{"confidence_interval":{"confidence_level":0.95,"lower_bound":761387751.7509999,"upper_bound":765055799.8405},"point_estimate":763225236.42,"standard_error":937959.0266892334},"median":{"confidence_interval":{"confidence_level":0.95,"lower_bound":760766470.0,"upper_bound":764677261.0},"point_estimate":762322860.5,"standard_error":787430.7953674429},"median_abs_dev":{"confidence_interval":{"confidence_level":0.95,"lower_bound":6215043.448230922,"upper_bound":10079231.251560362},"point_estimate":7899854.565149546,"standard_error":1010551.9661178618},"slope":null,"std_dev":{"confidence_interval":{"confidence_level":0.95,"lower_bound":7937558.606680344,"upper_bound":10781703.298865404},"point_estimate":9431579.764960285,"standard_error":728415.2172713302}}