{"mean":{"confidence_interval":{"confidence_level":0.95,"lower_bound":833082.9678333113,"upper_bound":944968.4714125528},"point_estimate":879296.4544722615,"standard_error":29649.73464891524},"median":{"confidence_interval":{"confidence_level":0.95,"lower_bound":823062.5623892236,"upper_bound":837997.4603174604},"point_estimate":828748.5376175549,"standard_error":3987.6271992765232},"median_abs_dev":{"confidence_interval":{"confidence_level":0.95,"lower_bound":22193.744926072828,"upper_bound":33698.51723839831},"point_estimate":27389.669345912644,"standard_error":2783.1998990844554},"slope":{"confidence_interval":{"confidence_level":0.95,"lower_bound":827850.5742402249,"upper_bound":957717.9313794104},"point_estimate":873675.3071848678,"standard_error":35711.87640854589},"std_dev":{"confidence_interval":{"confidence_level":0.95,"lower_bound":39353.5847638954,"upper_bound":461924.1172978182},"point_estimate":298069.50327997835,"standard_error":113743.0234421826}}