{"mean":{"confidence_interval":{"confidence_level":0.95,"lower_bound":38448819.138333336,"upper_bound":38498064.267916664},"point_estimate":38472763.11000001,"standard_error":12563.72999488237},"median":{"confidence_interval":{"confidence_level":0.95,"lower_bound":38425749.66666667,"upper_bound":38472178.666666664},"point_estimate":38442490.5,"standard_error":13286.174712180558},"median_abs_dev":{"confidence_interval":{"confidence_level":0.95,"lower_bound":71443.03333163446,"upper_bound":125075.59317946802},"point_estimate":95547.3908036984,"standard_error":13502.554639069453},"slope":null,"std_dev":{"confidence_interval":{"confidence_level":0.95,"lower_bound":100396.59636714014,"upper_bound":148439.54432037787},"point_estimate":125830.54890312479,"standard_error":12258.006253068217}}