{"mean":{"confidence_interval":{"confidence_level":0.95,"lower_bound":38117740.19583333,"upper_bound":38161580.192083314},"point_estimate":38138966.00333333,"standard_error":11152.81397066119},"median":{"confidence_interval":{"confidence_level":0.95,"lower_bound":38094073.333333336,"upper_bound":38131127.5},"point_estimate":38109309.666666664,"standard_error":9932.943795129158},"median_abs_dev":{"confidence_interval":{"confidence_level":0.95,"lower_bound":53509.50405001272,"upper_bound":108173.21217953422},"point_estimate":69757.56426155935,"standard_error":13459.709170137852},"slope":null,"std_dev":{"confidence_interval":{"confidence_level":0.95,"lower_bound":90314.38753650172,"upper_bound":131715.43538088113},"point_estimate":112253.31803466791,"standard_error":10571.653333556907}}