{"mean":{"confidence_interval":{"confidence_level":0.95,"lower_bound":40021.64700497361,"upper_bound":40147.53127451375},"point_estimate":40068.6951642489,"standard_error":34.69177285173693},"median":{"confidence_interval":{"confidence_level":0.95,"lower_bound":40000.81075559701,"upper_bound":40016.39688888889},"point_estimate":40004.855892857144,"standard_error":3.8899093739797963},"median_abs_dev":{"confidence_interval":{"confidence_level":0.95,"lower_bound":17.416225440792566,"upper_bound":38.32666284898038},"point_estimate":23.24870875249771,"standard_error":5.355722188384222},"slope":{"confidence_interval":{"confidence_level":0.95,"lower_bound":40010.07723857928,"upper_bound":40035.56157423106},"point_estimate":40021.5041018472,"standard_error":6.566220380723296},"std_dev":{"confidence_interval":{"confidence_level":0.95,"lower_bound":45.9837249362439,"upper_bound":588.0378965393239},"point_estimate":349.947548247245,"standard_error":174.46433196655025}}