{"mean":{"confidence_interval":{"confidence_level":0.95,"lower_bound":5023.84417166666,"upper_bound":5029.040975838019},"point_estimate":5026.157281816535,"standard_error":1.3311863459015558},"median":{"confidence_interval":{"confidence_level":0.95,"lower_bound":5021.782825505672,"upper_bound":5024.597008318082},"point_estimate":5023.230603443777,"standard_error":0.7596989217827713},"median_abs_dev":{"confidence_interval":{"confidence_level":0.95,"lower_bound":4.359075327848725,"upper_bound":7.223046301217333},"point_estimate":5.631657181493338,"standard_error":0.7119812348080297},"slope":{"confidence_interval":{"confidence_level":0.95,"lower_bound":5025.178721428943,"upper_bound":5030.001261321686},"point_estimate":5027.537017113811,"standard_error":1.227949310523216},"std_dev":{"confidence_interval":{"confidence_level":0.95,"lower_bound":6.678158910218574,"upper_bound":19.73446291978603},"point_estimate":13.346699404650323,"standard_error":3.5289899630195674}}