{"mean":{"confidence_interval":{"confidence_level":0.95,"lower_bound":60771808.757625,"upper_bound":60858331.9345},"point_estimate":60814005.805,"standard_error":22023.389368283144},"median":{"confidence_interval":{"confidence_level":0.95,"lower_bound":60677502.0,"upper_bound":60811926.5},"point_estimate":60745049.25,"standard_error":35439.61315140858},"median_abs_dev":{"confidence_interval":{"confidence_level":0.95,"lower_bound":112792.87014752626,"upper_bound":250820.70379704237},"point_estimate":182234.5170646906,"standard_error":36214.375346853274},"slope":null,"std_dev":{"confidence_interval":{"confidence_level":0.95,"lower_bound":184665.97902577443,"upper_bound":255754.56066989657},"point_estimate":221624.6755843039,"standard_error":18231.318879386294}}