{"mean":{"confidence_interval":{"confidence_level":0.95,"lower_bound":56318655.19775,"upper_bound":56360531.502},"point_estimate":56338354.68,"standard_error":10688.521397521405},"median":{"confidence_interval":{"confidence_level":0.95,"lower_bound":56299112.0,"upper_bound":56329362.5},"point_estimate":56313526.25,"standard_error":8512.549757073186},"median_abs_dev":{"confidence_interval":{"confidence_level":0.95,"lower_bound":54383.99093449116,"upper_bound":90637.26679086685},"point_estimate":75738.99030536413,"standard_error":9835.414229869271},"slope":null,"std_dev":{"confidence_interval":{"confidence_level":0.95,"lower_bound":72145.27501183574,"upper_bound":142041.02460729654},"point_estimate":107428.22163279277,"standard_error":18216.667167059135}}