{"mean":{"confidence_interval":{"confidence_level":0.95,"lower_bound":55479295.816874996,"upper_bound":55580800.752375},"point_estimate":55528356.64,"standard_error":25849.657124090096},"median":{"confidence_interval":{"confidence_level":0.95,"lower_bound":55411708.5,"upper_bound":55503132.5},"point_estimate":55444325.5,"standard_error":28959.22462382134},"median_abs_dev":{"confidence_interval":{"confidence_level":0.95,"lower_bound":143970.83564400673,"upper_bound":260639.08312898115},"point_estimate":186816.12163335085,"standard_error":28869.685750555887},"slope":null,"std_dev":{"confidence_interval":{"confidence_level":0.95,"lower_bound":209778.2848465468,"upper_bound":302986.45095088147},"point_estimate":260492.12528676286,"standard_error":23786.08811897358}}