{"mean":{"confidence_interval":{"confidence_level":0.95,"lower_bound":684578561.3125,"upper_bound":688285037.788},"point_estimate":686467045.52,"standard_error":947884.1247767805},"median":{"confidence_interval":{"confidence_level":0.95,"lower_bound":684236383.0,"upper_bound":688830653.0},"point_estimate":685920056.5,"standard_error":1116215.6623658335},"median_abs_dev":{"confidence_interval":{"confidence_level":0.95,"lower_bound":6647185.832288861,"upper_bound":11176233.714482188},"point_estimate":8381327.424001694,"standard_error":1248634.194786149},"slope":null,"std_dev":{"confidence_interval":{"confidence_level":0.95,"lower_bound":7690702.22962551,"upper_bound":11529019.790669242},"point_estimate":9536212.748961085,"standard_error":1000300.8220163353}}