{"mean":{"confidence_interval":{"confidence_level":0.95,"lower_bound":12363689.785277776,"upper_bound":12393419.351111114},"point_estimate":12378290.844444443,"standard_error":7598.239048218851},"median":{"confidence_interval":{"confidence_level":0.95,"lower_bound":12352969.222222222,"upper_bound":12382190.0},"point_estimate":12372548.333333332,"standard_error":7461.007740974097},"median_abs_dev":{"confidence_interval":{"confidence_level":0.95,"lower_bound":54013.58804106758,"upper_bound":95655.86770176888},"point_estimate":78032.77838130808,"standard_error":10996.898102512048},"slope":null,"std_dev":{"confidence_interval":{"confidence_level":0.95,"lower_bound":63647.08647057395,"upper_bound":87639.37202709792},"point_estimate":76224.1321938651,"standard_error":6153.972530529768}}