{"mean":{"confidence_interval":{"confidence_level":0.95,"lower_bound":36032244.8425,"upper_bound":36076333.173833326},"point_estimate":36053480.79000001,"standard_error":11251.18119097242},"median":{"confidence_interval":{"confidence_level":0.95,"lower_bound":36016000.333333336,"upper_bound":36048771.5},"point_estimate":36028908.5,"standard_error":7546.8417256514285},"median_abs_dev":{"confidence_interval":{"confidence_level":0.95,"lower_bound":61721.378204226494,"upper_bound":104879.36923802084},"point_estimate":83379.69281971823,"standard_error":10527.69334273442},"slope":null,"std_dev":{"confidence_interval":{"confidence_level":0.95,"lower_bound":87851.30245194206,"upper_bound":135253.7508452292},"point_estimate":112754.88167262227,"standard_error":12173.44490038789}}