{"mean":{"confidence_interval":{"confidence_level":0.95,"lower_bound":34272985.24325001,"upper_bound":34316062.451166674},"point_estimate":34294152.27666667,"standard_error":10992.293259439957},"median":{"confidence_interval":{"confidence_level":0.95,"lower_bound":34254168.833333336,"upper_bound":34310737.666666664},"point_estimate":34285795.333333336,"standard_error":13855.638643180087},"median_abs_dev":{"confidence_interval":{"confidence_level":0.95,"lower_bound":83032.27022588253,"upper_bound":128566.37481749426},"point_estimate":106129.94231581873,"standard_error":11364.872694647136},"slope":null,"std_dev":{"confidence_interval":{"confidence_level":0.95,"lower_bound":91110.57397218228,"upper_bound":128928.83770713533},"point_estimate":110735.78267507907,"standard_error":9703.950716074418}}