{"mean":{"confidence_interval":{"confidence_level":0.95,"lower_bound":778045.0225905045,"upper_bound":881708.1292041038},"point_estimate":820297.827075292,"standard_error":28087.872738275208},"median":{"confidence_interval":{"confidence_level":0.95,"lower_bound":772995.6666666666,"upper_bound":775683.9203789042},"point_estimate":774058.1752469136,"standard_error":726.6305084653533},"median_abs_dev":{"confidence_interval":{"confidence_level":0.95,"lower_bound":5467.098790036358,"upper_bound":10215.893984663584},"point_estimate":7446.25268679335,"standard_error":1257.9775389205686},"slope":{"confidence_interval":{"confidence_level":0.95,"lower_bound":774079.8916804068,"upper_bound":895870.6529502834},"point_estimate":817176.2221801882,"standard_error":33475.85755420182},"std_dev":{"confidence_interval":{"confidence_level":0.95,"lower_bound":19718.816087665844,"upper_bound":439009.1618412202},"point_estimate":282511.9827871294,"standard_error":114794.79568204848}}