{"mean":{"confidence_interval":{"confidence_level":0.95,"lower_bound":99556944.591125,"upper_bound":99821222.613875},"point_estimate":99688284.27,"standard_error":67726.07120008001},"median":{"confidence_interval":{"confidence_level":0.95,"lower_bound":99461974.5,"upper_bound":99842264.0},"point_estimate":99676130.75,"standard_error":95675.74688289159},"median_abs_dev":{"confidence_interval":{"confidence_level":0.95,"lower_bound":585349.7434079647,"upper_bound":946780.559541285},"point_estimate":768744.0243020654,"standard_error":89142.16703250814},"slope":null,"std_dev":{"confidence_interval":{"confidence_level":0.95,"lower_bound":602771.6896290194,"upper_bound":753898.6824827776},"point_estimate":683137.4672472534,"standard_error":38620.20140894303}}