{"mean":{"confidence_interval":{"confidence_level":0.95,"lower_bound":95802415.75150001,"upper_bound":95932661.841},"point_estimate":95867612.4,"standard_error":33329.91325576131},"median":{"confidence_interval":{"confidence_level":0.95,"lower_bound":95847782.0,"upper_bound":95947761.5},"point_estimate":95888721.0,"standard_error":25582.220005326482},"median_abs_dev":{"confidence_interval":{"confidence_level":0.95,"lower_bound":166868.10963749886,"upper_bound":394873.45308959484},"point_estimate":272179.40966784954,"standard_error":58498.29084255677},"slope":null,"std_dev":{"confidence_interval":{"confidence_level":0.95,"lower_bound":286914.4375569464,"upper_bound":377185.50088858866},"point_estimate":334947.9641753282,"standard_error":23037.85323658596}}