{"mean":{"confidence_interval":{"confidence_level":0.95,"lower_bound":57543.20080087527,"upper_bound":57590.050770796275},"point_estimate":57563.643856039474,"standard_error":12.012533225814149},"median":{"confidence_interval":{"confidence_level":0.95,"lower_bound":57524.88110599078,"upper_bound":57551.68172757475},"point_estimate":57537.58940345369,"standard_error":7.3461208667955935},"median_abs_dev":{"confidence_interval":{"confidence_level":0.95,"lower_bound":38.62730039208278,"upper_bound":64.70377769801317},"point_estimate":50.87783837835063,"standard_error":6.533692496348102},"slope":{"confidence_interval":{"confidence_level":0.95,"lower_bound":57559.28590416996,"upper_bound":57595.13387366969},"point_estimate":57576.42072140007,"standard_error":9.151565299830152},"std_dev":{"confidence_interval":{"confidence_level":0.95,"lower_bound":62.81068600981613,"upper_bound":179.7193014877827},"point_estimate":120.2892735419145,"standard_error":34.627410577713576}}