{"mean":{"confidence_interval":{"confidence_level":0.95,"lower_bound":6484479.816109375,"upper_bound":6492176.09140625},"point_estimate":6488196.995625,"standard_error":1967.131828860169},"median":{"confidence_interval":{"confidence_level":0.95,"lower_bound":6481216.21875,"upper_bound":6488335.9375},"point_estimate":6485298.90625,"standard_error":1939.9008605870247},"median_abs_dev":{"confidence_interval":{"confidence_level":0.95,"lower_bound":11390.144952940756,"upper_bound":20552.49580387026},"point_estimate":16098.302170448005,"standard_error":2330.265876382815},"slope":null,"std_dev":{"confidence_interval":{"confidence_level":0.95,"lower_bound":15098.13727547034,"upper_bound":23964.50884508671},"point_estimate":19718.867155113596,"standard_error":2267.0900571282937}}