{"mean":{"confidence_interval":{"confidence_level":0.95,"lower_bound":23082061.5604,"upper_bound":23110299.897500005},"point_estimate":23095950.800000004,"standard_error":7188.174457980593},"median":{"confidence_interval":{"confidence_level":0.95,"lower_bound":23083273.5,"upper_bound":23098523.6},"point_estimate":23089334.5,"standard_error":3875.739282602091},"median_abs_dev":{"confidence_interval":{"confidence_level":0.95,"lower_bound":35372.32977801243,"upper_bound":72543.91323208698},"point_estimate":47527.70735621452,"standard_error":9895.728716510557},"slope":null,"std_dev":{"confidence_interval":{"confidence_level":0.95,"lower_bound":57671.038717761505,"upper_bound":85944.612448896},"point_estimate":72131.4053238388,"standard_error":7234.698200833951}}