{"mean":{"confidence_interval":{"confidence_level":0.95,"lower_bound":264447827.30699998,"upper_bound":265666902.20625},"point_estimate":265050387.68,"standard_error":311391.9782853158},"median":{"confidence_interval":{"confidence_level":0.95,"lower_bound":264194326.0,"upper_bound":265483721.5},"point_estimate":264832538.0,"standard_error":313095.1658869844},"median_abs_dev":{"confidence_interval":{"confidence_level":0.95,"lower_bound":2310505.296680331,"upper_bound":3964289.2285197973},"point_estimate":3146489.306938648,"standard_error":428638.4399849884},"slope":null,"std_dev":{"confidence_interval":{"confidence_level":0.95,"lower_bound":2660375.7582391943,"upper_bound":3546313.9886500323},"point_estimate":3123962.69094377,"standard_error":226056.67535257144}}