{"mean":{"confidence_interval":{"confidence_level":0.95,"lower_bound":3939298.0179000013,"upper_bound":4408555.400630004},"point_estimate":4117835.4844000004,"standard_error":127724.17456309515},"median":{"confidence_interval":{"confidence_level":0.95,"lower_bound":3926264.42,"upper_bound":3943963.96},"point_estimate":3936238.08,"standard_error":5291.778509042704},"median_abs_dev":{"confidence_interval":{"confidence_level":0.95,"lower_bound":27391.568249702606,"upper_bound":48542.99181818969},"point_estimate":38135.555130958666,"standard_error":5274.500464336054},"slope":null,"std_dev":{"confidence_interval":{"confidence_level":0.95,"lower_bound":49586.539593577865,"upper_bound":2123550.0833427226},"point_estimate":1283671.629772584,"standard_error":601743.5422829353}}