{"mean":{"confidence_interval":{"confidence_level":0.95,"lower_bound":5907486.040812501,"upper_bound":6656123.820874999},"point_estimate":6197802.99375,"standard_error":199689.55280380254},"median":{"confidence_interval":{"confidence_level":0.95,"lower_bound":5833970.1875,"upper_bound":5849561.625},"point_estimate":5842902.25,"standard_error":3990.5951125343645},"median_abs_dev":{"confidence_interval":{"confidence_level":0.95,"lower_bound":24903.139095380902,"upper_bound":45714.394925907254},"point_estimate":34748.15889559686,"standard_error":5205.723276493164},"slope":null,"std_dev":{"confidence_interval":{"confidence_level":0.95,"lower_bound":245644.6454570893,"upper_bound":3307860.727771237},"point_estimate":2008424.865637905,"standard_error":895208.442662966}}