{"mean":{"confidence_interval":{"confidence_level":0.95,"lower_bound":2439637.777369049,"upper_bound":2472232.1219642865},"point_estimate":2455451.746190477,"standard_error":8306.175781018359},"median":{"confidence_interval":{"confidence_level":0.95,"lower_bound":2412688.6428571427,"upper_bound":2416318.976190476},"point_estimate":2413856.261904762,"standard_error":880.9571503421516},"median_abs_dev":{"confidence_interval":{"confidence_level":0.95,"lower_bound":6045.1601926770845,"upper_bound":13049.809668319598},"point_estimate":8492.014949236893,"standard_error":1777.0812964668846},"slope":null,"std_dev":{"confidence_interval":{"confidence_level":0.95,"lower_bound":68854.31208479012,"upper_bound":93015.52868526164},"point_estimate":82964.95885398086,"standard_error":6180.428655588462}}