{"mean":{"confidence_interval":{"confidence_level":0.95,"lower_bound":6721.783311267388,"upper_bound":6753.005632771651},"point_estimate":6735.308133793125,"standard_error":8.04856408375967},"median":{"confidence_interval":{"confidence_level":0.95,"lower_bound":6710.079118668526,"upper_bound":6725.711478065803},"point_estimate":6717.589978667947,"standard_error":4.486408358646363},"median_abs_dev":{"confidence_interval":{"confidence_level":0.95,"lower_bound":23.56696346244531,"upper_bound":42.62891812315387},"point_estimate":31.679527055512757,"standard_error":5.089262300793754},"slope":{"confidence_interval":{"confidence_level":0.95,"lower_bound":6719.4797162469395,"upper_bound":6736.490498204037},"point_estimate":6727.527334707566,"standard_error":4.3451242379318575},"std_dev":{"confidence_interval":{"confidence_level":0.95,"lower_bound":39.00075353297269,"upper_bound":123.37675761613875},"point_estimate":80.87876998791,"standard_error":25.47164544971521}}