{"mean":{"confidence_interval":{"confidence_level":0.95,"lower_bound":789.4802074913922,"upper_bound":798.4881541280877},"point_estimate":793.4296720591235,"standard_error":2.2970821490652535},"median":{"confidence_interval":{"confidence_level":0.95,"lower_bound":788.8568331339712,"upper_bound":789.4851055569545},"point_estimate":789.1536880743231,"standard_error":0.15978796995943084},"median_abs_dev":{"confidence_interval":{"confidence_level":0.95,"lower_bound":0.7117192432671393,"upper_bound":1.356415441631922},"point_estimate":1.0352200631468969,"standard_error":0.16422410486862},"slope":{"confidence_interval":{"confidence_level":0.95,"lower_bound":789.3301909463089,"upper_bound":791.5559522485376},"point_estimate":790.2252836909771,"standard_error":0.5775866340954066},"std_dev":{"confidence_interval":{"confidence_level":0.95,"lower_bound":1.373266456844127,"upper_bound":34.716499678337115},"point_estimate":23.093964490663527,"standard_error":7.715257039053784}}