{"mean":{"confidence_interval":{"confidence_level":0.95,"lower_bound":19175.68154335028,"upper_bound":19237.785416016675},"point_estimate":19204.732491113493,"standard_error":15.919500280575551},"median":{"confidence_interval":{"confidence_level":0.95,"lower_bound":19133.7655483349,"upper_bound":19175.91329092735},"point_estimate":19149.696055825243,"standard_error":10.096430655924799},"median_abs_dev":{"confidence_interval":{"confidence_level":0.95,"lower_bound":57.69078783010501,"upper_bound":111.16419091124516},"point_estimate":82.48393871500458,"standard_error":14.429406154027246},"slope":{"confidence_interval":{"confidence_level":0.95,"lower_bound":19142.992822078933,"upper_bound":19182.472568962625},"point_estimate":19161.645412646467,"standard_error":10.028012299589534},"std_dev":{"confidence_interval":{"confidence_level":0.95,"lower_bound":108.50124171966709,"upper_bound":214.40788689850496},"point_estimate":159.73456209485897,"standard_error":28.54624492965597}}