{"mean":{"confidence_interval":{"confidence_level":0.95,"lower_bound":1295659.639415759,"upper_bound":1298363.1971853385},"point_estimate":1296813.6237386279,"standard_error":697.7681710122124},"median":{"confidence_interval":{"confidence_level":0.95,"lower_bound":1294920.686444653,"upper_bound":1296459.2375},"point_estimate":1295619.0143535263,"standard_error":368.0224072093054},"median_abs_dev":{"confidence_interval":{"confidence_level":0.95,"lower_bound":2545.03229671938,"upper_bound":4322.724134473712},"point_estimate":3416.4783898988267,"standard_error":442.34046356117204},"slope":{"confidence_interval":{"confidence_level":0.95,"lower_bound":1295075.1388151562,"upper_bound":1296609.2341478884},"point_estimate":1295830.8906162258,"standard_error":391.38608116811105},"std_dev":{"confidence_interval":{"confidence_level":0.95,"lower_bound":3024.964280907847,"upper_bound":10952.347936206905},"point_estimate":7031.985795546138,"standard_error":2381.106624676009}}