{"mean":{"confidence_interval":{"confidence_level":0.95,"lower_bound":147775.48042156032,"upper_bound":148017.8918595293},"point_estimate":147890.42449949007,"standard_error":62.30613384899431},"median":{"confidence_interval":{"confidence_level":0.95,"lower_bound":147664.0611438866,"upper_bound":147781.00072886297},"point_estimate":147723.35680354614,"standard_error":34.81861732033592},"median_abs_dev":{"confidence_interval":{"confidence_level":0.95,"lower_bound":193.31542272016972,"upper_bound":361.56821040127534},"point_estimate":272.6008509296146,"standard_error":43.3771446273828},"slope":{"confidence_interval":{"confidence_level":0.95,"lower_bound":147741.1921945787,"upper_bound":147930.7099700201},"point_estimate":147830.3512719289,"standard_error":48.39144025300806},"std_dev":{"confidence_interval":{"confidence_level":0.95,"lower_bound":439.9037080674701,"upper_bound":781.2466327238611},"point_estimate":625.3444378406647,"standard_error":87.04842501662233}}