{"mean":{"confidence_interval":{"confidence_level":0.95,"lower_bound":-0.017785310455275077,"upper_bound":-0.014742662355879168},"point_estimate":-0.016208658632468564,"standard_error":0.0007793026054633543},"median":{"confidence_interval":{"confidence_level":0.95,"lower_bound":-0.0177040383857604,"upper_bound":-0.01559218254039374},"point_estimate":-0.016804509035438064,"standard_error":0.0005453433640885472}}