{"mean":{"confidence_interval":{"confidence_level":0.95,"lower_bound":57993133.843125,"upper_bound":58072147.318625},"point_estimate":58031106.13,"standard_error":20129.653552752825},"median":{"confidence_interval":{"confidence_level":0.95,"lower_bound":57913954.0,"upper_bound":58030592.0},"point_estimate":57953075.5,"standard_error":27397.360639282953},"median_abs_dev":{"confidence_interval":{"confidence_level":0.95,"lower_bound":93421.21889144182,"upper_bound":226543.30528680232},"point_estimate":152617.35869050026,"standard_error":31404.523211527747},"slope":null,"std_dev":{"confidence_interval":{"confidence_level":0.95,"lower_bound":159187.8077629902,"upper_bound":248767.5363020697},"point_estimate":201188.0686786986,"standard_error":23645.825975390155}}