{"mean":{"confidence_interval":{"confidence_level":0.95,"lower_bound":59461676.254,"upper_bound":59504732.565375},"point_estimate":59482121.355,"standard_error":11028.070041808855},"median":{"confidence_interval":{"confidence_level":0.95,"lower_bound":59445706.5,"upper_bound":59474010.25},"point_estimate":59463896.5,"standard_error":7192.255155134642},"median_abs_dev":{"confidence_interval":{"confidence_level":0.95,"lower_bound":51501.81658565998,"upper_bound":90062.7593010664},"point_estimate":69416.81336760521,"standard_error":10088.568277167893},"slope":null,"std_dev":{"confidence_interval":{"confidence_level":0.95,"lower_bound":80181.54426620062,"upper_bound":137389.73383411384},"point_estimate":110489.9220127808,"standard_error":14635.103708871622}}