{"mean":{"confidence_interval":{"confidence_level":0.95,"lower_bound":878843947.83075,"upper_bound":882110290.10225},"point_estimate":880474072.96,"standard_error":833939.4174312009},"median":{"confidence_interval":{"confidence_level":0.95,"lower_bound":877838763.0,"upper_bound":881885701.0},"point_estimate":880099190.0,"standard_error":973043.0149064043},"median_abs_dev":{"confidence_interval":{"confidence_level":0.95,"lower_bound":7172880.941855907,"upper_bound":10580049.13046658},"point_estimate":9081637.22806871,"standard_error":866071.659625581},"slope":null,"std_dev":{"confidence_interval":{"confidence_level":0.95,"lower_bound":7098981.431941517,"upper_bound":9557594.440643579},"point_estimate":8365975.43606867,"standard_error":628593.0244317014}}