{"mean":{"confidence_interval":{"confidence_level":0.95,"lower_bound":941681455.47225,"upper_bound":943289960.1687499},"point_estimate":942436724.24,"standard_error":410264.3185728682},"median":{"confidence_interval":{"confidence_level":0.95,"lower_bound":940980229.5,"upper_bound":941963556.0},"point_estimate":941347537.0,"standard_error":246492.18862178744},"median_abs_dev":{"confidence_interval":{"confidence_level":0.95,"lower_bound":1441204.299813509,"upper_bound":2565324.2019563913},"point_estimate":1910615.466579795,"standard_error":272088.2550414317},"slope":null,"std_dev":{"confidence_interval":{"confidence_level":0.95,"lower_bound":2734062.696849551,"upper_bound":5438558.798147183},"point_estimate":4135934.3980232007,"standard_error":699315.2797902001}}