{"mean":{"confidence_interval":{"confidence_level":0.95,"lower_bound":33752.839056012635,"upper_bound":33803.188517171744},"point_estimate":33775.01375673319,"standard_error":12.940098537974572},"median":{"confidence_interval":{"confidence_level":0.95,"lower_bound":33731.09653620352,"upper_bound":33753.37921401515},"point_estimate":33739.356261569585,"standard_error":5.3591639663622095},"median_abs_dev":{"confidence_interval":{"confidence_level":0.95,"lower_bound":29.351856458632994,"upper_bound":53.6721506390437},"point_estimate":38.751000913295876,"standard_error":6.158419868166107},"slope":{"confidence_interval":{"confidence_level":0.95,"lower_bound":33739.37483253279,"upper_bound":33811.287169594725},"point_estimate":33768.85532318605,"standard_error":18.880278776463534},"std_dev":{"confidence_interval":{"confidence_level":0.95,"lower_bound":59.8482122637863,"upper_bound":191.91175953239062},"point_estimate":130.1553969758445,"standard_error":34.39280911891333}}