{"mean":{"confidence_interval":{"confidence_level":0.95,"lower_bound":1297601.396736189,"upper_bound":1703921.956729881},"point_estimate":1436229.0120294406,"standard_error":129339.30891471705},"median":{"confidence_interval":{"confidence_level":0.95,"lower_bound":1284121.962962963,"upper_bound":1294301.175595238},"point_estimate":1288922.6987704919,"standard_error":2360.667107608984},"median_abs_dev":{"confidence_interval":{"confidence_level":0.95,"lower_bound":13364.765239013663,"upper_bound":25828.503319806914},"point_estimate":17925.581366416343,"standard_error":3142.2800585578248},"slope":{"confidence_interval":{"confidence_level":0.95,"lower_bound":1297416.6800010079,"upper_bound":1427763.9321699955},"point_estimate":1339539.230663514,"standard_error":38059.90886347999},"std_dev":{"confidence_interval":{"confidence_level":0.95,"lower_bound":42590.030684922036,"upper_bound":2236012.4199748845},"point_estimate":1304567.638265328,"standard_error":792482.803470787}}