{"mean":{"confidence_interval":{"confidence_level":0.95,"lower_bound":104547203.2995,"upper_bound":104708201.40125},"point_estimate":104624928.39,"standard_error":41215.83105943967},"median":{"confidence_interval":{"confidence_level":0.95,"lower_bound":104383489.0,"upper_bound":104521573.0},"point_estimate":104439746.0,"standard_error":41534.8632329262},"median_abs_dev":{"confidence_interval":{"confidence_level":0.95,"lower_bound":151263.7449145317,"upper_bound":339351.56667530537},"point_estimate":211632.99194276333,"standard_error":56134.22206548988},"slope":null,"std_dev":{"confidence_interval":{"confidence_level":0.95,"lower_bound":336536.4922300137,"upper_bound":486946.6097847793},"point_estimate":415582.08410389797,"standard_error":38563.301646944936}}