{"mean":{"confidence_interval":{"confidence_level":0.95,"lower_bound":2717563627.8585,"upper_bound":2738446472.2669997},"point_estimate":2727992379.33,"standard_error":5345169.258731525},"median":{"confidence_interval":{"confidence_level":0.95,"lower_bound":2702179958.0,"upper_bound":2754968532.0},"point_estimate":2725681769.5,"standard_error":13231239.284961183},"median_abs_dev":{"confidence_interval":{"confidence_level":0.95,"lower_bound":51655731.96062744,"upper_bound":75280204.9326092},"point_estimate":65875261.57608032,"standard_error":5879888.548479572},"slope":null,"std_dev":{"confidence_interval":{"confidence_level":0.95,"lower_bound":47635470.36167516,"upper_bound":59551834.22637916},"point_estimate":53807990.139477074,"standard_error":3049996.951339061}}