{"mean":{"confidence_interval":{"confidence_level":0.95,"lower_bound":2462084317.0820003,"upper_bound":2471858149.4112496},"point_estimate":2466862839.67,"standard_error":2499610.912027817},"median":{"confidence_interval":{"confidence_level":0.95,"lower_bound":2452304106.0,"upper_bound":2470003935.5},"point_estimate":2459343903.5,"standard_error":4181345.1521127727},"median_abs_dev":{"confidence_interval":{"confidence_level":0.95,"lower_bound":18712018.064895272,"upper_bound":33956658.07364881},"point_estimate":28177177.219355106,"standard_error":3919949.501530393},"slope":null,"std_dev":{"confidence_interval":{"confidence_level":0.95,"lower_bound":22194951.314338896,"upper_bound":27907364.508695588},"point_estimate":25231875.211439244,"standard_error":1457584.2406012935}}