{"mean":{"confidence_interval":{"confidence_level":0.95,"lower_bound":2478877345.4375,"upper_bound":2492764711.269},"point_estimate":2485701357.39,"standard_error":3547166.212204721},"median":{"confidence_interval":{"confidence_level":0.95,"lower_bound":2467028219.0,"upper_bound":2482899883.0},"point_estimate":2474499839.0,"standard_error":3754302.467668574},"median_abs_dev":{"confidence_interval":{"confidence_level":0.95,"lower_bound":20749395.013794612,"upper_bound":44643508.51711929},"point_estimate":30592170.23178041,"standard_error":6086775.666826504},"slope":null,"std_dev":{"confidence_interval":{"confidence_level":0.95,"lower_bound":31695832.42210395,"upper_bound":38994859.864613496},"point_estimate":35698590.61563413,"standard_error":1858472.7497332154}}