{"mean":{"confidence_interval":{"confidence_level":0.95,"lower_bound":3125754.30996875,"upper_bound":3136904.394234375},"point_estimate":3131280.43,"standard_error":2839.0981665200643},"median":{"confidence_interval":{"confidence_level":0.95,"lower_bound":3119015.25,"upper_bound":3128934.0},"point_estimate":3124560.4375,"standard_error":2324.7233616975404},"median_abs_dev":{"confidence_interval":{"confidence_level":0.95,"lower_bound":19091.300867311656,"upper_bound":42422.60600309819},"point_estimate":34476.14813167602,"standard_error":5900.3316759069185},"slope":null,"std_dev":{"confidence_interval":{"confidence_level":0.95,"lower_bound":25406.609940813072,"upper_bound":31090.5795548064},"point_estimate":28548.428364763502,"standard_error":1450.0441335501994}}