{"mean":{"confidence_interval":{"confidence_level":0.95,"lower_bound":26103365.8263125,"upper_bound":26127360.97025},"point_estimate":26114481.5625,"standard_error":6146.403229315084},"median":{"confidence_interval":{"confidence_level":0.95,"lower_bound":26091637.25,"upper_bound":26101456.5},"point_estimate":26096231.5,"standard_error":2015.1657482731416},"median_abs_dev":{"confidence_interval":{"confidence_level":0.95,"lower_bound":15252.061904221773,"upper_bound":32039.170756191015},"point_estimate":21269.935197383165,"standard_error":4171.905492052504},"slope":null,"std_dev":{"confidence_interval":{"confidence_level":0.95,"lower_bound":40333.461881120864,"upper_bound":81077.3724169012},"point_estimate":61638.05500984711,"standard_error":10525.630149413391}}