{"mean":{"confidence_interval":{"confidence_level":0.95,"lower_bound":15704250.224625,"upper_bound":16331396.717187501},"point_estimate":16014961.2575,"standard_error":160407.95369742837},"median":{"confidence_interval":{"confidence_level":0.95,"lower_bound":15384118.5,"upper_bound":16143230.75},"point_estimate":15778941.375,"standard_error":198820.15445858467},"median_abs_dev":{"confidence_interval":{"confidence_level":0.95,"lower_bound":1058801.3657525182,"upper_bound":1931839.2558529973},"point_estimate":1467207.6207518578,"standard_error":208190.25118123565},"slope":null,"std_dev":{"confidence_interval":{"confidence_level":0.95,"lower_bound":1393298.7984227263,"upper_bound":1790346.591706764},"point_estimate":1605631.8105092654,"standard_error":101257.47838657755}}