{"mean":{"confidence_interval":{"confidence_level":0.95,"lower_bound":1700835.6220951178,"upper_bound":1704373.553909708},"point_estimate":1702543.190965148,"standard_error":903.4515152351014},"median":{"confidence_interval":{"confidence_level":0.95,"lower_bound":1697991.6680194805,"upper_bound":1701221.6415770608},"point_estimate":1699717.0828125,"standard_error":762.4649937329141},"median_abs_dev":{"confidence_interval":{"confidence_level":0.95,"lower_bound":4749.100573921914,"upper_bound":8700.746051780648},"point_estimate":6601.498772800003,"standard_error":905.4648771613865},"slope":{"confidence_interval":{"confidence_level":0.95,"lower_bound":1702494.579239354,"upper_bound":1706386.7659685465},"point_estimate":1704434.7516979459,"standard_error":995.2594541330434},"std_dev":{"confidence_interval":{"confidence_level":0.95,"lower_bound":7292.0678881528265,"upper_bound":10703.779312176623},"point_estimate":9123.972718127161,"standard_error":874.0347899957881}}