{"mean":{"confidence_interval":{"confidence_level":0.95,"lower_bound":1039821.2549044233,"upper_bound":1041625.6271974251},"point_estimate":1040604.0451739195,"standard_error":465.2742024770766},"median":{"confidence_interval":{"confidence_level":0.95,"lower_bound":1038872.7093023256,"upper_bound":1039422.8928571428},"point_estimate":1039049.2045454546,"standard_error":147.31588693600528},"median_abs_dev":{"confidence_interval":{"confidence_level":0.95,"lower_bound":692.918816269634,"upper_bound":1530.8967922111303},"point_estimate":926.443546489445,"standard_error":223.57813631842197},"slope":{"confidence_interval":{"confidence_level":0.95,"lower_bound":1039405.2886030929,"upper_bound":1040426.6169823885},"point_estimate":1039884.6256066203,"standard_error":260.74745639938175},"std_dev":{"confidence_interval":{"confidence_level":0.95,"lower_bound":2129.3675137256173,"upper_bound":7156.70601364977},"point_estimate":4680.542283892273,"standard_error":1462.4116219647497}}