{"mean":{"confidence_interval":{"confidence_level":0.95,"lower_bound":6642065.15465625,"upper_bound":6717492.47290625},"point_estimate":6679129.47875,"standard_error":19292.17632920342},"median":{"confidence_interval":{"confidence_level":0.95,"lower_bound":6614614.0,"upper_bound":6685631.875},"point_estimate":6657522.125,"standard_error":18669.61118995583},"median_abs_dev":{"confidence_interval":{"confidence_level":0.95,"lower_bound":122705.71889653802,"upper_bound":222133.50625634193},"point_estimate":167645.64066119492,"standard_error":26545.94549768044},"slope":null,"std_dev":{"confidence_interval":{"confidence_level":0.95,"lower_bound":163316.45230319345,"upper_bound":219178.9757154313},"point_estimate":193404.2498195184,"standard_error":14263.77411843524}}