{"mean":{"confidence_interval":{"confidence_level":0.95,"lower_bound":6050595.613812501,"upper_bound":6060468.319390626},"point_estimate":6055510.6025,"standard_error":2510.0732355513046},"median":{"confidence_interval":{"confidence_level":0.95,"lower_bound":6048987.5,"upper_bound":6062916.84375},"point_estimate":6054846.75,"standard_error":3852.564031309001},"median_abs_dev":{"confidence_interval":{"confidence_level":0.95,"lower_bound":18441.041785106063,"upper_bound":32328.231419809163},"point_estimate":24317.604768276215,"standard_error":3557.4685331521127},"slope":null,"std_dev":{"confidence_interval":{"confidence_level":0.95,"lower_bound":21804.82462659416,"upper_bound":28231.790864195187},"point_estimate":25207.482343727566,"standard_error":1641.4449095567777}}