{"mean":{"confidence_interval":{"confidence_level":0.95,"lower_bound":1504980.9575291246,"upper_bound":1632290.7029947983},"point_estimate":1556791.0708551044,"standard_error":33960.165138254975},"median":{"confidence_interval":{"confidence_level":0.95,"lower_bound":1490452.548076923,"upper_bound":1506667.4},"point_estimate":1498304.4770685579,"standard_error":3845.5172269776563},"median_abs_dev":{"confidence_interval":{"confidence_level":0.95,"lower_bound":15512.971751474859,"upper_bound":28420.61873657498},"point_estimate":21254.82190882369,"standard_error":3100.786679654857},"slope":{"confidence_interval":{"confidence_level":0.95,"lower_bound":1497112.8296710174,"upper_bound":1614577.4643949142},"point_estimate":1537291.121598936,"standard_error":32546.86156541403},"std_dev":{"confidence_interval":{"confidence_level":0.95,"lower_bound":33091.957373220386,"upper_bound":538331.1658561662},"point_estimate":342142.52623907937,"standard_error":137292.72860877193}}