{"mean":{"confidence_interval":{"confidence_level":0.95,"lower_bound":70783.38650069061,"upper_bound":70952.84986203344},"point_estimate":70847.59972639309,"standard_error":45.6334526360184},"median":{"confidence_interval":{"confidence_level":0.95,"lower_bound":70753.32142857143,"upper_bound":70783.84154351396},"point_estimate":70769.53339403195,"standard_error":7.555394305907629},"median_abs_dev":{"confidence_interval":{"confidence_level":0.95,"lower_bound":42.00626034935304,"upper_bound":70.19576000804958},"point_estimate":51.97781475080047,"standard_error":6.951262493441373},"slope":{"confidence_interval":{"confidence_level":0.95,"lower_bound":70770.50848743568,"upper_bound":70860.81573987452},"point_estimate":70807.9589397074,"standard_error":23.723619781701625},"std_dev":{"confidence_interval":{"confidence_level":0.95,"lower_bound":86.88671911915193,"upper_bound":762.6286067376797},"point_estimate":458.07364449923716,"standard_error":216.60539272617302}}