{"mean":{"confidence_interval":{"confidence_level":0.95,"lower_bound":181693372.84225,"upper_bound":181799419.34425002},"point_estimate":181742359.43,"standard_error":27110.48933982457},"median":{"confidence_interval":{"confidence_level":0.95,"lower_bound":181638354.5,"upper_bound":181699141.5},"point_estimate":181664098.5,"standard_error":15923.96314923146},"median_abs_dev":{"confidence_interval":{"confidence_level":0.95,"lower_bound":89807.01080560684,"upper_bound":163746.23593792308},"point_estimate":124571.75628840923,"standard_error":19212.063141478946},"slope":null,"std_dev":{"confidence_interval":{"confidence_level":0.95,"lower_bound":172352.85529821037,"upper_bound":373654.52971431176},"point_estimate":272790.6459471581,"standard_error":53440.90505217223}}