{"mean":{"confidence_interval":{"confidence_level":0.95,"lower_bound":25670909.5065,"upper_bound":25712869.4494375},"point_estimate":25691175.225,"standard_error":10673.835854919069},"median":{"confidence_interval":{"confidence_level":0.95,"lower_bound":25645762.5,"upper_bound":25698933.25},"point_estimate":25667987.875,"standard_error":12482.413420313931},"median_abs_dev":{"confidence_interval":{"confidence_level":0.95,"lower_bound":71711.69280186296,"upper_bound":117390.22734090686},"point_estimate":93070.95464766026,"standard_error":11498.518681592424},"slope":null,"std_dev":{"confidence_interval":{"confidence_level":0.95,"lower_bound":85128.07408259137,"upper_bound":127911.22498676929},"point_estimate":107523.21312817029,"standard_error":10928.085834139652}}