{"mean":{"confidence_interval":{"confidence_level":0.95,"lower_bound":25366522.3698125,"upper_bound":25410069.6461875},"point_estimate":25387804.5475,"standard_error":11124.84731073309},"median":{"confidence_interval":{"confidence_level":0.95,"lower_bound":25337722.0,"upper_bound":25393342.0},"point_estimate":25357803.125,"standard_error":14455.247603541893},"median_abs_dev":{"confidence_interval":{"confidence_level":0.95,"lower_bound":74754.35859784484,"upper_bound":125229.4747017324},"point_estimate":104471.9631202519,"standard_error":13270.532888933254},"slope":null,"std_dev":{"confidence_interval":{"confidence_level":0.95,"lower_bound":91106.31112666051,"upper_bound":131487.08191763103},"point_estimate":111566.9078897068,"standard_error":10340.677866351105}}