{"mean":{"confidence_interval":{"confidence_level":0.95,"lower_bound":122553.36978021257,"upper_bound":122811.82416236294},"point_estimate":122651.2343306059,"standard_error":70.01534352042414},"median":{"confidence_interval":{"confidence_level":0.95,"lower_bound":122512.61682125682,"upper_bound":122551.94801641587},"point_estimate":122522.62308498338,"standard_error":9.901076970768987},"median_abs_dev":{"confidence_interval":{"confidence_level":0.95,"lower_bound":58.421901096188655,"upper_bound":104.14369374506035},"point_estimate":79.70714153632524,"standard_error":11.647453601324184},"slope":{"confidence_interval":{"confidence_level":0.95,"lower_bound":122523.36499716008,"upper_bound":122585.58665293861},"point_estimate":122552.85154269422,"standard_error":15.838079750474138},"std_dev":{"confidence_interval":{"confidence_level":0.95,"lower_bound":136.63164395638364,"upper_bound":1179.2115820538165},"point_estimate":706.8404235554813,"standard_error":339.5562014123364}}