{"mean":{"confidence_interval":{"confidence_level":0.95,"lower_bound":59535.029436693694,"upper_bound":59717.982966339296},"point_estimate":59604.125192843516,"standard_error":49.71465279615898},"median":{"confidence_interval":{"confidence_level":0.95,"lower_bound":59500.07647058823,"upper_bound":59516.12458491461},"point_estimate":59508.20246583482,"standard_error":3.592176599694025},"median_abs_dev":{"confidence_interval":{"confidence_level":0.95,"lower_bound":21.138198123709476,"upper_bound":41.06784128770384},"point_estimate":31.099345430320493,"standard_error":4.8291931562422485},"slope":{"confidence_interval":{"confidence_level":0.95,"lower_bound":59541.41754333972,"upper_bound":59662.99713595328},"point_estimate":59590.549004163804,"standard_error":31.90085055460914},"std_dev":{"confidence_interval":{"confidence_level":0.95,"lower_bound":83.42643480081685,"upper_bound":836.3154111280973},"point_estimate":500.6518665656836,"standard_error":240.71941517799124}}