{"mean":{"confidence_interval":{"confidence_level":0.95,"lower_bound":15331016.943375,"upper_bound":15626725.9863125},"point_estimate":15475884.315,"standard_error":75527.11843059346},"median":{"confidence_interval":{"confidence_level":0.95,"lower_bound":15112048.5,"upper_bound":15639505.25},"point_estimate":15310569.0,"standard_error":139131.95107365018},"median_abs_dev":{"confidence_interval":{"confidence_level":0.95,"lower_bound":585163.2415975262,"upper_bound":999769.6092255414},"point_estimate":782683.6145795882,"standard_error":106322.88471185367},"slope":null,"std_dev":{"confidence_interval":{"confidence_level":0.95,"lower_bound":660274.9530965431,"upper_bound":847741.0502438947},"point_estimate":759613.1718985342,"standard_error":47833.38002008168}}