{"mean":{"confidence_interval":{"confidence_level":0.95,"lower_bound":1147229.3559359673,"upper_bound":1348252.5500667894},"point_estimate":1227888.0896472272,"standard_error":54530.2676846397},"median":{"confidence_interval":{"confidence_level":0.95,"lower_bound":1139983.45,"upper_bound":1144184.5192307692},"point_estimate":1142089.796875,"standard_error":1132.545012414187},"median_abs_dev":{"confidence_interval":{"confidence_level":0.95,"lower_bound":5298.956447591423,"upper_bound":9539.659009571282},"point_estimate":7047.271960576784,"standard_error":1085.890056744741},"slope":{"confidence_interval":{"confidence_level":0.95,"lower_bound":1145929.3098743695,"upper_bound":1504603.3614312976},"point_estimate":1272988.7957854292,"standard_error":99455.84482924305},"std_dev":{"confidence_interval":{"confidence_level":0.95,"lower_bound":26273.32093634738,"upper_bound":862065.2812500724},"point_estimate":547090.2906783216,"standard_error":228544.48046026265}}