{"mean":{"confidence_interval":{"confidence_level":0.95,"lower_bound":357645180.617,"upper_bound":358936121.212},"point_estimate":358252676.0,"standard_error":330705.55279824085},"median":{"confidence_interval":{"confidence_level":0.95,"lower_bound":357240535.5,"upper_bound":357655815.0},"point_estimate":357570513.5,"standard_error":138606.45402632427},"median_abs_dev":{"confidence_interval":{"confidence_level":0.95,"lower_bound":714239.2200022212,"upper_bound":1862115.1736408472},"point_estimate":1566533.664688468,"standard_error":308263.1563463118},"slope":null,"std_dev":{"confidence_interval":{"confidence_level":0.95,"lower_bound":1547753.1605860859,"upper_bound":2991257.830437766},"point_estimate":2362563.4382590554,"standard_error":369197.4532940966}}