{"mean":{"confidence_interval":{"confidence_level":0.95,"lower_bound":159738.74438750473,"upper_bound":160330.6323426808},"point_estimate":160002.90315302278,"standard_error":151.50134793507084},"median":{"confidence_interval":{"confidence_level":0.95,"lower_bound":159573.0903805497,"upper_bound":159734.68206255283},"point_estimate":159663.87350677262,"standard_error":40.29454955503105},"median_abs_dev":{"confidence_interval":{"confidence_level":0.95,"lower_bound":315.76186664071713,"upper_bound":704.8669621970495},"point_estimate":467.0827375051915,"standard_error":98.63602636023171},"slope":{"confidence_interval":{"confidence_level":0.95,"lower_bound":159648.45763834394,"upper_bound":160162.3860658054},"point_estimate":159890.70765547737,"standard_error":131.27273725876626},"std_dev":{"confidence_interval":{"confidence_level":0.95,"lower_bound":804.8520328595213,"upper_bound":2235.6680945680678},"point_estimate":1521.535342724188,"standard_error":398.86867377061895}}