{"mean":{"confidence_interval":{"confidence_level":0.95,"lower_bound":30388.957268698377,"upper_bound":30470.620176146167},"point_estimate":30419.534815374896,"standard_error":22.44414243423247},"median":{"confidence_interval":{"confidence_level":0.95,"lower_bound":30369.16994949495,"upper_bound":30384.72913752914},"point_estimate":30376.587639790763,"standard_error":4.443826842041296},"median_abs_dev":{"confidence_interval":{"confidence_level":0.95,"lower_bound":20.9628739054132,"upper_bound":44.347228758134285},"point_estimate":29.675015296368212,"standard_error":6.059660394363129},"slope":{"confidence_interval":{"confidence_level":0.95,"lower_bound":30389.23753116334,"upper_bound":30416.02920081781},"point_estimate":30401.83953974502,"standard_error":6.826992110194215},"std_dev":{"confidence_interval":{"confidence_level":0.95,"lower_bound":51.317192497318295,"upper_bound":377.5199649210689},"point_estimate":225.35711540275295,"standard_error":112.2073727556542}}