{"mean":{"confidence_interval":{"confidence_level":0.95,"lower_bound":17899337.028666668,"upper_bound":18091453.345916662},"point_estimate":17966428.026666656,"standard_error":59404.35225126879},"median":{"confidence_interval":{"confidence_level":0.95,"lower_bound":17895821.0,"upper_bound":17920433.166666668},"point_estimate":17907639.833333336,"standard_error":6581.912509646943},"median_abs_dev":{"confidence_interval":{"confidence_level":0.95,"lower_bound":39114.44670557792,"upper_bound":66398.4869211903},"point_estimate":50324.63220655918,"standard_error":7333.062434998148},"slope":null,"std_dev":{"confidence_interval":{"confidence_level":0.95,"lower_bound":45767.63263462668,"upper_bound":1022722.6897150562},"point_estimate":597342.1894356416,"standard_error":352274.24163813423}}