{"mean":{"confidence_interval":{"confidence_level":0.95,"lower_bound":13941810.30878125,"upper_bound":13965439.147},"point_estimate":13952864.67,"standard_error":6033.247642752446},"median":{"confidence_interval":{"confidence_level":0.95,"lower_bound":13927668.875,"upper_bound":13941321.375},"point_estimate":13934760.875,"standard_error":3831.8541353022556},"median_abs_dev":{"confidence_interval":{"confidence_level":0.95,"lower_bound":21065.058413520455,"upper_bound":37525.4091809783},"point_estimate":27428.56282554567,"standard_error":4432.820536312371},"slope":null,"std_dev":{"confidence_interval":{"confidence_level":0.95,"lower_bound":42194.7752701067,"upper_bound":78084.99269766883},"point_estimate":60614.620658464955,"standard_error":9265.587896358988}}