{"mean":{"confidence_interval":{"confidence_level":0.95,"lower_bound":105696476.60499999,"upper_bound":105772408.30075},"point_estimate":105732421.77,"standard_error":19376.7953664306},"median":{"confidence_interval":{"confidence_level":0.95,"lower_bound":105645119.0,"upper_bound":105693248.0},"point_estimate":105670335.5,"standard_error":11518.335401156515},"median_abs_dev":{"confidence_interval":{"confidence_level":0.95,"lower_bound":64518.30305457115,"upper_bound":115845.17284333706},"point_estimate":89748.44810664654,"standard_error":12784.421720892671},"slope":null,"std_dev":{"confidence_interval":{"confidence_level":0.95,"lower_bound":140557.49017808706,"upper_bound":241338.84073892815},"point_estimate":194733.17623746712,"standard_error":25741.99875162502}}