{"mean":{"confidence_interval":{"confidence_level":0.95,"lower_bound":104763117.08575,"upper_bound":104852152.74075},"point_estimate":104806386.85,"standard_error":22648.131263668678},"median":{"confidence_interval":{"confidence_level":0.95,"lower_bound":104682695.5,"upper_bound":104794705.0},"point_estimate":104736982.0,"standard_error":28101.480368380664},"median_abs_dev":{"confidence_interval":{"confidence_level":0.95,"lower_bound":120489.41726088524,"upper_bound":229911.80022574947},"point_estimate":170994.9266642332,"standard_error":30231.74008953488},"slope":null,"std_dev":{"confidence_interval":{"confidence_level":0.95,"lower_bound":189316.8867204598,"upper_bound":260227.70205082154},"point_estimate":227866.61332837888,"standard_error":18089.14656551677}}