{"mean":{"confidence_interval":{"confidence_level":0.95,"lower_bound":206818.3166609102,"upper_bound":207149.3169489567},"point_estimate":206976.71986851626,"standard_error":84.23790250411368},"median":{"confidence_interval":{"confidence_level":0.95,"lower_bound":206489.531372549,"upper_bound":206693.553418124},"point_estimate":206568.1773339123,"standard_error":49.803273606881845},"median_abs_dev":{"confidence_interval":{"confidence_level":0.95,"lower_bound":150.5153464187457,"upper_bound":468.6529538941932},"point_estimate":296.1206169748485,"standard_error":78.91976361433846},"slope":{"confidence_interval":{"confidence_level":0.95,"lower_bound":206810.76529297553,"upper_bound":207242.74668703802},"point_estimate":207015.35117215902,"standard_error":110.58507465576521},"std_dev":{"confidence_interval":{"confidence_level":0.95,"lower_bound":644.8040331078461,"upper_bound":1015.713735389219},"point_estimate":846.8186168414035,"standard_error":94.44180840964283}}