{"mean":{"confidence_interval":{"confidence_level":0.95,"lower_bound":203720.24115884476,"upper_bound":204357.6857229496},"point_estimate":204036.26519639586,"standard_error":162.82755190984375},"median":{"confidence_interval":{"confidence_level":0.95,"lower_bound":203791.9787878788,"upper_bound":204547.6911106419},"point_estimate":204304.90384615384,"standard_error":178.8113775917249},"median_abs_dev":{"confidence_interval":{"confidence_level":0.95,"lower_bound":1195.3788883377852,"upper_bound":2065.373987915614},"point_estimate":1695.1893876320048,"standard_error":229.3497051416117},"slope":{"confidence_interval":{"confidence_level":0.95,"lower_bound":203868.32308512036,"upper_bound":204438.45926173835},"point_estimate":204160.06733559922,"standard_error":145.63729482116895},"std_dev":{"confidence_interval":{"confidence_level":0.95,"lower_bound":1399.9523755357197,"upper_bound":1866.1152280167944},"point_estimate":1634.1844925669077,"standard_error":119.47234397633856}}