{"mean":{"confidence_interval":{"confidence_level":0.95,"lower_bound":56663.37152503809,"upper_bound":56819.99536935706},"point_estimate":56722.17960914321,"standard_error":43.032931349120744},"median":{"confidence_interval":{"confidence_level":0.95,"lower_bound":56633.63894357743,"upper_bound":56656.45557199426},"point_estimate":56639.677111506244,"standard_error":6.085153989288953},"median_abs_dev":{"confidence_interval":{"confidence_level":0.95,"lower_bound":32.75127064838451,"upper_bound":61.63147329728653},"point_estimate":45.96147569885272,"standard_error":7.376398465155262},"slope":{"confidence_interval":{"confidence_level":0.95,"lower_bound":56646.856298472296,"upper_bound":56685.159546373725},"point_estimate":56664.34553509679,"standard_error":9.764656789907335},"std_dev":{"confidence_interval":{"confidence_level":0.95,"lower_bound":91.98457854037837,"upper_bound":723.5476941680399},"point_estimate":432.1950679562628,"standard_error":214.2894903924326}}