{"mean":{"confidence_interval":{"confidence_level":0.95,"lower_bound":63736.93712376721,"upper_bound":64029.10309362812},"point_estimate":63873.3120418028,"standard_error":74.59356205343683},"median":{"confidence_interval":{"confidence_level":0.95,"lower_bound":63731.60997172784,"upper_bound":64017.33489583334},"point_estimate":63890.912163461544,"standard_error":75.82458161054413},"median_abs_dev":{"confidence_interval":{"confidence_level":0.95,"lower_bound":370.1711515862816,"upper_bound":594.4491096845911},"point_estimate":465.38556337498363,"standard_error":57.77522006375547},"slope":{"confidence_interval":{"confidence_level":0.95,"lower_bound":63732.33760933281,"upper_bound":63965.33476053321},"point_estimate":63853.7956189966,"standard_error":59.32640536714949},"std_dev":{"confidence_interval":{"confidence_level":0.95,"lower_bound":473.0984286905132,"upper_bound":1069.2931437238801},"point_estimate":749.975584614466,"standard_error":169.6603395030871}}