{"mean":{"confidence_interval":{"confidence_level":0.95,"lower_bound":2677.5068720160566,"upper_bound":2684.4793352728702},"point_estimate":2680.154216646819,"standard_error":1.8847965828455149},"median":{"confidence_interval":{"confidence_level":0.95,"lower_bound":2676.5268847795164,"upper_bound":2678.2902057739557},"point_estimate":2677.215466381015,"standard_error":0.43735122386241526},"median_abs_dev":{"confidence_interval":{"confidence_level":0.95,"lower_bound":3.1433116934755656,"upper_bound":5.083729939775967},"point_estimate":4.13483441983543,"standard_error":0.5219840176330566},"slope":{"confidence_interval":{"confidence_level":0.95,"lower_bound":2677.3926095143634,"upper_bound":2679.7634254645745},"point_estimate":2678.483733224432,"standard_error":0.6055443699710894},"std_dev":{"confidence_interval":{"confidence_level":0.95,"lower_bound":4.643715940931333,"upper_bound":31.460961896297572},"point_estimate":18.882141098137076,"standard_error":9.058757108248242}}