{"mean":{"confidence_interval":{"confidence_level":0.95,"lower_bound":2881075.065416666,"upper_bound":2887730.976694445},"point_estimate":2884346.0816666656,"standard_error":1694.8561762984236},"median":{"confidence_interval":{"confidence_level":0.95,"lower_bound":2874156.0555555555,"upper_bound":2889571.611111111},"point_estimate":2883138.75,"standard_error":4173.736787647898},"median_abs_dev":{"confidence_interval":{"confidence_level":0.95,"lower_bound":14833.779268314773,"upper_bound":23049.2816741264},"point_estimate":20137.37295915687,"standard_error":2088.453318389675},"slope":null,"std_dev":{"confidence_interval":{"confidence_level":0.95,"lower_bound":14608.26839562999,"upper_bound":19429.842008347},"point_estimate":17026.451009856686,"standard_error":1233.1321229333098}}