{"mean":{"confidence_interval":{"confidence_level":0.95,"lower_bound":15398726.551357144,"upper_bound":15436130.241821421},"point_estimate":15416817.587142857,"standard_error":9583.249365571452},"median":{"confidence_interval":{"confidence_level":0.95,"lower_bound":15374095.357142858,"upper_bound":15416919.285714285},"point_estimate":15400977.07142857,"standard_error":10872.161954884103},"median_abs_dev":{"confidence_interval":{"confidence_level":0.95,"lower_bound":65874.03483050427,"upper_bound":107290.04149521943},"point_estimate":89045.37801912813,"standard_error":10130.093279042881},"slope":null,"std_dev":{"confidence_interval":{"confidence_level":0.95,"lower_bound":75703.097822399,"upper_bound":119243.81491167612},"point_estimate":96591.65786366309,"standard_error":11441.671711393934}}