{"mean":{"confidence_interval":{"confidence_level":0.95,"lower_bound":447949636.29575,"upper_bound":449091898.00275},"point_estimate":448506738.41,"standard_error":291860.84271364455},"median":{"confidence_interval":{"confidence_level":0.95,"lower_bound":447025625.0,"upper_bound":447856571.0},"point_estimate":447373940.0,"standard_error":227198.27419464878},"median_abs_dev":{"confidence_interval":{"confidence_level":0.95,"lower_bound":1238534.90345411,"upper_bound":2514817.9512530565},"point_estimate":1717403.779309988,"standard_error":347844.4159031489},"slope":null,"std_dev":{"confidence_interval":{"confidence_level":0.95,"lower_bound":2516996.630900847,"upper_bound":3251121.658149921},"point_estimate":2927663.0708856056,"standard_error":186995.16661492857}}