{"mean":{"confidence_interval":{"confidence_level":0.95,"lower_bound":1483524.8926925384,"upper_bound":1484491.1228824619},"point_estimate":1483967.6004691494,"standard_error":246.7329169169583},"median":{"confidence_interval":{"confidence_level":0.95,"lower_bound":1483059.1764184397,"upper_bound":1483655.3070175438},"point_estimate":1483352.041532258,"standard_error":146.12589126709716},"median_abs_dev":{"confidence_interval":{"confidence_level":0.95,"lower_bound":1104.1259558918346,"upper_bound":1736.4248423348756},"point_estimate":1470.0467331697403,"standard_error":159.284508743645},"slope":{"confidence_interval":{"confidence_level":0.95,"lower_bound":1483319.7496095144,"upper_bound":1484212.7633350994},"point_estimate":1483743.7675410078,"standard_error":228.1645430408724},"std_dev":{"confidence_interval":{"confidence_level":0.95,"lower_bound":1578.368323320341,"upper_bound":3414.711364285586},"point_estimate":2470.1548408085787,"standard_error":503.3717365488239}}