{"mean":{"confidence_interval":{"confidence_level":0.95,"lower_bound":835851.110664285,"upper_bound":850928.1605251986},"point_estimate":842742.2377896421,"standard_error":3870.930674050423},"median":{"confidence_interval":{"confidence_level":0.95,"lower_bound":830994.431372549,"upper_bound":833475.7597222222},"point_estimate":831826.6887626263,"standard_error":722.0719165015701},"median_abs_dev":{"confidence_interval":{"confidence_level":0.95,"lower_bound":3888.756419627453,"upper_bound":6243.2835144151495},"point_estimate":4663.086919120754,"standard_error":615.0033711353806},"slope":{"confidence_interval":{"confidence_level":0.95,"lower_bound":830519.5903152294,"upper_bound":837701.3599208432},"point_estimate":833465.7385586917,"standard_error":1870.7743192548828},"std_dev":{"confidence_interval":{"confidence_level":0.95,"lower_bound":22377.90602063498,"upper_bound":51701.05568177211},"point_estimate":38905.51956201612,"standard_error":7490.9804157457675}}