{"mean":{"confidence_interval":{"confidence_level":0.95,"lower_bound":1162834.1469622366,"upper_bound":1411852.526525967},"point_estimate":1261866.6322286634,"standard_error":66411.2904507115},"median":{"confidence_interval":{"confidence_level":0.95,"lower_bound":1123230.3474264706,"upper_bound":1194231.2412913726},"point_estimate":1133497.1280487804,"standard_error":18132.202625214763},"median_abs_dev":{"confidence_interval":{"confidence_level":0.95,"lower_bound":19674.855037114423,"upper_bound":93633.35762260703},"point_estimate":38093.217269740984,"standard_error":22551.578198318515},"slope":{"confidence_interval":{"confidence_level":0.95,"lower_bound":1194057.8604955012,"upper_bound":1648617.4017566184},"point_estimate":1352947.285073149,"standard_error":127279.67694957524},"std_dev":{"confidence_interval":{"confidence_level":0.95,"lower_bound":60613.43288730993,"upper_bound":1065322.2964533658},"point_estimate":667533.1416934018,"standard_error":277089.80314526503}}