{"mean":{"confidence_interval":{"confidence_level":0.95,"lower_bound":70246.25396281939,"upper_bound":70443.5404933622},"point_estimate":70338.80589271779,"standard_error":50.236173628265114},"median":{"confidence_interval":{"confidence_level":0.95,"lower_bound":70265.832451099,"upper_bound":70374.07772153954},"point_estimate":70335.87424055829,"standard_error":30.38873368007599},"median_abs_dev":{"confidence_interval":{"confidence_level":0.95,"lower_bound":203.49558009412763,"upper_bound":385.1162928848942},"point_estimate":268.93526364785725,"standard_error":47.33372325906435},"slope":{"confidence_interval":{"confidence_level":0.95,"lower_bound":70182.16643484813,"upper_bound":70319.6275054885},"point_estimate":70250.48695342,"standard_error":35.14982503508357},"std_dev":{"confidence_interval":{"confidence_level":0.95,"lower_bound":340.0612427422125,"upper_bound":681.2580118644148},"point_estimate":506.6557192335112,"standard_error":90.49732132939387}}