{"mean":{"confidence_interval":{"confidence_level":0.95,"lower_bound":98373219.46025,"upper_bound":98684981.206375},"point_estimate":98527521.03,"standard_error":79701.88893297537},"median":{"confidence_interval":{"confidence_level":0.95,"lower_bound":98076469.0,"upper_bound":98523288.0},"point_estimate":98369491.5,"standard_error":120184.47258580767},"median_abs_dev":{"confidence_interval":{"confidence_level":0.95,"lower_bound":519141.27638339996,"upper_bound":1018663.6779651046},"point_estimate":808255.3136005998,"standard_error":137265.09194940588},"slope":null,"std_dev":{"confidence_interval":{"confidence_level":0.95,"lower_bound":690449.4939262382,"upper_bound":897288.2825556486},"point_estimate":801238.107023622,"standard_error":52854.345098271995}}