{"mean":{"confidence_interval":{"confidence_level":0.95,"lower_bound":55604117.27625,"upper_bound":55806780.108},"point_estimate":55704626.31,"standard_error":51698.755042066216},"median":{"confidence_interval":{"confidence_level":0.95,"lower_bound":55554466.75,"upper_bound":55833624.5},"point_estimate":55651594.0,"standard_error":88032.36650854525},"median_abs_dev":{"confidence_interval":{"confidence_level":0.95,"lower_bound":408815.4525920749,"upper_bound":720042.0977666974},"point_estimate":562928.01335603,"standard_error":76500.63061292507},"slope":null,"std_dev":{"confidence_interval":{"confidence_level":0.95,"lower_bound":449660.2634256497,"upper_bound":584125.1551818658},"point_estimate":518000.40677152824,"standard_error":34352.88625401049}}