{"mean":{"confidence_interval":{"confidence_level":0.95,"lower_bound":251368955.79625,"upper_bound":254234188.495},"point_estimate":252800840.75,"standard_error":730165.7538151281},"median":{"confidence_interval":{"confidence_level":0.95,"lower_bound":251023672.0,"upper_bound":254108483.0},"point_estimate":252705333.5,"standard_error":776202.305365528},"median_abs_dev":{"confidence_interval":{"confidence_level":0.95,"lower_bound":6533640.1720047,"upper_bound":10152216.97958462},"point_estimate":8718658.206912875,"standard_error":951356.4158516715},"slope":null,"std_dev":{"confidence_interval":{"confidence_level":0.95,"lower_bound":6449987.137904049,"upper_bound":8123735.652354405},"point_estimate":7337603.540807401,"standard_error":427000.1363644078}}