{"mean":{"confidence_interval":{"confidence_level":0.95,"lower_bound":2700.15194919218,"upper_bound":2708.3520342927204},"point_estimate":2703.136186156908,"standard_error":2.3734206411255476},"median":{"confidence_interval":{"confidence_level":0.95,"lower_bound":2698.9542590806814,"upper_bound":2700.7286543715845},"point_estimate":2699.736729117877,"standard_error":0.47101988348483487},"median_abs_dev":{"confidence_interval":{"confidence_level":0.95,"lower_bound":2.0987789114823623,"upper_bound":3.6972105875825556},"point_estimate":2.580646572691578,"standard_error":0.3885743498648189},"slope":{"confidence_interval":{"confidence_level":0.95,"lower_bound":2699.5556057696126,"upper_bound":2702.099684999869},"point_estimate":2700.6897603687453,"standard_error":0.6523987513379188},"std_dev":{"confidence_interval":{"confidence_level":0.95,"lower_bound":3.2916952645156017,"upper_bound":40.66732033485041},"point_estimate":23.953196252961046,"standard_error":12.979779407525639}}