{"mean":{"confidence_interval":{"confidence_level":0.95,"lower_bound":1012643.4998131073,"upper_bound":1015307.4297714011},"point_estimate":1013913.9925428024,"standard_error":679.2995594668017},"median":{"confidence_interval":{"confidence_level":0.95,"lower_bound":1011228.9115275142,"upper_bound":1013135.3506944445},"point_estimate":1011890.05,"standard_error":527.1128662147127},"median_abs_dev":{"confidence_interval":{"confidence_level":0.95,"lower_bound":3113.8311566096213,"upper_bound":5117.955286430974},"point_estimate":3987.8841438324666,"standard_error":523.9074599177062},"slope":{"confidence_interval":{"confidence_level":0.95,"lower_bound":1011890.6955016573,"upper_bound":1015326.734943901},"point_estimate":1013506.174244126,"standard_error":876.8601688638036},"std_dev":{"confidence_interval":{"confidence_level":0.95,"lower_bound":5010.411977132395,"upper_bound":8485.546313802522},"point_estimate":6831.982035970222,"standard_error":892.3815595606277}}