{"mean":{"confidence_interval":{"confidence_level":0.95,"lower_bound":109501.18472948678,"upper_bound":110170.90179948484},"point_estimate":109772.14590160397,"standard_error":175.52152648546013},"median":{"confidence_interval":{"confidence_level":0.95,"lower_bound":109152.7494454527,"upper_bound":109616.63269781598},"point_estimate":109386.46815089672,"standard_error":123.66701305942404},"median_abs_dev":{"confidence_interval":{"confidence_level":0.95,"lower_bound":368.8783452918628,"upper_bound":928.8465042872987},"point_estimate":651.8008633394115,"standard_error":152.11569678413687},"slope":{"confidence_interval":{"confidence_level":0.95,"lower_bound":109432.32377027451,"upper_bound":109848.92290986057},"point_estimate":109629.68054210448,"standard_error":106.12378380127001},"std_dev":{"confidence_interval":{"confidence_level":0.95,"lower_bound":680.847256026496,"upper_bound":2831.801551830458},"point_estimate":1762.7580723152723,"standard_error":710.596481726751}}