{"mean":{"confidence_interval":{"confidence_level":0.95,"lower_bound":16802010.952000003,"upper_bound":17111676.371416666},"point_estimate":16953732.85666666,"standard_error":79133.92435395723},"median":{"confidence_interval":{"confidence_level":0.95,"lower_bound":16583166.166666668,"upper_bound":16924562.666666664},"point_estimate":16766819.666666668,"standard_error":87330.27222515568},"median_abs_dev":{"confidence_interval":{"confidence_level":0.95,"lower_bound":467239.8991048336,"upper_bound":838620.8143115044},"point_estimate":660291.4655774818,"standard_error":90224.76663244926},"slope":null,"std_dev":{"confidence_interval":{"confidence_level":0.95,"lower_bound":668969.8162930204,"upper_bound":900405.8029443036},"point_estimate":795012.4638979064,"standard_error":59120.70151597189}}