{"mean":{"confidence_interval":{"confidence_level":0.95,"lower_bound":2140773.756968108,"upper_bound":2149665.0818822687},"point_estimate":2144266.970438285,"standard_error":2358.501041163869},"median":{"confidence_interval":{"confidence_level":0.95,"lower_bound":2138101.421686747,"upper_bound":2140711.4105263157},"point_estimate":2138669.656730769,"standard_error":568.8284869748246},"median_abs_dev":{"confidence_interval":{"confidence_level":0.95,"lower_bound":2774.177396934387,"upper_bound":6172.770148853162},"point_estimate":3852.2467438041467,"standard_error":856.5855078335215},"slope":{"confidence_interval":{"confidence_level":0.95,"lower_bound":2141073.4358698265,"upper_bound":2145142.4775133864},"point_estimate":2143015.1909561106,"standard_error":1034.7947811185027},"std_dev":{"confidence_interval":{"confidence_level":0.95,"lower_bound":7021.4094967846395,"upper_bound":38740.27794659689},"point_estimate":23621.58671277275,"standard_error":10470.793307576288}}